DateTime,平均價,新北市_降水量,臺中市_降水量,臺南市_降水量,高雄市_降水量,桃園市_降水量,新竹縣_降水量,苗栗縣_降水量,南投縣_降水量,彰化縣_降水量,雲林縣_降水量,嘉義市_降水量,屏東縣_降水量,宜蘭縣_降水量,花蓮縣_降水量,臺東縣_降水量,color,x,y
2013-01-01,39.81428571428571,7.5,0.0,0.0,0.0,1.0,4.0,1.5,0.0,0.0,0.0,0.0,0.0,6.799999999999999,0.0,0.0,"rgb(78,246,177)",9,177
2013-01-02,35.4,2.0,0.4,0.0,0.0,0.5,0.0,0.0,0.5,0.0,0.5,0.0,0.0,0.1,0.5,0.4,"rgb(76,242,179)",13,179
2013-01-03,38.68571428571429,18.5,3.6000000000000005,2.0,0.0,13.0,3.5,3.0,2.5,2.0,2.0,2.5,0.0,11.099999999999998,3.5,0.1,"rgb(95,234,160)",21,160
2013-01-04,37.957142857142856,10.0,0.0,0.0,0.0,6.0,0.5,4.0,0.0,0.0,0.0,0.0,0.0,54.39999999999999,0.0,0.0,"rgb(89,213,166)",42,166
2013-01-05,38.3,8.5,0.0,0.0,0.0,4.0,2.0,0.5,0.0,0.0,0.0,0.0,0.0,6.6000000000000005,0.0,0.0,"rgb(77,223,178)",32,178
2013-01-06,37.871428571428574,5.0,0.0,0.0,0.0,0.0,0.0,0.0,0.0,0.0,0.0,0.0,0.0,8.4,0.0,0.0,"rgb(75,225,180)",30,180
2013-01-07,32.15,2.0,0.0,0.0,0.0,1.0,0.5,0.0,0.0,0.0,0.0,0.0,0.0,0.3,0.0,0.0,"rgb(49,227,206)",28,206
2013-01-08,36.3,7.5,0.1,0.0,0.0,22.0,10.5,7.5,0.5,0.0,3.5,0.0,0.0,2.3000000000000003,4.5,0.0,"rgb(69,190,186)",65,186
2013-01-09,36.3,21.0,0.6,3.5,0.0,15.5,8.0,6.0,3.0,0.5,7.0,0.5,0.0,5.3,0.0,0.0,"rgb(74,192,181)",63,181
2013-01-10,36.82857142857142,7.5,0.0,0.0,0.0,1.5,0.0,0.0,0.5,0.0,1.5,0.5,0.0,36.5,0.5,0.0,"rgb(89,216,166)",39,166
2013-01-11,37.04285714285713,2.0,0.2,0.0,0.0,0.0,0.0,0.0,0.5,0.0,0.5,0.0,0.0,18.9,1.0,0.0,"rgb(89,224,166)",31,166
2013-01-12,36.74285714285714,31.5,1.1,0.0,0.0,18.0,5.0,5.0,0.5,1.0,0.5,0.0,1.5,17.0,11.0,5.799999999999999,"rgb(73,191,182)",64,182
2013-01-13,37.28333333333333,14.5,5.1000000000000005,3.5,0.0,13.5,10.5,9.0,12.0,6.5,5.5,11.6,24.0,2.8000000000000003,24.0,17.5,"rgb(65,183,190)",72,190
2013-01-14,38.0,0.0,0.0,0.0,0.0,0.0,0.0,0.0,0.0,0.0,0.0,0.0,0.5,0.0,0.0,0.0,"rgb(84,237,171)",18,171
2013-01-15,36.04285714285713,0.0,0.0,0.0,0.0,0.0,0.0,0.0,0.0,0.0,0.0,0.0,0.0,0.0,0.0,0.0,"rgb(77,252,178)",3,178
2013-01-16,35.957142857142856,9.0,0.0,0.0,0.0,0.0,0.0,0.0,0.0,0.0,0.0,0.0,0.0,5.799999999999999,0.0,0.0,"rgb(74,251,181)",4,181
2013-01-17,33.025,6.0,0.0,0.0,0.0,0.0,0.0,0.0,0.0,0.0,0.0,0.0,0.0,4.0,2.0,0.0,"rgb(95,240,160)",15,160
2013-01-18,34.3,0.0,0.0,0.0,0.0,0.0,0.0,0.0,0.0,0.0,0.0,0.0,0.0,0.0,0.5,0.0,"rgb(91,247,164)",8,164
2013-01-19,33.51428571428572,0.0,0.0,0.0,0.0,0.0,0.0,0.0,0.0,0.0,0.0,0.0,0.0,0.0,0.0,0.0,"rgb(76,254,179)",1,179
2013-01-20,33.00000000000001,0.0,0.0,0.0,0.0,0.0,0.0,0.0,0.0,0.0,0.0,0.0,2.6,0.4,0.0,44.0,"rgb(62,250,193)",5,193
2013-01-21,35.0,0.0,0.0,0.0,0.0,0.0,0.0,0.0,0.0,0.0,0.0,0.0,2.5,0.0,0.0,10.0,"rgb(63,247,192)",8,192
2013-01-22,34.371428571428574,0.0,0.0,0.0,0.0,0.0,0.0,0.0,0.0,0.0,0.0,0.0,1.0,0.2,0.0,2.0,"rgb(61,244,194)",11,194
2013-01-23,32.5125,0.5,0.0,0.0,0.0,0.0,0.0,0.0,0.0,0.0,0.0,0.0,0.0,0.0,0.0,0.0,"rgb(71,240,184)",15,184
2013-01-24,34.128571428571426,0.0,0.0,0.0,0.0,0.0,0.0,0.0,0.0,0.0,0.0,0.0,0.5,0.1,0.5,0.5,"rgb(64,239,191)",16,191
2013-01-25,34.51428571428571,0.5,0.0,0.0,0.0,0.0,0.0,0.0,0.0,0.0,0.0,0.0,0.0,2.8999999999999995,7.5,0.0,"rgb(85,232,170)",23,170
2013-01-26,33.68571428571429,2.0,0.0,0.0,0.0,0.0,0.0,0.0,0.0,0.0,0.0,0.0,0.0,3.3999999999999995,0.0,0.0,"rgb(71,243,184)",12,184
2013-01-27,34.050000000000004,6.5,0.1,0.0,0.0,1.5,1.0,0.0,0.0,0.0,0.5,0.0,0.0,8.0,0.5,0.0,"rgb(94,235,161)",20,161
2013-01-28,38.0,0.0,0.0,0.0,0.0,0.0,0.0,0.0,0.0,0.0,0.0,0.0,0.0,0.0,0.0,0.0,"rgb(85,251,170)",4,170
2013-01-29,34.8,0.0,0.0,0.0,0.0,0.0,0.0,0.0,0.0,0.0,0.0,0.0,0.0,0.0,0.0,0.0,"rgb(75,253,180)",2,180
2013-01-30,31.08571428571429,0.0,0.0,0.0,0.0,0.0,0.0,0.0,0.0,0.0,0.0,0.0,4.5,0.0,0.0,0.0,"rgb(77,253,178)",2,178
2013-01-31,33.5,0.0,0.0,0.0,0.0,0.0,0.0,0.0,0.0,0.0,0.0,0.0,0.0,0.0,0.0,0.0,"rgb(72,253,183)",2,183
2013-02-01,33.41428571428572,0.0,0.0,0.0,0.0,0.0,0.0,0.0,0.0,0.0,0.0,0.0,0.5,0.0,0.0,0.7000000000000001,"rgb(65,247,190)",8,190
2013-02-02,33.785714285714285,0.5,0.0,0.0,0.0,0.0,0.0,0.0,0.0,0.0,0.0,0.0,2.5,16.3,15.5,50.60000000000001,"rgb(59,246,196)",9,196
2013-02-03,34.957142857142856,1.0,1.1,1.0,0.0,0.5,0.5,0.5,0.5,3.5,0.5,2.5,6.5,0.2,4.5,19.4,"rgb(62,246,193)",9,193
2013-02-04,35.75,0.0,0.0,0.0,0.0,0.0,0.0,0.0,0.0,0.0,0.0,0.0,0.0,0.0,6.0,1.5,"rgb(55,236,200)",19,200
2013-02-05,33.785714285714285,0.0,0.0,0.0,0.0,1.5,0.5,0.0,0.0,0.0,0.0,0.0,0.0,0.0,4.0,0.1,"rgb(54,235,201)",20,201
2013-02-06,32.32857142857143,0.5,0.0,0.0,0.0,0.0,0.0,0.0,0.0,0.0,0.0,0.0,0.0,17.3,1.5,2.4,"rgb(70,213,185)",42,185
2013-02-07,31.114285714285717,10.0,0.0,0.0,0.0,0.0,0.0,0.0,0.0,0.0,0.0,0.0,0.0,29.7,7.0,1.4,"rgb(77,211,178)",44,178
2013-02-08,32.65714285714286,9.5,0.0,0.0,0.0,1.0,0.0,0.0,2.0,0.0,0.0,1.0,0.0,6.200000000000001,2.0,0.5,"rgb(92,232,163)",23,163
2013-02-09,33.75714285714286,1.5,0.0,0.0,0.0,1.0,0.0,0.0,0.0,0.0,0.0,0.0,0.0,0.0,0.0,0.0,"rgb(84,246,171)",9,171
2013-02-15,32.957142857142856,2.0,0.0,0.0,0.0,1.5,0.0,0.0,0.0,0.0,0.0,0.0,0.0,0.0,3.0,1.3,"rgb(72,221,183)",34,183
2013-02-16,33.142857142857146,0.5,0.0,0.0,0.0,0.0,0.0,0.0,0.0,0.0,0.0,0.0,0.0,0.0,0.0,0.0,"rgb(83,230,172)",25,172
2013-02-17,33.81428571428571,0.0,0.0,0.0,0.0,0.0,0.0,0.0,0.0,0.0,0.0,0.0,0.0,0.0,1.0,1.2,"rgb(47,226,208)",29,208
2013-02-18,31.5,0.0,0.0,0.0,0.0,0.0,0.0,0.0,0.0,0.0,0.0,0.0,0.0,0.0,0.0,0.0,"rgb(39,208,216)",47,216
2013-02-19,30.02222222222223,2.0,0.0,0.0,0.0,2.0,0.0,0.0,0.0,0.0,0.0,0.0,0.5,0.0,0.0,0.0,"rgb(72,221,183)",34,183
2013-02-20,30.85,4.0,0.0,0.0,0.0,0.5,0.0,0.0,0.0,0.0,0.0,0.0,0.0,1.9,0.5,0.0,"rgb(90,232,165)",23,165
2013-02-21,34.114285714285714,8.5,0.0,0.0,0.0,1.0,2.5,1.0,0.0,0.0,0.0,0.0,0.0,22.6,0.0,0.5,"rgb(89,223,166)",32,166
2013-02-22,30.275,6.5,0.0,0.0,0.0,4.0,0.5,1.0,0.0,0.0,0.0,0.0,0.0,1.1,10.0,6.700000000000001,"rgb(87,237,168)",18,168
2013-02-23,30.2875,4.5,0.0,0.0,0.0,0.5,0.0,0.0,0.0,0.0,0.0,0.0,0.0,14.5,0.0,0.0,"rgb(93,229,162)",26,162
2013-02-24,30.6875,1.5,0.0,0.0,0.0,0.0,0.0,0.0,0.0,0.0,0.0,0.0,0.5,6.0,5.5,0.2,"rgb(73,254,182)",1,182
2013-02-26,32.55,0.0,0.0,0.0,0.0,0.5,0.0,0.0,0.0,0.0,0.0,0.0,0.0,0.0,2.5,3.4,"rgb(49,229,206)",26,206
2013-02-27,29.775,11.0,0.0,0.0,0.0,25.0,7.5,0.5,0.0,0.0,0.0,0.0,0.0,5.6000000000000005,0.0,0.0,"rgb(64,192,191)",63,191
2013-02-28,32.57142857142857,0.0,0.0,0.0,0.0,0.0,0.0,0.0,0.0,0.0,0.0,0.0,0.0,0.0,0.0,1.0,"rgb(46,224,209)",31,209
2013-03-01,28.375,2.5,0.7000000000000001,0.0,0.0,3.0,0.5,0.0,0.0,0.0,0.0,0.0,0.0,6.200000000000001,0.0,0.0,"rgb(58,209,197)",46,197
2013-03-02,31.42857142857143,7.0,2.1,0.0,1.5,4.0,0.5,0.0,1.0,0.0,3.5,0.0,0.5,0.0,0.5,0.0,"rgb(93,237,162)",18,162
2013-03-03,31.000000000000004,0.5,0.1,0.0,0.5,0.0,0.0,0.5,0.5,0.0,0.5,0.0,0.0,0.0,0.0,0.0,"rgb(91,246,164)",9,164
2013-03-04,35.0,0.0,0.0,0.0,0.0,0.0,0.0,0.0,0.5,0.0,0.5,0.0,0.0,0.0,1.0,0.0,"rgb(88,247,167)",8,167
2013-03-05,30.82857142857143,0.0,0.0,0.0,0.0,0.0,0.0,0.0,0.0,0.0,0.0,0.0,0.0,0.0,0.0,0.0,"rgb(74,255,181)",0,181
2013-03-06,29.67142857142857,0.0,0.0,0.0,0.0,0.0,0.0,0.0,0.0,0.0,0.0,0.0,0.0,0.0,0.0,0.0,"rgb(69,251,186)",4,186
2013-03-07,30.085714285714282,0.0,0.0,0.0,0.0,0.0,0.0,0.0,0.0,0.0,0.0,0.0,0.0,0.0,0.0,0.0,"rgb(61,242,194)",13,194
2013-03-08,29.275,0.0,0.0,0.0,0.0,0.0,0.0,0.0,0.0,0.0,0.0,0.0,0.0,0.0,0.0,0.0,"rgb(50,231,205)",24,205
2013-03-09,32.42857142857143,0.0,0.0,0.0,0.0,0.0,0.0,0.0,0.0,0.0,0.0,0.0,0.0,0.0,0.0,0.0,"rgb(48,224,207)",31,207
2013-03-10,31.8,0.0,0.0,0.0,0.0,0.0,0.0,0.0,0.0,0.0,0.0,0.0,0.0,0.0,0.0,0.0,"rgb(57,211,198)",44,198
2013-03-11,26.8,0.0,0.0,0.0,0.0,0.0,0.0,0.0,0.0,0.0,0.0,0.0,0.0,0.0,0.0,0.0,"rgb(71,220,184)",35,184
2013-03-12,32.2125,0.0,0.0,0.0,0.0,0.0,0.0,0.0,0.0,0.0,0.0,0.0,0.0,0.0,0.0,0.0,"rgb(48,222,207)",33,207
2013-03-13,33.06666666666666,0.5,0.3,0.0,0.0,0.5,0.0,0.0,0.0,0.0,0.0,0.0,0.0,0.7000000000000001,2.0,0.0,"rgb(54,209,201)",46,201
2013-03-14,33.24285714285715,1.0,0.0,0.0,0.0,0.0,0.0,0.0,0.0,0.0,0.0,0.0,0.0,0.0,0.0,0.0,"rgb(88,234,167)",21,167
2013-03-15,34.2,0.5,0.4,0.0,0.0,0.0,0.0,1.5,0.0,0.0,0.0,0.0,0.0,0.7000000000000001,0.0,0.0,"rgb(72,250,183)",5,183
2013-03-16,33.114285714285714,0.0,0.0,0.0,0.0,0.0,0.0,0.0,0.0,0.0,0.0,0.0,0.0,0.0,0.5,0.0,"rgb(60,242,195)",13,195
2013-03-17,33.285714285714285,0.0,0.0,0.0,0.0,0.0,0.0,0.0,0.0,0.0,0.0,0.0,0.0,0.0,0.0,0.0,"rgb(38,207,217)",48,217
2013-03-18,36.0,0.0,18.5,0.0,0.0,1.5,2.0,5.0,0.0,8.0,8.0,28.0,0.0,0.1,0.0,0.2,"rgb(46,187,209)",68,209
2013-03-19,33.142857142857146,0.0,0.0,0.0,0.0,3.0,2.0,0.0,0.0,0.0,0.5,0.0,0.0,0.3,0.0,0.0,"rgb(32,202,223)",53,223
2013-03-20,33.042857142857144,1.0,0.3,0.0,0.0,1.0,0.0,1.5,0.0,0.0,0.0,0.0,0.0,0.1,0.0,0.0,"rgb(35,203,220)",52,220
2013-03-21,32.15714285714285,1.5,0.7999999999999999,0.0,0.0,0.0,0.0,0.0,0.0,0.0,1.0,3.0,0.0,3.5,0.0,0.0,"rgb(61,207,194)",48,194
2013-03-22,32.371428571428574,0.0,0.0,0.0,0.0,0.0,0.0,0.0,0.0,0.0,0.0,0.0,0.0,0.0,0.0,0.7000000000000001,"rgb(35,205,220)",50,220
2013-03-23,32.714285714285715,0.0,0.0,0.0,0.0,0.0,0.0,0.0,0.0,0.0,0.0,0.0,0.0,0.0,0.0,0.0,"rgb(30,202,225)",53,225
2013-03-24,33.98571428571428,2.5,5.6000000000000005,0.0,0.0,13.0,6.5,4.0,2.0,1.0,0.5,0.5,0.0,0.1,0.0,0.0,"rgb(38,192,217)",63,217
2013-03-25,31.16666666666667,0.5,0.0,0.0,0.0,0.0,0.0,0.0,0.0,0.0,0.0,0.0,0.0,0.9,4.0,0.10000000000000002,"rgb(63,210,192)",45,192
2013-03-26,33.0,3.0,2.0,0.0,0.0,13.0,11.5,15.0,2.0,2.0,1.0,0.4,0.0,2.5,0.0,0.0,"rgb(63,188,192)",67,192
2013-03-27,33.78333333333333,0.5,11.7,2.5,7.5,6.0,4.5,3.5,12.0,11.5,13.0,8.5,3.0,1.5,4.0,0.0,"rgb(55,188,200)",67,200
2013-03-28,33.25714285714285,23.5,18.7,0.0,0.0,16.0,20.0,28.5,21.5,17.5,4.0,0.5,0.0,8.6,2.0,0.0,"rgb(64,175,191)",80,191
2013-03-29,33.01428571428572,2.5,0.4,0.0,0.5,6.0,2.5,1.5,2.0,0.0,2.0,0.5,0.0,0.4,2.5,0.0,"rgb(58,201,197)",54,197
2013-03-30,33.32857142857143,0.5,0.0,0.0,0.0,11.0,1.0,0.5,0.0,0.0,0.0,0.0,0.0,0.0,0.0,0.0,"rgb(57,200,198)",55,198
2013-03-31,32.52857142857143,16.0,1.1,2.5,13.0,17.0,16.5,10.5,0.5,1.0,1.5,1.0,0.0,9.8,5.5,4.5,"rgb(67,189,188)",66,188
2013-04-01,33.19,13.0,11.6,0.0,0.0,7.0,8.0,20.0,11.0,11.5,4.0,0.5,0.0,11.1,0.5,0.0,"rgb(61,184,194)",71,194
2013-04-02,32.3375,5.0,2.6,0.0,0.0,0.0,8.5,3.0,3.0,2.0,0.0,0.0,0.0,0.0,4.5,0.0,"rgb(59,203,196)",52,196
2013-04-03,32.4,18.0,16.400000000000002,19.5,0.0,10.0,24.0,23.0,13.5,6.0,17.5,21.5,0.0,18.8,35.5,0.0,"rgb(64,180,191)",75,191
2013-04-05,32.0,39.5,98.8,49.0,15.5,36.0,31.5,44.0,113.0,161.5,95.0,88.4,0.0,11.6,7.5,3.3,"rgb(70,156,185)",99,185
2013-04-06,32.457142857142856,6.5,1.3,5.0,51.5,5.5,8.0,11.0,7.5,1.0,18.0,6.0,76.0,1.4,22.0,13.2,"rgb(43,151,212)",104,212
2013-04-07,29.3375,0.0,0.0,0.0,0.0,0.0,0.0,0.0,0.0,0.0,0.0,0.0,0.0,0.0,4.0,1.0,"rgb(74,223,181)",32,181
2013-04-08,33.0,0.0,0.0,0.0,0.0,0.0,0.0,0.0,0.0,0.0,0.0,0.0,0.0,0.0,0.0,0.5,"rgb(46,224,209)",31,209
2013-04-09,31.271428571428572,11.0,17.3,9.0,0.0,18.5,11.0,5.0,11.5,18.0,12.0,6.5,0.0,10.4,22.5,1.5,"rgb(64,182,191)",73,191
2013-04-10,31.12857142857143,6.0,2.6,0.0,0.0,2.0,2.0,2.0,3.0,0.5,4.0,0.5,0.0,3.3999999999999995,3.0,0.0,"rgb(75,220,180)",35,180
2013-04-11,31.883333333333336,23.0,5.5,0.0,0.0,33.5,33.5,18.5,0.5,2.0,1.5,0.0,0.0,30.1,1.5,0.0,"rgb(72,186,183)",69,183
2013-04-12,31.628571428571423,31.5,8.1,0.0,0.0,35.5,31.5,28.5,7.5,6.0,5.0,1.5,0.0,36.4,1.0,0.7000000000000001,"rgb(73,185,182)",70,182
2013-04-13,30.585714285714282,1.5,0.4,0.0,0.0,1.0,0.5,0.0,2.0,0.5,0.0,0.0,0.0,0.2,1.0,0.0,"rgb(50,229,205)",26,205
2013-04-14,31.8,5.5,15.5,0.0,0.0,23.0,28.5,31.5,10.5,7.0,3.5,1.5,0.0,1.6,1.0,0.0,"rgb(65,177,190)",78,190
2013-04-15,33.0,0.0,0.0,0.0,0.0,0.0,0.5,0.0,0.5,0.0,0.0,0.0,0.0,0.0,0.0,0.0,"rgb(33,205,222)",50,222
2013-04-16,31.4,0.0,0.0,0.0,0.0,0.0,0.0,0.0,0.0,0.0,0.0,0.0,0.0,0.0,0.0,0.0,"rgb(28,199,227)",56,227
2013-04-17,32.0875,0.5,0.6,0.0,0.0,0.0,0.0,4.0,0.0,0.0,0.0,0.0,0.0,0.1,0.0,0.0,"rgb(17,183,238)",72,238
2013-04-18,30.328571428571426,3.0,0.7000000000000001,0.0,0.0,0.5,2.5,0.5,1.0,1.0,1.0,1.0,0.0,0.0,0.0,0.3,"rgb(20,180,235)",75,235
2013-04-19,32.6125,20.0,1.3,0.5,0.5,17.0,4.5,1.0,1.5,0.5,1.0,1.0,0.0,4.2,2.0,0.6,"rgb(37,190,218)",65,218
2013-04-20,30.757142857142863,6.5,4.5,1.0,0.0,22.5,13.0,21.5,4.5,10.5,32.0,4.5,0.0,3.7,2.5,0.1,"rgb(62,171,193)",84,193
2013-04-21,31.4875,8.5,0.1,6.5,0.5,8.5,19.0,6.5,0.5,0.0,3.5,0.2,0.0,2.0,0.5,0.0,"rgb(67,194,188)",61,188
2013-04-22,32.0,0.0,0.0,0.0,0.0,0.0,0.0,0.0,0.5,0.0,0.5,0.0,0.0,0.0,0.0,0.0,"rgb(52,228,203)",27,203
2013-04-23,32.614285714285714,0.0,0.0,0.0,0.0,0.0,0.0,0.0,0.0,0.0,0.0,0.0,0.0,0.0,0.0,2.2,"rgb(39,207,216)",48,216
2013-04-24,34.77777777777778,6.0,0.0,0.0,0.0,0.0,0.0,0.0,0.0,0.0,0.0,0.0,0.0,4.4,0.0,0.3,"rgb(33,200,222)",55,222
2013-04-25,36.5,7.5,18.3,0.0,0.0,15.0,41.5,10.5,15.0,10.5,27.0,4.9,0.0,11.599999999999998,8.5,1.5,"rgb(63,175,192)",80,192
2013-04-26,35.80000000000001,2.0,4.8,4.0,5.0,0.5,15.5,0.0,6.5,4.0,2.0,0.5,0.5,0.0,1.5,14.1,"rgb(56,204,199)",51,199
2013-04-27,35.0,26.5,13.0,5.5,13.5,14.5,8.5,2.5,46.5,4.5,64.0,15.0,3.0,9.2,6.0,4.6000000000000005,"rgb(63,156,192)",99,192
2013-04-28,35.82857142857143,1.0,10.3,0.5,0.5,3.0,0.0,4.0,6.5,5.5,5.0,0.4,0.0,3.5,0.5,1.1,"rgb(51,193,204)",62,204
2013-04-29,33.0,0.5,0.0,0.0,0.0,0.0,0.0,0.0,0.0,0.0,0.0,0.0,0.0,0.0,0.0,0.0,"rgb(35,204,220)",51,220
2013-04-30,35.32857142857143,5.0,0.0,0.0,0.0,26.0,13.5,8.5,0.0,0.0,0.0,0.0,0.0,1.9,0.0,0.0,"rgb(35,192,220)",63,220
2013-05-01,34.7375,21.5,18.5,1.0,23.5,38.5,24.0,18.0,11.5,13.0,34.5,60.5,78.0,11.0,10.5,42.7,"rgb(59,164,196)",91,196
2013-05-02,34.1875,0.0,1.6,5.0,11.0,0.0,0.0,0.0,5.0,0.5,11.5,8.0,0.5,0.0,0.0,0.0,"rgb(51,198,204)",57,204
2013-05-03,33.925,0.0,3.0,0.5,0.5,0.5,0.0,3.5,6.0,5.0,10.0,2.4,0.5,0.0,0.0,0.0,"rgb(51,194,204)",61,204
2013-05-04,34.2875,0.0,0.0,0.0,0.0,0.0,0.0,0.0,0.5,0.0,1.0,0.0,0.0,3.1000000000000005,1.0,0.0,"rgb(44,211,211)",44,211
2013-05-05,33.75,0.0,0.0,0.0,0.0,0.0,0.0,0.0,2.5,0.0,4.0,0.0,0.5,6.5,6.0,15.8,"rgb(42,213,213)",42,213
2013-05-06,36.0,3.0,0.0,0.0,3.0,0.0,0.0,0.0,0.0,0.0,38.0,0.0,1.0,8.0,58.0,191.0,"rgb(41,159,214)",96,214
2013-05-07,34.7125,0.0,0.0,0.0,0.0,0.0,0.0,0.0,0.0,0.0,0.0,0.0,0.0,7.0,4.5,5.5,"rgb(36,205,219)",50,219
2013-05-08,34.912499999999994,4.5,0.4,0.0,0.0,0.0,0.0,0.5,9.0,0.0,0.0,0.0,0.0,0.0,1.5,4.3,"rgb(35,200,220)",55,220
2013-05-09,33.21111111111111,0.5,0.1,0.0,0.0,0.0,0.0,0.0,0.0,0.0,0.0,0.0,0.0,0.0,3.5,0.5,"rgb(28,196,227)",59,227
2013-05-10,34.225,20.0,0.0,0.0,0.0,0.0,0.0,0.0,0.0,0.0,0.0,0.0,0.0,7.0,0.0,0.0,"rgb(29,181,226)",74,226
2013-05-11,36.06666666666667,52.0,33.4,0.0,0.0,194.5,88.5,91.0,39.0,8.5,38.0,10.0,0.0,25.4,13.5,0.0,"rgb(70,169,185)",86,185
2013-05-12,32.849999999999994,49.0,13.5,12.5,2.0,44.0,45.5,33.5,34.0,33.0,20.5,10.0,10.0,49.5,8.0,3.1000000000000005,"rgb(69,170,186)",85,186
2013-05-13,32.5,1.0,17.6,7.0,2.0,0.5,5.5,5.5,22.5,28.0,18.5,19.6,32.5,10.6,0.5,0.0,"rgb(35,146,220)",109,220
2013-05-14,33.7875,0.0,0.1,0.0,0.0,0.0,0.0,0.0,46.0,0.0,16.0,0.0,0.0,0.0,54.0,4.5,"rgb(35,164,220)",91,220
2013-05-15,33.45,14.0,0.2,0.0,0.0,12.0,7.5,7.0,3.0,0.0,1.5,0.0,0.0,5.4,1.0,0.0,"rgb(29,183,226)",72,226
2013-05-16,33.4875,0.5,3.8,9.0,9.0,4.0,1.5,1.5,8.5,5.5,9.0,13.0,21.0,0.6,3.5,11.3,"rgb(32,147,223)",108,223
2013-05-17,31.5125,9.0,73.8,83.0,32.0,47.0,18.0,15.5,78.5,66.0,111.5,55.5,64.0,10.1,15.0,26.2,"rgb(69,156,186)",99,186
2013-05-18,32.175,0.5,0.7999999999999999,58.5,183.5,0.0,0.0,4.0,0.0,2.5,6.0,0.0,17.0,0.0,0.5,0.0,"rgb(42,150,213)",105,213
2013-05-19,32.56666666666666,0.0,55.10000000000001,10.5,3.0,1.5,0.5,1.5,67.5,43.0,102.5,41.0,10.0,0.0,3.5,0.5,"rgb(66,154,189)",101,189
2013-05-20,31.0,36.0,59.8,33.0,24.5,43.5,35.5,68.0,46.0,46.5,49.5,50.6,8.0,1.1,8.5,5.3,"rgb(68,164,187)",91,187
2013-05-21,31.175,49.0,49.3,14.5,26.0,12.0,35.0,55.0,74.0,25.0,146.0,97.5,29.0,25.0,4.0,5.3,"rgb(66,156,189)",99,189
2013-05-22,31.08888888888889,50.5,10.4,6.0,30.5,35.5,46.5,43.0,9.5,2.0,35.5,2.5,13.5,10.0,3.0,0.0,"rgb(66,171,189)",84,189
2013-05-23,31.444444444444446,6.5,15.0,0.5,0.5,1.0,0.5,0.0,13.5,13.0,13.0,4.0,2.0,35.30000000000001,0.5,0.1,"rgb(32,173,223)",82,223
2013-05-24,30.885714285714283,2.5,0.0,0.0,0.0,0.0,3.0,5.5,0.0,0.0,2.5,0.0,0.0,14.8,44.5,4.2,"rgb(34,167,221)",88,221
2013-05-25,31.014285714285712,0.0,0.0,0.0,0.0,0.0,0.0,0.0,9.0,0.0,3.5,0.0,0.0,0.1,10.0,0.5,"rgb(22,171,233)",84,233
2013-05-26,29.45555555555555,0.0,0.0,0.0,0.0,0.0,0.0,0.0,0.5,0.0,40.5,2.1,0.0,0.0,0.0,0.1,"rgb(22,155,233)",100,233
2013-05-27,30.0,12.0,0.0,0.0,0.0,0.0,0.0,0.0,0.0,0.0,0.0,0.0,0.0,0.0,0.0,0.0,"rgb(25,176,230)",79,230
2013-05-28,28.33,0.0,0.0,3.0,0.0,0.0,0.0,0.0,0.0,0.0,0.0,0.0,0.0,0.0,6.0,0.0,"rgb(17,163,238)",92,238
2013-05-29,26.722222222222218,17.0,0.0,0.0,0.0,0.0,0.0,0.0,0.0,0.0,4.5,0.0,0.0,0.0,0.0,0.0,"rgb(24,174,231)",81,231
2013-05-30,24.76,0.0,0.0,0.0,0.0,0.0,0.0,0.0,0.0,0.0,0.5,0.0,0.0,0.0,9.0,0.0,"rgb(20,165,235)",90,235
2013-05-31,24.422222222222228,0.0,0.0,0.0,0.0,0.0,0.0,0.0,0.0,0.0,0.0,0.0,0.0,0.0,0.0,1.0,"rgb(15,160,240)",95,240
2013-06-01,22.73333333333333,0.0,0.0,0.0,0.0,0.0,0.0,0.0,0.0,0.0,0.0,0.0,0.0,0.0,0.0,0.0,"rgb(9,156,246)",99,246
2013-06-02,21.07,0.0,0.0,0.0,0.0,0.0,0.0,0.0,0.0,0.0,0.0,0.0,0.0,0.0,0.0,0.0,"rgb(6,154,249)",101,249
2013-06-03,27.5,0.0,0.0,0.0,0.0,0.0,0.0,0.0,0.0,0.0,0.5,0.0,0.0,0.1,0.5,0.0,"rgb(10,160,245)",95,245
2013-06-04,22.02222222222223,37.0,4.9,1.0,6.0,0.0,0.0,0.0,39.5,0.5,18.5,14.5,0.0,11.5,27.5,0.0,"rgb(57,140,198)",115,198
2013-06-05,20.88888888888889,5.5,1.2,0.0,0.0,5.5,0.5,1.5,3.0,0.5,1.0,0.0,0.0,11.2,9.5,8.5,"rgb(24,168,231)",87,231
2013-06-06,20.37777777777778,10.0,0.0,0.0,0.0,0.0,0.0,0.0,5.5,0.0,9.0,0.0,0.0,6.4,30.0,0.0,"rgb(31,167,224)",88,224
2013-06-07,21.11111111111111,19.5,0.0,0.0,0.0,0.0,0.0,0.0,0.0,0.0,14.0,0.0,0.0,0.0,0.5,0.0,"rgb(21,162,234)",93,234
2013-06-08,20.288888888888884,0.0,0.0,0.0,0.0,0.0,0.0,0.0,0.0,0.0,0.0,0.0,0.0,0.5,0.0,0.0,"rgb(1,154,254)",101,254
2013-06-09,19.855555555555554,12.0,2.3000000000000003,0.0,0.0,0.0,0.0,0.0,3.0,2.0,0.0,0.0,0.0,35.0,0.0,0.0,"rgb(0,155,255)",100,255
2013-06-10,21.7,19.5,14.4,32.5,6.0,2.5,32.0,23.5,10.0,23.0,0.0,0.5,0.5,0.5,0.5,0.0,"rgb(25,143,230)",112,230
2013-06-11,19.51111111111111,22.5,1.3,0.0,0.0,3.0,15.5,0.5,43.0,3.5,4.0,0.5,0.0,3.3000000000000003,10.0,0.0,"rgb(58,136,197)",119,197
2013-06-12,18.7625,14.0,17.8,3.0,0.0,21.0,25.0,49.5,34.0,32.5,16.5,1.0,12.0,7.0,1.0,37.2,"rgb(65,168,190)",87,190
2013-06-14,20.0,1.0,5.0,1.5,2.5,0.5,4.0,2.5,8.5,3.5,14.0,28.7,28.5,2.5,80.0,100.5,"rgb(41,159,214)",96,214
2013-06-15,17.01111111111111,0.0,0.1,26.0,0.0,0.0,0.5,0.0,2.0,0.0,15.0,1.0,6.0,0.0,13.0,12.7,"rgb(21,144,234)",111,234
2013-06-16,15.39,0.5,0.0,0.0,0.0,0.0,0.0,0.0,12.0,0.0,6.0,0.0,0.0,0.7000000000000001,0.0,0.0,"rgb(9,144,246)",111,246
2013-06-17,17.0,1.0,0.1,0.0,0.0,0.5,0.0,0.0,0.0,0.0,0.5,0.0,0.0,0.0,1.0,7.5,"rgb(4,152,251)",103,251
2013-06-18,15.409090909090908,0.0,0.0,0.0,0.0,0.0,0.0,0.0,16.5,0.0,23.0,0.0,0.0,0.0,0.0,1.6,"rgb(4,148,251)",107,251
2013-06-19,13.511111111111115,0.0,0.0,0.0,0.0,0.0,0.0,0.0,0.0,0.0,0.0,0.0,0.0,0.0,0.0,0.0,"rgb(1,152,254)",103,254
2013-06-20,13.477777777777776,0.0,0.0,0.0,0.0,0.0,0.0,0.0,14.5,0.0,0.0,0.0,0.0,0.0,0.0,0.0,"rgb(2,149,253)",106,253
2013-06-21,13.888888888888891,0.0,10.4,0.0,0.0,0.0,2.0,18.0,0.0,4.5,19.5,0.0,3.5,0.0,16.0,102.5,"rgb(41,158,214)",97,214
2013-06-22,14.5,0.0,0.0,0.5,4.5,0.0,0.0,0.0,0.0,0.0,0.0,0.0,51.0,0.0,0.0,48.5,"rgb(37,152,218)",103,218
2013-06-23,12.300000000000002,25.0,0.3,5.0,31.0,6.0,10.5,7.5,0.0,0.0,1.5,0.0,11.0,0.0,0.0,4.5,"rgb(29,156,226)",99,226
2013-06-24,16.0,25.5,2.7,76.5,13.0,0.0,0.0,0.5,2.0,5.0,12.0,27.0,8.5,0.0,0.0,0.0,"rgb(24,144,231)",111,231
2013-06-25,15.244444444444447,0.0,11.7,35.0,1.5,0.0,0.0,0.0,2.5,15.0,2.0,6.5,0.5,0.0,0.0,5.1000000000000005,"rgb(23,143,232)",112,232
2013-06-26,13.355555555555556,0.0,0.0,0.0,0.5,0.0,0.0,0.0,0.0,0.0,0.0,0.0,3.0,0.0,0.0,0.0,"rgb(9,148,246)",107,246
2013-06-27,13.122222222222224,0.0,0.0,0.0,0.0,0.0,0.0,0.0,0.0,0.0,0.0,0.0,0.0,0.0,0.0,0.0,"rgb(9,148,246)",107,246
2013-06-28,12.7125,0.0,0.0,0.0,0.0,0.0,0.0,0.0,0.0,0.0,0.0,0.0,0.0,0.0,0.0,0.0,"rgb(8,148,247)",107,247
2013-06-29,12.775000000000002,0.0,0.0,0.0,0.0,0.0,0.0,0.0,27.5,0.0,0.0,0.0,0.0,0.0,0.0,0.0,"rgb(56,132,199)",123,199
2013-06-30,12.92222222222222,0.0,0.0,0.0,0.0,0.0,0.0,0.0,0.5,0.0,0.0,0.0,0.0,0.0,0.0,0.1,"rgb(16,145,239)",110,239
2013-07-01,15.0,0.0,0.0,0.0,0.0,0.0,0.0,0.0,17.5,0.0,4.5,54.5,4.0,0.0,0.0,0.0,"rgb(43,135,212)",120,212
2013-07-02,14.37,5.0,2.3999999999999995,0.0,0.0,0.0,1.0,47.0,37.0,0.0,56.0,3.0,0.5,0.5,0.0,0.0,"rgb(60,144,195)",111,195
2013-07-03,13.5,0.0,0.4,0.0,0.0,0.0,0.0,0.0,39.5,0.0,16.0,4.0,0.0,0.0,0.0,0.0,"rgb(57,134,198)",121,198
2013-07-04,15.170000000000002,0.0,1.5,0.0,0.0,0.0,0.0,0.0,4.0,0.0,0.5,0.0,0.0,0.0,0.0,0.0,"rgb(13,146,242)",109,242
2013-07-05,13.555555555555555,2.0,1.3,0.0,3.5,0.0,0.0,0.0,83.5,0.0,14.5,0.0,1.0,0.0,0.0,0.0,"rgb(60,135,195)",120,195
2013-07-06,13.4,0.0,18.4,0.0,0.0,0.0,4.0,0.5,29.5,1.0,15.0,0.1,0.0,0.0,0.0,0.0,"rgb(56,133,199)",122,199
2013-07-07,13.91,4.0,8.099999999999998,0.0,0.0,1.0,0.0,0.0,65.5,14.5,7.0,1.5,0.0,0.0,0.0,0.0,"rgb(60,134,195)",121,195
2013-07-08,14.7,0.0,20.3,0.0,0.0,0.0,0.0,0.0,36.0,0.0,5.0,16.5,0.0,0.0,0.0,0.5,"rgb(58,133,197)",122,197
2013-07-09,13.911111111111113,0.0,9.5,50.0,24.0,0.0,15.0,0.0,86.0,2.5,23.5,1.5,2.5,0.0,0.0,16.400000000000002,"rgb(61,135,194)",120,194
2013-07-10,13.922222222222222,0.0,0.0,1.5,0.0,0.0,1.0,0.0,1.5,0.0,5.5,2.0,0.0,0.0,0.0,0.0,"rgb(17,143,238)",112,238
2013-07-11,13.955555555555556,0.0,0.0,0.0,0.0,0.0,0.0,0.0,0.5,0.0,0.0,0.0,0.0,0.0,0.0,0.0,"rgb(14,141,241)",114,241
2013-07-12,14.99,103.0,2.8999999999999995,0.0,0.0,13.5,10.5,5.5,0.5,1.0,35.5,0.2,0.0,42.5,0.0,0.0,"rgb(47,175,208)",80,208
2013-07-13,13.3,231.5,280.3,17.0,4.0,66.0,158.5,453.0,297.0,185.5,393.5,129.0,0.0,151.0,3.5,12.0,"rgb(68,158,187)",97,187
2013-07-14,14.6,0.0,0.7999999999999999,27.0,84.5,2.5,3.0,31.5,2.0,0.0,5.0,0.0,79.5,0.0,5.0,46.2,"rgb(42,150,213)",105,213
2013-07-16,14.160000000000002,0.0,0.0,0.0,2.0,0.0,0.0,0.0,0.0,0.0,0.0,0.0,0.0,0.0,0.0,1.0,"rgb(15,143,240)",112,240
2013-07-17,13.49,0.0,9.400000000000002,0.0,4.5,0.0,0.0,0.0,0.5,0.0,23.0,3.5,47.0,0.7000000000000001,43.0,33.0,"rgb(37,154,218)",101,218
2013-07-18,14.4,1.0,5.3,1.5,4.5,0.0,0.0,2.0,4.0,0.0,0.0,0.5,28.5,4.4,32.5,48.0,"rgb(38,156,217)",99,217
2013-07-19,14.511111111111115,0.5,0.0,0.0,0.0,0.0,0.0,0.0,0.0,0.0,0.5,10.0,24.0,0.6,0.0,7.799999999999999,"rgb(31,148,224)",107,224
2013-07-20,15.91111111111111,0.0,0.0,0.0,0.0,0.0,0.0,0.0,0.0,0.0,0.5,0.0,1.5,0.0,0.0,0.0,"rgb(13,145,242)",110,242
2013-07-21,16.61111111111111,0.0,2.1,0.0,0.0,0.0,0.0,0.0,0.0,0.0,0.0,0.0,1.5,0.0,0.0,7.399999999999999,"rgb(14,147,241)",108,241
2013-07-22,15.0,0.0,0.0,0.0,7.5,0.0,0.0,0.0,0.0,0.0,0.0,0.0,0.0,0.0,0.0,0.0,"rgb(15,142,240)",113,240
2013-07-23,17.7125,0.0,0.0,0.0,0.0,0.0,0.0,0.0,0.0,0.0,8.5,4.0,2.0,0.0,0.0,0.0,"rgb(19,150,236)",105,236
2013-07-24,17.688888888888886,0.0,14.599999999999998,0.0,0.0,0.0,4.5,0.0,48.5,3.5,5.5,62.39999999999999,1.5,0.0,0.0,0.0,"rgb(50,135,205)",120,205
2013-07-25,17.4,0.0,16.099999999999998,17.0,15.5,0.0,17.0,1.0,1.5,40.5,24.5,13.5,1.5,0.0,0.5,0.0,"rgb(25,144,230)",111,230
2013-07-26,18.6,0.5,3.2,0.0,15.0,0.0,15.5,15.0,8.0,1.5,9.0,7.0,26.0,0.5,0.0,0.0,"rgb(33,147,222)",108,222
2013-07-27,18.677777777777774,0.0,4.2,0.0,0.0,0.0,1.5,3.0,34.0,0.0,0.0,0.0,0.0,0.0,0.0,0.0,"rgb(56,133,199)",122,199
2013-07-28,19.3,0.0,0.0,0.0,16.5,0.0,0.5,0.0,26.0,0.0,1.5,0.0,0.0,0.0,1.0,0.0,"rgb(56,133,199)",122,199
2013-07-29,13.0,0.0,0.0,0.0,0.0,0.0,0.0,0.0,0.0,0.0,0.0,0.0,5.5,0.0,0.0,0.0,"rgb(15,143,240)",112,240
2013-07-30,20.2125,12.0,4.2,0.0,0.0,0.0,0.0,0.0,37.0,0.5,10.0,18.5,2.5,0.0,0.0,0.0,"rgb(57,136,198)",119,198
2013-07-31,20.33333333333333,0.0,12.2,0.5,4.0,0.0,1.0,0.0,30.0,6.5,8.0,1.5,10.0,0.0,0.0,0.0,"rgb(56,134,199)",121,199
2013-08-01,21.188888888888886,0.5,1.6999999999999995,0.5,2.5,1.5,0.0,1.0,0.5,1.0,4.0,2.5,36.0,2.2,11.0,16.7,"rgb(35,151,220)",104,220
2013-08-02,21.38888888888889,0.0,0.3,1.0,8.5,1.0,0.0,0.0,0.5,0.0,0.0,0.0,24.5,0.0,4.0,13.599999999999998,"rgb(32,149,223)",106,223
2013-08-03,21.566666666666666,0.0,0.0,0.0,0.0,0.0,0.0,0.0,23.0,0.0,0.0,10.0,0.0,0.0,0.0,0.0,"rgb(53,131,202)",124,202
2013-08-04,21.944444444444446,0.0,0.0,0.0,4.0,0.0,0.0,0.0,0.0,0.0,0.0,2.0,0.0,0.0,0.0,0.0,"rgb(17,158,238)",97,238
2013-08-05,22.0,0.0,0.0,0.0,0.0,0.0,0.0,0.0,0.0,0.0,0.0,0.0,0.0,0.0,0.0,0.0,"rgb(14,155,241)",100,241
2013-08-06,23.277777777777768,0.0,0.0,0.0,0.0,0.0,0.0,0.0,16.0,0.0,0.5,2.7,0.5,0.0,0.0,0.0,"rgb(51,133,204)",122,204
2013-08-07,22.47,0.0,0.0,0.5,0.0,0.0,0.0,0.0,0.5,0.0,12.0,0.5,0.0,0.0,0.0,0.0,"rgb(19,154,236)",101,236
2013-08-08,24.6,0.0,0.0,0.0,0.0,0.0,0.0,0.0,0.0,0.0,0.0,0.0,0.0,0.0,0.0,0.0,"rgb(16,158,239)",97,239
2013-08-09,23.288888888888888,0.0,0.0,0.0,0.0,0.0,0.0,0.0,31.5,0.0,6.5,0.0,0.0,0.0,0.0,0.0,"rgb(54,134,201)",121,201
2013-08-10,24.6,0.0,0.0,22.5,0.0,1.5,0.0,0.0,0.5,0.0,0.0,42.5,1.5,0.0,0.0,0.0,"rgb(39,137,216)",118,216
2013-08-11,24.87777777777778,0.0,0.0,0.0,0.0,0.0,0.0,0.0,0.0,0.0,0.0,0.0,0.5,0.0,0.0,0.2,"rgb(14,156,241)",99,241
2013-08-12,24.0,0.0,0.3,0.0,2.0,0.0,0.0,0.0,0.0,0.0,0.0,0.0,17.0,0.0,10.5,7.3,"rgb(29,150,226)",105,226
2013-08-13,23.75555555555556,0.0,0.0,0.5,8.5,0.0,0.0,5.5,0.0,0.0,0.0,0.0,89.0,0.0,6.0,35.1,"rgb(38,151,217)",104,217
2013-08-14,24.45555555555555,2.0,76.3,0.5,8.0,12.0,22.0,65.0,173.5,37.0,75.0,17.900000000000006,19.0,0.7000000000000001,16.0,8.9,"rgb(66,153,189)",102,189
2013-08-15,24.23333333333333,0.0,3.3000000000000003,3.5,42.5,1.0,0.0,0.0,13.0,2.0,7.5,0.1,26.0,26.5,0.5,0.0,"rgb(37,148,218)",107,218
2013-08-16,24.222222222222218,0.0,0.0,64.0,7.5,6.0,14.0,0.0,0.0,0.0,48.0,0.0,0.5,33.0,0.0,4.5,"rgb(21,144,234)",111,234
2013-08-17,24.16,18.5,1.3000000000000005,0.0,0.0,0.5,0.5,0.0,1.0,0.0,5.0,51.0,0.0,0.0,0.0,0.0,"rgb(41,135,214)",120,214
2013-08-18,25.844444444444452,0.0,0.0,0.0,0.0,0.0,0.0,0.0,0.0,0.0,4.0,0.0,0.5,0.0,0.0,0.0,"rgb(2,155,253)",100,253
2013-08-19,24.85,0.0,0.0,0.0,0.0,0.0,0.0,0.0,0.5,0.0,0.5,0.2,0.0,0.0,0.0,0.0,"rgb(1,153,254)",102,254
2013-08-20,25.6,63.5,2.1,16.5,19.5,256.5,72.5,68.5,4.0,4.0,6.0,21.5,0.5,24.800000000000004,6.0,4.2,"rgb(69,169,186)",86,186
2013-08-21,24.81,285.5,146.09999999999997,60.5,44.0,102.0,130.0,160.5,184.5,101.5,262.5,128.5,8.0,127.5,18.0,5.0,"rgb(69,158,186)",97,186
2013-08-23,23.0,2.0,3.9,44.0,69.0,12.5,20.0,2.0,2.0,2.5,12.0,22.8,83.0,0.0,0.0,17.0,"rgb(41,149,214)",106,214
2013-08-24,24.15,0.0,69.8,0.0,0.2,59.0,49.5,34.5,7.5,4.5,28.0,9.0,4.5,0.0,0.0,0.0,"rgb(64,173,191)",82,191
2013-08-25,24.11111111111111,0.0,0.0,0.5,0.0,0.0,0.0,0.0,0.0,0.0,3.0,7.0,0.0,0.0,0.0,0.0,"rgb(13,155,242)",100,242
2013-08-26,23.0,0.0,0.0,1.0,0.0,0.0,0.0,0.0,0.0,0.0,0.0,1.5,0.0,0.0,0.0,0.0,"rgb(8,154,247)",101,247
2013-08-27,24.766666666666666,0.0,0.0,0.0,0.0,0.0,0.0,0.0,0.0,0.0,0.0,0.0,2.0,0.0,0.0,0.7000000000000001,"rgb(6,156,249)",99,249
2013-08-28,25.39,3.0,0.0,21.0,28.5,0.0,0.0,0.0,1.5,0.0,1.5,108.5,32.0,10.900000000000002,3.5,2.8999999999999995,"rgb(41,136,214)",119,214
2013-08-29,25.12,50.5,151.90000000000003,206.5,293.0,164.0,117.0,158.5,217.5,138.5,311.5,426.0,144.0,12.8,2.5,20.5,"rgb(68,158,187)",97,187
2013-08-30,25.822222222222226,0.0,74.5,166.0,23.0,3.0,2.0,16.0,60.0,145.5,86.5,140.0,14.0,2.0,1.0,1.3,"rgb(71,154,184)",101,184
2013-08-31,25.63333333333333,159.0,99.79999999999998,131.5,182.5,16.5,68.5,107.5,71.0,125.0,97.0,116.5,92.0,70.0,9.0,26.300000000000004,"rgb(70,157,185)",98,185
2013-09-01,25.97777777777777,95.5,21.3,0.0,2.0,13.0,19.0,40.5,26.5,19.0,114.5,113.0,4.0,76.0,15.0,2.8999999999999995,"rgb(66,159,189)",96,189
2013-09-02,22.0,0.5,0.0,0.0,0.0,0.0,0.0,0.0,0.5,0.0,0.0,0.0,0.0,0.0,0.5,0.5,"rgb(14,178,241)",77,241
2013-09-03,26.966666666666665,0.0,0.0,0.0,0.0,0.0,0.0,0.0,0.0,0.0,0.0,0.0,0.0,0.0,0.5,2.0,"rgb(14,180,241)",75,241
2013-09-04,28.444444444444446,0.0,0.0,0.0,0.0,0.0,0.0,0.0,0.0,0.0,0.0,0.0,0.0,0.0,0.5,0.0,"rgb(18,185,237)",70,237
2013-09-05,28.855555555555558,0.0,0.0,0.0,0.0,0.0,0.0,0.0,0.0,0.0,0.5,0.0,0.0,0.0,0.0,0.0,"rgb(16,176,239)",79,239
2013-09-06,30.885714285714283,0.0,0.0,0.0,0.0,0.0,0.0,0.0,0.0,0.0,0.0,0.0,0.0,0.0,0.0,0.0,"rgb(16,171,239)",84,239
2013-09-07,30.04444444444445,0.0,0.0,0.0,0.0,0.0,0.0,0.0,0.0,0.0,0.0,0.0,0.0,0.0,0.0,0.0,"rgb(15,173,240)",82,240
2013-09-08,29.390000000000004,0.0,0.0,0.0,0.0,0.0,0.0,0.0,0.0,0.0,0.0,0.0,0.0,0.0,0.0,0.0,"rgb(15,173,240)",82,240
2013-09-09,23.0,0.0,0.0,0.0,0.0,0.0,0.0,0.0,0.0,0.0,0.5,0.0,0.0,0.0,0.0,0.0,"rgb(15,171,240)",84,240
2013-09-10,31.61111111111111,0.0,0.0,0.0,0.0,0.0,0.0,0.0,0.0,0.0,0.0,0.0,0.0,0.0,0.0,0.0,"rgb(16,168,239)",87,239
2013-09-11,31.200000000000006,0.0,0.0,0.0,4.0,0.0,0.0,0.0,0.5,0.0,1.0,0.0,10.5,0.0,0.0,0.0,"rgb(17,168,238)",87,238
2013-09-12,29.96,4.0,13.2,0.0,9.5,0.0,0.0,0.0,1.5,2.0,26.0,5.5,18.5,0.1,1.5,19.0,"rgb(28,153,227)",102,227
2013-09-13,31.466666666666665,0.0,0.0,0.0,0.0,0.0,0.0,0.0,2.0,0.0,24.0,4.5,10.5,0.9000000000000001,0.5,0.0,"rgb(23,154,232)",101,232
2013-09-14,31.555555555555557,0.0,0.0,0.0,0.0,0.0,0.0,0.0,0.0,0.0,8.0,0.0,0.5,0.0,4.5,0.5,"rgb(8,157,247)",98,247
2013-09-15,30.26,3.0,0.0,3.0,0.0,0.0,0.5,0.0,0.0,0.0,6.5,0.0,0.0,0.0,4.0,3.6000000000000005,"rgb(5,159,250)",96,250
2013-09-16,32.98333333333333,0.0,0.0,1.0,0.0,0.0,0.0,0.0,0.0,0.0,0.0,0.0,2.5,0.0,0.5,0.0,"rgb(15,184,240)",71,240
2013-09-17,31.88888888888889,0.0,0.0,0.5,0.0,0.0,0.0,0.0,0.0,0.0,0.0,0.7000000000000001,0.5,2.5,0.0,0.0,"rgb(17,185,238)",70,238
2013-09-18,31.6125,10.0,3.3999999999999995,0.0,0.0,0.5,0.0,2.0,6.5,1.5,0.0,0.0,5.5,30.1,32.5,8.0,"rgb(35,168,220)",87,220
2013-09-19,32.1375,36.5,0.0,0.0,0.5,0.0,0.0,0.0,1.0,1.0,5.0,0.5,0.5,49.8,27.0,10.7,"rgb(39,172,216)",83,216
2013-09-21,32.0,51.0,0.6,2.5,10.5,7.5,3.0,0.0,0.5,0.0,4.0,1.2,298.5,42.4,348.0,185.0,"rgb(42,158,213)",97,213
2013-09-22,32.237500000000004,101.0,5.5,11.5,35.0,3.0,2.0,1.5,5.5,2.0,8.5,6.5,85.5,20.1,197.5,31.5,"rgb(40,160,215)",95,215
2013-09-23,30.65,25.5,0.9,2.5,32.0,0.0,0.0,2.5,12.0,1.0,15.0,2.5,0.5,9.8,49.0,21.7,"rgb(35,165,220)",90,220
2013-09-24,32.06666666666667,0.5,0.0,0.0,0.0,0.0,0.0,0.0,9.5,5.5,4.5,0.0,0.0,0.0,0.0,0.0,"rgb(11,166,244)",89,244
2013-09-25,31.33333333333333,6.0,0.0,1.5,0.0,2.0,0.0,0.0,0.5,0.0,0.0,0.0,0.0,0.0,0.0,0.0,"rgb(18,185,237)",70,237
2013-09-26,32.34444444444444,4.5,0.0,0.0,0.0,0.5,0.0,0.0,0.0,0.0,0.0,0.0,0.0,0.4,0.0,0.0,"rgb(22,189,233)",66,233
2013-09-27,32.266666666666666,0.5,0.0,0.0,0.0,0.0,0.0,0.0,0.0,0.0,0.0,0.0,0.0,8.0,0.0,0.0,"rgb(20,188,235)",67,235
2013-09-28,31.922222222222228,0.5,0.0,0.0,0.0,0.0,0.0,0.0,0.0,0.0,0.0,0.5,0.0,1.8000000000000005,0.0,0.0,"rgb(15,181,240)",74,240
2013-09-29,31.612500000000004,0.0,0.0,0.0,0.0,0.0,0.0,0.0,0.0,0.0,0.0,0.0,0.0,0.0,0.0,2.5,"rgb(14,182,241)",73,241
2013-09-30,33.0,42.0,0.0,0.0,0.0,13.5,0.0,0.0,0.0,0.0,0.0,0.0,1.5,75.0,0.0,2.5,"rgb(84,205,171)",50,171
2013-10-01,29.22000000000001,3.5,0.0,0.0,0.0,0.0,0.0,0.0,0.0,0.0,0.0,0.0,2.0,0.0,18.0,1.5,"rgb(24,174,231)",81,231
2013-10-02,31.36666666666667,0.5,0.0,0.0,0.0,0.0,0.0,0.0,0.0,0.0,0.0,0.0,1.5,0.0,0.0,0.1,"rgb(21,189,234)",66,234
2013-10-03,31.211111111111112,7.0,0.0,0.0,0.0,0.0,0.0,0.0,0.0,0.0,0.0,0.0,0.0,0.0,0.0,0.0,"rgb(26,190,229)",65,229
2013-10-04,30.28,15.0,0.0,0.0,0.0,2.5,0.0,0.0,0.0,0.0,0.0,0.0,0.0,0.0,0.0,0.0,"rgb(31,186,224)",69,224
2013-10-05,32.833333333333336,145.0,0.0,0.0,0.0,1.0,42.5,20.5,0.0,0.0,0.0,0.0,0.0,26.4,0.0,0.0,"rgb(49,175,206)",80,206
2013-10-06,32.075,119.0,2.7,0.0,0.0,3.0,17.0,9.0,12.0,0.0,49.5,4.5,0.0,23.7,0.0,0.0,"rgb(48,173,207)",82,207
2013-10-07,26.95,15.0,0.0,0.0,0.0,0.0,2.0,1.0,1.0,0.0,0.5,0.0,0.0,1.2,9.5,0.1,"rgb(2,155,253)",100,253
2013-10-08,31.86666666666667,1.0,0.0,0.0,0.0,0.0,0.5,0.0,0.0,4.0,6.0,0.0,0.0,13.0,24.0,0.0,"rgb(30,169,225)",86,225
2013-10-09,32.58888888888889,21.0,0.0,0.0,0.0,0.5,0.0,0.0,0.0,0.0,0.0,0.0,9.5,4.3,0.5,0.0,"rgb(31,183,224)",72,224
2013-10-10,32.177777777777784,9.0,0.0,0.0,22.5,0.0,0.0,0.0,0.0,0.0,0.0,0.0,0.0,3.1000000000000005,0.0,0.0,"rgb(23,170,232)",85,232
2013-10-11,32.05555555555555,34.0,0.0,0.0,0.0,0.0,0.0,0.0,0.0,0.0,0.0,0.0,0.0,6.299999999999999,2.5,0.5,"rgb(34,184,221)",71,221
2013-10-12,29.3,23.5,0.0,0.0,0.0,0.0,0.0,0.0,0.0,0.0,0.0,0.0,7.5,44.2,35.5,0.2,"rgb(38,171,217)",84,217
2013-10-13,32.822222222222216,0.0,0.0,0.0,0.0,0.0,0.0,0.0,0.0,0.0,0.0,0.0,2.5,0.0,3.0,0.2,"rgb(21,189,234)",66,234
2013-10-14,33.0,0.0,0.0,0.0,0.0,0.0,0.0,0.0,0.0,0.0,7.5,0.0,0.0,0.5,5.5,0.0,"rgb(20,174,235)",81,235
2013-10-15,33.92222222222223,0.5,0.0,0.0,0.0,0.0,0.0,0.0,0.0,0.0,0.0,0.0,1.0,0.0,11.5,1.0,"rgb(23,188,232)",67,232
2013-10-17,32.39,3.0,0.0,0.0,0.0,0.0,0.0,0.0,0.0,0.0,0.0,0.0,2.5,8.599999999999998,4.0,0.0,"rgb(63,218,192)",37,192
2013-10-18,35.45555555555556,10.5,0.0,0.0,0.0,0.0,0.0,0.0,0.0,0.0,0.0,0.0,0.0,13.099999999999998,0.0,0.0,"rgb(64,214,191)",41,191
2013-10-19,35.14444444444445,2.5,0.0,0.0,0.0,0.0,0.0,0.0,0.0,0.0,0.0,0.0,1.0,7.0,0.0,1.2,"rgb(56,214,199)",41,199
2013-10-20,32.74444444444444,17.5,0.0,0.0,0.0,1.0,0.0,0.0,0.0,0.0,0.0,0.0,0.0,2.5,0.0,0.0,"rgb(43,199,212)",56,212
2013-10-21,36.0,9.5,0.0,0.0,0.0,0.0,0.0,0.0,0.0,0.0,0.0,0.0,0.0,3.8,2.5,0.0,"rgb(49,203,206)",52,206
2013-10-22,32.75454545454546,3.5,0.0,0.0,0.0,0.0,0.0,0.0,0.0,0.0,0.0,0.0,0.0,1.0,0.5,0.0,"rgb(53,206,202)",49,202
2013-10-23,35.97777777777778,23.0,0.0,0.0,0.0,0.0,1.0,0.0,0.0,0.0,0.0,0.0,0.5,1.2,0.0,0.0,"rgb(34,187,221)",68,221
2013-10-24,34.86666666666667,41.5,0.0,0.0,0.0,1.0,3.5,0.0,0.0,0.0,0.0,0.0,0.0,0.1,4.0,0.0,"rgb(37,186,218)",69,218
2013-10-25,36.111111111111114,0.0,0.0,0.0,0.5,0.0,0.0,0.0,0.0,0.0,0.0,0.0,0.0,0.0,0.5,0.1,"rgb(55,209,200)",46,200
2013-10-26,36.41111111111111,0.0,0.0,0.0,0.0,0.0,0.0,0.0,0.0,0.0,0.0,0.0,0.0,0.0,0.0,0.0,"rgb(64,223,191)",32,191
2013-10-27,36.288888888888884,0.0,0.0,0.0,0.0,0.0,0.0,0.0,0.0,0.0,0.0,0.0,0.0,0.0,0.0,0.0,"rgb(63,224,192)",31,192
2013-10-28,35.0,0.5,0.0,0.0,0.0,0.0,0.0,0.0,0.0,0.0,0.0,0.0,0.0,0.0,0.0,0.0,"rgb(58,226,197)",29,197
2013-10-29,34.01,0.5,0.0,0.0,0.0,0.0,0.0,0.0,0.0,0.0,0.0,0.0,0.0,0.0,0.0,0.0,"rgb(57,224,198)",31,198
2013-10-30,36.96666666666667,2.0,0.0,0.0,0.0,0.0,0.0,0.0,0.0,0.0,0.0,0.0,0.0,4.0,4.0,0.0,"rgb(53,219,202)",36,202
2013-10-31,37.944444444444436,6.5,0.0,0.0,0.0,0.0,0.0,0.0,0.0,0.0,0.0,0.0,0.0,19.2,5.5,1.1,"rgb(71,210,184)",45,184
2013-11-01,38.56666666666667,30.0,0.0,0.0,0.0,8.0,0.0,0.0,0.0,0.0,0.0,0.0,4.5,85.60000000000002,15.0,21.0,"rgb(86,207,169)",48,169
2013-11-02,39.1,1.0,1.0,0.0,3.0,1.5,1.0,1.5,1.0,1.5,2.5,1.3,42.5,2.6,103.0,98.5,"rgb(41,160,214)",95,214
2013-11-03,38.944444444444436,10.0,0.0,0.0,0.0,1.0,0.5,0.0,0.5,0.0,0.0,0.0,2.5,12.0,3.5,16.099999999999998,"rgb(43,212,212)",43,212
2013-11-05,36.44000000000001,9.0,0.0,0.0,0.0,0.0,0.0,0.0,0.0,0.0,0.0,0.0,0.0,64.20000000000002,0.5,0.0,"rgb(86,209,169)",46,169
2013-11-06,37.17,0.0,0.0,0.0,0.0,1.0,1.0,0.5,0.0,0.0,0.0,0.0,0.5,1.5,0.5,2.1000000000000005,"rgb(55,224,200)",31,200
2013-11-07,39.477777777777774,0.5,0.0,0.0,0.0,0.0,0.0,0.0,0.0,0.0,0.0,0.0,1.0,1.9,7.5,6.6000000000000005,"rgb(57,219,198)",36,198
2013-11-08,39.08888888888889,0.0,0.0,0.0,0.0,0.0,0.0,0.0,0.0,0.0,0.0,0.0,0.0,1.5,0.5,0.0,"rgb(50,219,205)",36,205
2013-11-09,39.12222222222223,0.5,0.0,0.0,0.0,0.0,0.0,0.0,0.0,0.0,0.0,0.0,3.0,0.0,5.5,15.400000000000002,"rgb(47,217,208)",38,208
2013-11-10,36.22,0.5,0.0,0.0,0.0,0.0,0.0,0.0,0.0,0.0,0.0,0.0,0.0,0.0,0.0,0.0,"rgb(53,220,202)",35,202
2013-11-11,40.0,7.5,0.0,0.0,0.0,0.0,0.0,0.0,0.0,0.0,0.0,0.0,0.0,23.9,3.0,0.1,"rgb(74,209,181)",46,181
2013-11-12,38.677777777777784,3.5,0.0,0.0,0.0,0.0,0.5,0.5,0.0,0.0,0.0,0.0,0.0,44.3,0.0,0.1,"rgb(82,209,173)",46,173
2013-11-13,37.611111111111114,11.0,0.6,0.0,0.0,6.0,0.5,0.0,2.0,0.0,1.5,0.0,0.0,29.0,0.0,0.0,"rgb(75,208,180)",47,180
2013-11-14,37.833333333333336,1.5,0.0,0.0,0.0,0.0,0.0,0.0,0.0,0.0,0.0,0.0,0.0,1.9,0.0,0.0,"rgb(57,216,198)",39,198
2013-11-15,38.91111111111111,4.0,0.0,0.0,0.0,0.0,0.0,0.0,0.0,0.0,0.0,0.0,0.0,0.2,1.0,0.0,"rgb(60,219,195)",36,195
2013-11-16,38.73333333333333,5.0,0.0,0.0,0.0,0.5,0.0,0.0,0.0,0.0,0.0,0.0,0.0,0.5,0.5,0.0,"rgb(60,223,195)",32,195
2013-11-17,39.57777777777777,0.0,0.0,0.0,0.0,0.0,0.0,0.0,0.0,0.0,0.0,0.0,0.0,0.0,0.0,0.0,"rgb(66,224,189)",31,189
2013-11-19,39.4875,0.0,0.0,0.0,0.0,0.0,0.0,0.0,0.0,0.0,0.0,0.0,0.0,0.0,0.0,0.0,"rgb(84,250,171)",5,171
2013-11-20,38.175,0.0,0.0,0.0,0.0,0.0,0.0,0.0,0.0,0.0,0.0,0.0,0.0,0.0,0.0,0.0,"rgb(67,242,188)",13,188
2013-11-21,36.66666666666667,0.0,0.0,0.0,0.0,0.0,0.0,0.0,0.0,0.0,0.0,0.0,0.0,1.2,0.0,0.0,"rgb(63,237,192)",18,192
2013-11-22,35.46666666666667,1.5,0.6,0.0,0.0,0.0,0.0,0.0,1.0,0.0,1.5,0.4,0.0,8.4,6.5,0.0,"rgb(65,237,190)",18,190
2013-11-23,34.96666666666667,0.0,0.0,0.0,0.0,0.0,0.0,0.0,0.0,0.0,0.0,0.0,0.0,0.0,0.0,0.0,"rgb(62,234,193)",21,193
2013-11-24,34.51111111111111,2.5,3.9,0.0,0.0,8.5,8.5,5.5,0.5,2.5,0.5,0.0,0.0,0.0,0.5,4.5,"rgb(45,205,210)",50,210
2013-11-25,38.0,12.5,15.4,5.5,14.0,22.5,25.5,21.5,7.5,12.0,8.0,8.5,5.0,2.9,5.5,44.5,"rgb(68,183,187)",72,187
2013-11-26,34.55454545454545,0.0,0.0,0.0,0.0,0.0,0.0,0.0,0.0,0.0,0.0,0.0,0.0,0.0,0.0,0.0,"rgb(68,228,187)",27,187
2013-11-27,35.944444444444436,1.0,0.0,0.0,0.0,2.0,0.0,0.0,0.0,0.0,0.0,0.0,0.0,0.0,0.0,0.0,"rgb(65,222,190)",33,190
2013-11-28,36.14444444444445,6.0,1.1,0.0,0.0,9.5,3.5,1.0,1.0,0.5,1.0,0.0,0.0,1.6,1.0,0.0,"rgb(95,241,160)",14,160
2013-11-29,36.52222222222222,0.0,0.0,0.0,0.0,0.0,0.0,0.0,0.0,0.0,0.0,0.0,0.0,0.0,0.5,0.0,"rgb(92,246,163)",9,163
2013-11-30,36.81111111111111,0.0,0.0,0.0,0.0,0.0,0.0,0.0,0.0,0.0,0.0,0.0,0.0,0.0,0.0,0.0,"rgb(81,249,174)",6,174
2013-12-01,36.95555555555556,0.0,0.0,0.0,0.0,0.0,0.0,0.0,0.0,0.0,0.0,0.0,0.0,0.0,0.0,0.0,"rgb(83,248,172)",7,172
2013-12-02,36.6,0.0,0.0,0.0,0.0,0.0,0.0,0.0,0.0,0.0,0.0,0.0,0.0,0.0,0.0,0.0,"rgb(82,247,173)",8,173
2013-12-03,37.47777777777778,0.0,0.0,0.0,0.0,0.0,0.0,0.0,0.0,0.0,0.0,0.0,0.0,0.0,0.0,0.0,"rgb(71,241,184)",14,184
2013-12-04,38.8,0.0,0.0,0.0,0.0,0.0,0.0,0.0,0.0,0.0,0.0,0.0,0.0,0.0,0.0,0.0,"rgb(72,236,183)",19,183
2013-12-05,38.01111111111111,2.0,0.0,0.0,0.0,0.0,0.0,0.0,0.0,0.0,0.0,0.0,0.0,0.3,0.0,0.0,"rgb(71,235,184)",20,184
2013-12-06,38.322222222222216,0.5,0.0,0.0,0.0,0.0,0.0,0.0,0.0,0.0,0.0,0.0,0.0,0.0,0.0,0.0,"rgb(68,231,187)",24,187
2013-12-07,38.78888888888889,0.0,0.0,0.0,0.0,0.0,0.0,0.0,0.0,0.0,0.0,0.0,0.0,1.4,0.0,0.1,"rgb(66,232,189)",23,189
2013-12-08,38.6,6.0,0.0,0.0,0.0,0.0,0.0,0.0,0.0,0.0,0.0,0.0,0.0,16.8,0.0,0.0,"rgb(68,215,187)",40,187
2013-12-09,42.0,1.0,0.4,0.0,0.0,0.5,1.0,0.5,0.0,0.0,0.0,0.0,0.0,3.8,1.0,0.0,"rgb(51,209,204)",46,204
2013-12-10,39.04444444444445,0.0,0.0,0.0,0.0,0.0,0.0,0.0,0.0,0.0,0.0,0.0,0.0,0.0,0.5,0.0,"rgb(74,230,181)",25,181
2013-12-11,39.07777777777777,0.0,0.0,0.0,0.0,0.0,0.0,0.0,1.0,0.0,1.5,0.0,0.0,0.0,2.0,0.2,"rgb(75,233,180)",22,180
2013-12-12,39.57777777777777,4.5,0.0,0.0,0.0,0.0,0.0,0.0,0.0,0.0,0.0,0.0,0.0,1.1,0.0,0.0,"rgb(72,232,183)",23,183
2013-12-13,39.52222222222222,3.0,0.5,0.0,0.0,0.0,0.0,0.5,0.0,1.0,0.0,0.0,0.0,2.1,1.0,1.0,"rgb(69,232,186)",23,186
2013-12-14,40.62222222222223,28.0,1.0,1.0,4.5,4.0,2.5,3.5,0.5,1.0,2.5,0.3,0.5,67.39999999999999,17.5,6.0,"rgb(88,209,167)",46,167
2013-12-15,41.54285714285713,52.5,5.5,0.5,0.0,41.5,26.0,25.5,3.0,4.0,1.5,1.0,0.0,108.5,20.5,9.4,"rgb(86,205,169)",50,169
2013-12-16,41.35,5.5,11.8,8.0,20.5,21.5,23.5,14.5,11.5,9.0,12.5,15.6,33.5,18.3,4.5,2.0,"rgb(64,179,191)",76,191
2013-12-17,40.58571428571429,64.0,38.4,8.5,15.5,58.0,68.0,53.5,46.5,40.5,31.5,25.0,74.0,30.800000000000004,27.0,20.3,"rgb(67,166,188)",89,188
2013-12-18,40.628571428571426,14.0,8.700000000000001,2.0,7.0,25.5,20.5,12.5,9.0,4.0,8.5,2.0,9.0,0.5,20.5,11.5,"rgb(69,185,186)",70,186
2013-12-19,39.4125,25.0,0.3,0.0,0.0,1.0,2.5,0.0,1.5,0.0,1.5,1.1,0.5,2.3000000000000003,1.0,0.1,"rgb(96,240,159)",15,159
2013-12-20,38.71250000000001,9.0,0.4,0.5,0.0,2.5,2.0,0.0,1.5,0.0,4.0,0.4,0.0,9.0,1.5,0.3,"rgb(92,243,163)",12,163
2013-12-21,37.63333333333333,14.0,0.7999999999999999,0.0,0.0,6.0,3.0,1.0,1.0,0.0,1.0,0.0,0.0,10.7,0.0,0.0,"rgb(94,241,161)",14,161
2013-12-22,39.27500000000001,3.0,0.0,0.0,0.0,0.0,0.0,0.0,0.0,0.0,0.0,0.0,0.0,2.5,0.0,0.0,"rgb(90,246,165)",9,165
2013-12-23,43.0,12.5,0.2,0.0,0.0,7.5,0.5,0.0,0.0,0.0,0.0,0.0,0.0,20.2,1.0,0.0,"rgb(90,235,165)",20,165
2013-12-24,39.63333333333333,17.0,0.7000000000000001,0.0,0.0,15.0,4.5,4.5,0.0,0.5,0.0,0.0,0.5,37.4,0.0,0.0,"rgb(90,216,165)",39,165
2013-12-25,39.211111111111116,16.5,0.4,0.0,0.5,8.0,3.0,1.5,1.5,0.0,2.5,0.3,0.0,42.5,1.0,0.1,"rgb(88,213,167)",42,167
2013-12-26,39.12222222222223,34.0,0.2,0.0,0.0,16.0,14.5,9.0,4.5,1.0,3.0,0.5,1.0,4.6000000000000005,5.0,0.0,"rgb(72,190,183)",65,183
2013-12-27,39.16666666666666,4.5,0.0,0.0,0.0,0.5,1.5,0.0,0.5,0.0,1.0,0.0,0.5,0.1,3.0,0.0,"rgb(93,245,162)",10,162
2013-12-28,39.344444444444434,2.0,0.0,0.0,0.0,0.0,0.0,0.0,0.0,0.0,0.0,0.0,0.0,0.4,0.0,0.0,"rgb(92,245,163)",10,163
2013-12-29,40.175,5.5,0.1,0.0,0.0,3.5,5.0,2.0,0.0,0.0,0.0,0.0,0.0,0.7999999999999999,0.0,0.0,"rgb(92,245,163)",10,163
2013-12-30,42.0,1.0,0.0,0.0,0.0,0.0,0.0,0.0,0.0,0.0,0.0,0.0,0.0,0.4,0.0,0.0,"rgb(79,247,176)",8,176
2013-12-31,40.125,0.0,0.0,0.0,0.0,0.0,0.0,0.0,0.0,0.0,0.0,0.0,0.0,0.0,0.0,0.0,"rgb(76,244,179)",11,179
