DateTime,平均價,新北市_最大陣風,臺中市_最大陣風,臺南市_最大陣風,高雄市_最大陣風,桃園市_最大陣風,新竹縣_最大陣風,苗栗縣_最大陣風,南投縣_最大陣風,彰化縣_最大陣風,雲林縣_最大陣風,嘉義市_最大陣風,屏東縣_最大陣風,宜蘭縣_最大陣風,花蓮縣_最大陣風,臺東縣_最大陣風,color,x,y
2012-01-01,15.1,7.399999999999999,10.900000000000002,11.400000000000002,7.799999999999999,11.2,14.3,12.2,1.8000000000000005,4.2,3.8,10.1,22.9,6.4,5.6000000000000005,9.4,"rgb(169,249,86)",6,86
2012-01-02,17.8,5.7,6.8,7.0,6.7,11.6,17.8,8.7,1.1,2.1,4.5,7.1,21.1,5.6,6.1,6.9,"rgb(161,249,94)",6,94
2012-01-03,17.166666666666668,7.700000000000001,7.6,9.1,7.6,12.099999999999998,15.2,10.3,2.0,3.6000000000000005,3.6000000000000005,7.5,12.7,9.0,7.700000000000001,6.6000000000000005,"rgb(149,244,106)",11,106
2012-01-04,15.377777777777776,7.700000000000001,10.7,12.900000000000002,9.6,13.3,18.1,13.900000000000002,0.6,3.2,6.0,9.6,25.300000000000004,7.200000000000001,7.799999999999999,13.2,"rgb(174,241,81)",14,81
2012-01-05,14.967777777777776,5.700000000000001,8.1,8.1,6.299999999999999,13.5,15.3,10.1,0.9000000000000001,0.7999999999999999,4.6000000000000005,6.799999999999999,19.1,6.700000000000001,4.4,6.700000000000001,"rgb(171,215,84)",40,84
2012-01-06,13.736666666666665,6.0,6.6000000000000005,11.400000000000002,9.4,10.5,16.400000000000002,7.399999999999999,1.0,1.8000000000000005,5.3,8.0,13.599999999999998,4.1000000000000005,4.4,6.299999999999999,"rgb(162,167,93)",88,93
2012-01-07,13.55,7.399999999999999,9.2,10.2,6.0,13.400000000000002,19.0,9.9,1.5,2.8000000000000003,2.8999999999999995,7.1000000000000005,22.1,4.5,8.4,12.7,"rgb(168,234,87)",21,87
2012-01-08,13.2825,4.6000000000000005,9.8,11.599999999999998,7.399999999999999,10.6,11.3,9.4,1.9,3.7,3.5,9.6,13.3,5.5,6.0,8.6,"rgb(168,228,87)",27,87
2012-01-09,11.5,6.8,8.4,11.4,7.7,12.2,15.9,12.4,2.1,2.5,2.9,8.9,21.0,8.0,7.0,15.0,"rgb(167,241,88)",14,88
2012-01-10,13.8875,7.399999999999999,8.200000000000001,8.4,5.5,14.400000000000002,14.599999999999998,10.2,1.9,4.3,3.0,7.200000000000001,17.599999999999994,4.0,5.799999999999999,11.0,"rgb(160,247,95)",8,95
2012-01-11,13.422222222222222,6.6000000000000005,8.799999999999997,10.6,6.6000000000000005,12.599999999999998,18.1,12.8,1.4,2.1,2.0,10.2,24.5,5.1000000000000005,6.299999999999999,13.400000000000002,"rgb(171,247,84)",8,84
2012-01-12,13.717777777777776,7.399999999999999,5.9,7.299999999999999,6.0,12.2,13.3,7.200000000000001,1.1,1.6999999999999995,2.0,7.0,22.300000000000004,4.0,5.1000000000000005,8.1,"rgb(163,232,92)",23,92
2012-01-13,12.797777777777776,7.399999999999999,4.8,9.1,6.1000000000000005,10.4,7.1000000000000005,4.1000000000000005,0.9000000000000001,1.6,2.6,6.5,12.8,9.1,3.8,6.5,"rgb(138,239,117)",16,117
2012-01-14,11.935555555555556,4.4,5.1000000000000005,5.6000000000000005,4.5,6.5,5.0,4.7,1.5,1.6,2.8999999999999995,5.799999999999999,12.0,5.3,4.0,6.0,"rgb(111,200,144)",55,144
2012-01-15,11.2525,6.0,8.4,11.400000000000002,5.3,11.0,8.0,6.1000000000000005,1.9,1.6999999999999995,8.5,8.299999999999999,8.0,6.299999999999999,6.200000000000001,10.4,"rgb(118,179,137)",76,137
2012-01-16,9.4,11.8,10.8,15.7,13.3,14.1,11.4,9.5,0.9,5.7,12.4,10.2,17.8,20.0,5.3,15.1,"rgb(167,173,88)",82,88
2012-01-17,11.292222222222225,7.700000000000001,6.9,9.5,7.799999999999999,10.5,8.1,5.4,1.6,4.1000000000000005,4.9,7.5,16.099999999999998,7.299999999999999,6.700000000000001,10.7,"rgb(123,218,132)",37,132
2012-01-18,11.407777777777774,5.5,4.7,7.1000000000000005,5.4,4.4,6.200000000000001,5.1000000000000005,2.0,2.8000000000000003,2.8999999999999995,5.799999999999999,11.0,5.700000000000001,3.0,6.299999999999999,"rgb(115,208,140)",47,140
2012-01-19,10.10888888888889,9.1,8.299999999999999,10.2,10.0,8.799999999999997,9.3,8.700000000000001,2.2,2.8000000000000003,5.4,8.799999999999997,12.7,10.900000000000002,5.0,9.2,"rgb(118,215,137)",40,137
2012-01-20,10.142222222222225,6.799999999999999,10.5,9.4,9.2,11.599999999999998,8.299999999999999,9.7,2.5,3.5,4.4,8.9,13.8,6.200000000000001,5.799999999999999,8.0,"rgb(125,218,130)",37,130
2012-01-21,10.43125,6.799999999999999,7.0,9.5,7.1000000000000005,9.7,9.3,7.399999999999999,1.9,1.9,6.0,8.0,14.599999999999998,4.3,8.200000000000001,9.7,"rgb(130,216,125)",39,125
2012-01-22,11.583333333333336,8.200000000000001,9.3,10.5,7.3,14.1,15.9,10.2,0.7000000000000001,0.9,4.3,8.200000000000001,18.6,6.2,6.7,10.9,"rgb(161,171,94)",84,94
2012-01-26,15.7,7.1,7.7,9.1,7.8,10.4,11.8,5.4,1.9,1.5,5.0,6.3,18.0,4.4,4.5,7.0,"rgb(165,219,90)",36,90
2012-01-27,10.0,6.3,6.3,7.4,6.3,4.9,6.3,6.1,2.2,2.3,2.7,6.7,7.6,5.0,3.8,5.2,"rgb(123,216,132)",39,132
2012-01-28,12.342857142857143,4.1000000000000005,7.1000000000000005,8.299999999999999,7.6,7.799999999999999,7.200000000000001,5.9,1.8000000000000005,2.2,2.6,7.1000000000000005,6.200000000000001,5.2,6.0,6.299999999999999,"rgb(119,210,136)",45,136
2012-01-29,15.2375,5.700000000000001,9.4,9.5,7.399999999999999,9.8,11.0,8.9,2.4,3.0,2.5,7.799999999999999,10.5,8.299999999999999,4.2,10.4,"rgb(132,226,123)",29,123
2012-01-30,14.12857142857143,7.1000000000000005,10.7,11.2,8.0,11.099999999999998,12.2,10.3,2.1,2.8000000000000003,4.6000000000000005,9.9,12.7,6.9,3.5,9.4,"rgb(147,243,108)",12,108
2012-01-31,20.4,5.7,8.8,11.2,8.4,10.5,10.9,8.1,2.2,2.5,3.2,9.7,11.6,6.3,5.4,11.4,"rgb(151,245,104)",10,104
2012-02-01,15.388888888888891,7.399999999999999,5.9,7.799999999999999,8.0,11.3,9.6,6.200000000000001,1.6,2.8000000000000003,4.1000000000000005,7.899999999999999,7.399999999999999,7.399999999999999,6.0,8.299999999999999,"rgb(144,241,111)",14,111
2012-02-02,14.706250000000002,9.9,11.599999999999998,12.5,10.0,17.2,21.7,14.099999999999998,3.1000000000000005,4.8,5.4,11.7,23.7,10.1,8.200000000000001,13.400000000000002,"rgb(173,244,82)",11,82
2012-02-03,13.25,6.0,6.799999999999999,9.0,7.799999999999999,10.4,14.7,6.5,0.9000000000000001,1.1,6.1000000000000005,7.5,20.0,5.700000000000001,5.6000000000000005,8.4,"rgb(170,223,85)",32,85
2012-02-04,13.2,6.6,8.599999999999998,7.799999999999999,6.799999999999999,7.799999999999999,5.5,5.200000000000001,2.3999999999999995,3.0,2.8000000000000003,9.400000000000002,13.900000000000002,6.9,7.799999999999999,8.599999999999998,"rgb(136,243,119)",12,119
2012-02-05,12.001111111111115,6.799999999999999,6.799999999999999,6.799999999999999,5.799999999999999,5.2,6.6000000000000005,5.3,2.5,2.8999999999999995,4.1000000000000005,7.299999999999999,7.0,5.1000000000000005,5.700000000000001,6.6000000000000005,"rgb(108,212,147)",43,147
2012-02-06,13.239999999999998,6.8,8.2,14.4,12.1,7.0,9.7,10.2,2.3,4.1,12.6,12.6,10.9,6.1,9.0,16.3,"rgb(50,156,205)",99,205
2012-02-08,15.35,6.3,9.4,11.0,7.2,13.1,18.7,12.3,0.7,1.0,6.4,8.1,24.2,4.1,7.3,7.3,"rgb(170,209,85)",46,85
2012-02-09,13.722222222222221,8.5,7.6,8.1,6.799999999999999,11.900000000000002,15.7,7.200000000000001,1.1,1.2,3.9,6.799999999999999,20.8,6.1000000000000005,4.2,7.1000000000000005,"rgb(166,242,89)",13,89
2012-02-10,14.666666666666664,7.399999999999999,8.200000000000001,9.6,7.200000000000001,10.6,8.6,6.0,2.1,2.8000000000000003,3.3000000000000003,8.0,8.4,7.899999999999999,6.0,5.0,"rgb(145,244,110)",11,110
2012-02-11,14.624444444444444,6.6000000000000005,10.4,9.7,7.299999999999999,11.5,9.1,8.4,1.6999999999999995,4.2,2.7,7.700000000000001,13.0,6.0,6.1000000000000005,10.7,"rgb(149,246,106)",9,106
2012-02-12,15.742857142857144,12.400000000000002,6.200000000000001,7.799999999999999,7.200000000000001,8.0,6.9,4.3,2.1,1.2,1.6999999999999995,6.700000000000001,15.400000000000002,12.7,4.0,6.1000000000000005,"rgb(133,242,122)",13,122
2012-02-13,12.6,8.2,9.5,13.4,6.3,4.5,9.5,8.8,1.5,5.2,1.8,12.8,13.4,4.4,5.6,6.4,"rgb(104,215,151)",40,151
2012-02-14,14.71625,6.0,5.700000000000001,7.6,6.9,4.9,4.7,4.4,2.5,3.0,2.8000000000000003,6.200000000000001,10.6,7.799999999999999,4.4,5.0,"rgb(94,197,161)",58,161
2012-02-15,15.41625,5.700000000000001,8.9,8.1,6.200000000000001,9.9,9.5,5.799999999999999,2.7,2.8000000000000003,2.2,7.700000000000001,13.8,9.5,7.1000000000000005,10.7,"rgb(97,188,158)",67,158
2012-02-16,14.88125,8.0,9.9,10.3,6.5,12.099999999999998,11.599999999999998,11.7,1.3,5.3,2.4,8.700000000000001,16.400000000000002,7.1000000000000005,7.299999999999999,12.0,"rgb(147,214,108)",41,108
2012-02-17,15.74,8.0,10.4,12.3,8.5,15.400000000000002,15.400000000000002,14.099999999999998,0.9000000000000001,4.0,1.9,10.8,18.7,7.6,6.0,7.299999999999999,"rgb(171,242,84)",13,84
2012-02-18,16.48888888888889,6.799999999999999,9.8,12.900000000000002,7.700000000000001,14.2,20.0,14.0,1.9,3.7,3.1000000000000005,10.1,21.4,5.799999999999999,6.200000000000001,10.7,"rgb(172,245,83)",10,83
2012-02-19,17.854285714285716,8.0,10.0,10.2,5.6000000000000005,13.400000000000002,18.3,10.1,1.5,5.0,3.9,9.0,20.0,6.700000000000001,5.3,8.9,"rgb(169,231,86)",24,86
2012-02-20,11.9,13.2,7.2,6.9,4.8,11.7,5.6,6.2,1.7,2.9,3.0,6.5,16.8,4.0,3.8,7.7,"rgb(138,238,117)",17,117
2012-02-21,18.544444444444444,11.3,3.8,6.200000000000001,4.2,5.799999999999999,5.3,4.5,1.3,1.6999999999999995,3.7,4.8,14.099999999999998,5.5,2.5,4.2,"rgb(103,198,152)",57,152
2012-02-22,18.9875,7.700000000000001,6.1000000000000005,5.6000000000000005,5.6000000000000005,5.4,6.299999999999999,5.1000000000000005,2.1,2.6,4.4,5.6000000000000005,14.5,7.899999999999999,4.7,3.9,"rgb(94,188,161)",67,161
2012-02-23,18.275,5.700000000000001,8.6,5.3,7.899999999999999,9.7,7.1000000000000005,5.4,2.2,2.7,5.799999999999999,7.6,6.1000000000000005,6.299999999999999,4.1000000000000005,8.299999999999999,"rgb(151,165,104)",90,104
2012-02-24,18.1875,6.299999999999999,7.399999999999999,7.6,8.299999999999999,10.4,7.0,8.799999999999997,1.6,2.5,8.200000000000001,8.9,6.0,4.8,7.200000000000001,7.700000000000001,"rgb(160,159,95)",96,95
2012-02-25,18.357142857142858,8.0,9.1,9.9,6.799999999999999,12.5,13.900000000000002,11.599999999999998,3.5,2.5,6.200000000000001,8.1,17.599999999999994,5.9,8.1,13.8,"rgb(154,176,101)",79,101
2012-02-26,18.666666666666668,6.8,9.5,10.9,8.700000000000001,13.8,14.5,11.5,0.7000000000000001,1.5,4.9,9.6,19.0,3.8,6.7,8.5,"rgb(158,181,97)",74,97
2012-02-27,15.6,6.6,8.2,9.3,8.0,12.6,11.5,9.0,0.7,1.3,4.8,7.4,18.2,5.8,5.1,7.3,"rgb(166,205,89)",50,89
2012-02-28,20.8375,7.399999999999999,12.599999999999998,15.3,15.3,12.7,10.3,9.8,1.5,2.2,12.5,11.599999999999998,15.2,10.5,7.299999999999999,10.8,"rgb(166,168,89)",87,89
2012-02-29,19.74285714285714,7.700000000000001,5.2,7.200000000000001,6.9,12.099999999999998,8.9,6.9,1.9,2.7,3.8,5.9,18.7,3.3000000000000003,3.6000000000000005,5.1000000000000005,"rgb(124,218,131)",37,131
2012-03-01,21.70777777777777,6.0,6.0,6.799999999999999,6.700000000000001,5.0,5.1000000000000005,4.1000000000000005,2.3000000000000003,3.0,3.2,5.6000000000000005,10.5,6.200000000000001,3.6000000000000005,6.4,"rgb(92,188,163)",67,163
2012-03-02,21.925,7.399999999999999,5.5,7.299999999999999,5.700000000000001,11.099999999999998,7.700000000000001,6.4,2.6,3.3000000000000003,3.1000000000000005,7.799999999999999,8.799999999999997,6.200000000000001,5.799999999999999,7.0,"rgb(86,181,169)",74,169
2012-03-03,22.144444444444453,7.399999999999999,7.200000000000001,7.5,5.6000000000000005,10.8,8.700000000000001,8.0,1.8000000000000005,2.2,3.0,7.200000000000001,12.099999999999998,3.7,5.9,8.700000000000001,"rgb(88,184,167)",71,167
2012-03-04,23.555714285714288,5.5,5.2,7.6,8.4,6.299999999999999,7.6,6.0,2.6,2.7,2.0,6.0,12.099999999999998,7.700000000000001,7.0,7.5,"rgb(88,181,167)",74,167
2012-03-05,21.5,8.8,9.2,18.4,11.2,7.8,7.3,7.6,3.8,5.4,5.8,12.9,10.9,11.0,10.5,15.6,"rgb(49,157,206)",98,206
2012-03-06,22.125,6.299999999999999,7.200000000000001,7.6,6.0,8.799999999999997,6.4,5.3,2.4,3.6000000000000005,4.4,7.200000000000001,10.1,5.799999999999999,5.9,8.4,"rgb(53,148,202)",107,202
2012-03-07,23.573333333333334,5.700000000000001,6.9,9.3,7.1000000000000005,9.8,7.5,6.5,1.8000000000000005,2.8000000000000003,3.6000000000000005,8.299999999999999,7.6,5.3,8.0,9.3,"rgb(92,174,163)",81,163
2012-03-08,23.9625,6.299999999999999,8.700000000000001,8.299999999999999,7.200000000000001,12.8,9.1,8.200000000000001,1.9,2.4,4.4,7.399999999999999,8.4,6.6000000000000005,5.1000000000000005,8.4,"rgb(96,178,159)",77,159
2012-03-09,22.825000000000006,5.2,9.4,10.8,8.0,14.099999999999998,12.2,11.3,0.7999999999999999,2.4,4.3,8.299999999999999,15.5,8.1,5.700000000000001,12.0,"rgb(156,184,99)",71,99
2012-03-10,23.214285714285715,6.0,8.1,10.6,7.200000000000001,13.400000000000002,11.8,10.6,0.6,2.0,3.1000000000000005,8.4,16.5,5.799999999999999,7.0,7.799999999999999,"rgb(166,209,89)",46,89
2012-03-11,24.75,5.2,7.6,10.6,6.7,14.0,19.7,10.2,0.7000000000000001,1.8,5.2,7.7,22.6,5.0,5.9,8.200000000000001,"rgb(166,206,89)",49,89
2012-03-12,18.4,8.0,5.1,8.2,7.2,13.4,17.3,5.5,0.8,1.6,4.4,5.8,22.5,8.1,3.4,6.7,"rgb(156,200,99)",55,99
2012-03-13,25.442857142857147,6.799999999999999,7.6,0.0,8.4,11.400000000000002,8.700000000000001,8.299999999999999,1.5,2.0,6.9,8.200000000000001,11.400000000000002,5.4,4.4,5.6000000000000005,"rgb(168,209,87)",46,87
2012-03-15,24.922222222222217,8.5,5.700000000000001,0.0,6.9,5.3,5.700000000000001,4.6000000000000005,2.0,2.5,3.3000000000000003,6.700000000000001,13.7,5.9,6.299999999999999,6.299999999999999,"rgb(89,195,166)",60,166
2012-03-16,27.67142857142857,5.700000000000001,7.0,8.6,7.299999999999999,5.700000000000001,6.4,4.8,2.5,2.8999999999999995,2.5,7.1000000000000005,9.3,5.799999999999999,8.4,9.7,"rgb(74,178,181)",77,181
2012-03-17,26.21428571428571,5.700000000000001,7.0,12.5,10.3,6.299999999999999,7.1000000000000005,6.4,2.2,3.0,2.7,11.0,10.900000000000002,5.4,6.799999999999999,9.2,"rgb(38,146,217)",109,217
2012-03-18,26.25,8.5,7.2,8.4,6.3,11.0,8.4,10.1,2.6,3.3000000000000003,4.3,8.200000000000001,8.0,9.9,7.5,9.0,"rgb(55,172,200)",83,200
2012-03-19,26.15,8.8,8.5,9.2,7.4,12.0,9.5,8.8,1.7,2.3,2.7,10.5,9.1,5.7,5.7,8.6,"rgb(86,181,169)",74,169
2012-03-20,27.4375,10.4,7.899999999999999,10.0,8.200000000000001,12.0,9.9,9.4,2.1,2.5,3.0,9.3,14.400000000000002,8.1,6.799999999999999,10.5,"rgb(86,183,169)",72,169
2012-03-21,24.750000000000004,10.4,8.0,9.9,6.6000000000000005,15.0,16.400000000000002,7.0,1.4,2.1,2.9,7.2,26.2,7.0,5.3,7.899999999999999,"rgb(102,246,153)",9,153
2012-03-22,26.37142857142857,11.3,5.3,8.0,8.299999999999999,3.8,4.2,4.2,1.9,1.8000000000000005,3.7,7.299999999999999,14.8,8.200000000000001,7.200000000000001,5.6000000000000005,"rgb(72,202,183)",53,183
2012-03-23,23.725,12.099999999999998,11.400000000000002,13.599999999999998,8.700000000000001,12.8,17.099999999999998,11.900000000000002,3.3000000000000003,3.9,3.7,11.8,17.900000000000006,14.0,8.4,16.099999999999998,"rgb(44,171,211)",84,211
2012-03-24,24.05,12.099999999999998,13.599999999999998,18.2,11.8,13.0,18.1,15.2,2.6,6.4,4.0,13.8,22.6,13.900000000000002,6.799999999999999,14.8,"rgb(172,247,83)",8,83
2012-03-25,27.4,8.799999999999997,8.700000000000001,8.0,7.8,13.4,15.3,8.700000000000001,2.4,1.9,4.7,8.0,20.6,7.8,6.6000000000000005,10.9,"rgb(120,255,135)",0,135
2012-03-26,20.2,12.6,9.0,10.8,7.4,12.4,9.5,7.5,2.5,2.1,2.5,7.2,20.1,9.7,4.3,10.3,"rgb(77,253,178)",2,178
2012-03-27,28.271428571428572,14.599999999999998,6.6000000000000005,8.4,7.700000000000001,9.8,7.6,5.0,2.0,2.8000000000000003,2.6,6.299999999999999,18.9,11.599999999999998,5.5,9.4,"rgb(71,247,184)",8,184
2012-03-28,26.7,15.099999999999998,6.700000000000001,8.799999999999997,6.4,9.3,8.0,5.4,2.3000000000000003,2.1,2.4,8.0,20.2,14.400000000000002,5.6000000000000005,8.799999999999997,"rgb(69,245,186)",10,186
2012-03-29,26.47142857142857,17.3,6.0,8.9,8.0,5.9,7.5,7.1000000000000005,1.8000000000000005,1.9,2.8000000000000003,8.6,16.900000000000002,13.400000000000002,6.6000000000000005,8.6,"rgb(68,243,187)",12,187
2012-03-30,25.175,11.3,6.299999999999999,7.0,7.6,5.799999999999999,6.700000000000001,4.6000000000000005,2.2,2.7,3.0,6.6000000000000005,15.8,7.0,4.5,5.2,"rgb(67,215,188)",40,188
2012-03-31,28.075,10.2,11.5,13.099999999999998,10.6,14.3,17.7,15.5,2.4,5.1000000000000005,3.3000000000000003,11.900000000000002,23.5,10.7,7.299999999999999,16.7,"rgb(113,254,142)",1,142
2012-04-01,27.849999999999994,14.8,5.7,9.8,6.2,12.8,7.0,4.5,2.0,3.4,2.3000000000000003,9.7,20.6,6.5,3.6,7.3,"rgb(71,245,184)",10,184
2012-04-02,26.97142857142857,12.099999999999998,5.3,6.9,6.0,4.6000000000000005,5.5,5.4,2.1,1.6,4.3,5.1000000000000005,13.5,5.700000000000001,4.7,5.4,"rgb(65,211,190)",44,190
2012-04-03,26.47142857142857,14.3,8.9,10.0,11.599999999999998,12.8,16.0,10.5,2.3000000000000003,3.1000000000000005,2.5,8.299999999999999,22.0,19.1,11.900000000000002,17.7,"rgb(85,237,170)",18,170
2012-04-04,28.9,14.3,6.5,7.2,7.0,9.6,16.0,4.9,2.1,1.9,2.8,6.9,19.0,6.0,3.9,5.5,"rgb(73,239,182)",16,182
2012-04-05,31.7,10.7,6.3,8.4,9.3,7.1,6.5,6.2,1.7,1.3,4.6,7.8,10.6,5.1,5.5,6.8,"rgb(116,175,139)",80,139
2012-04-06,26.525,12.900000000000002,3.6000000000000005,5.5,7.6,11.599999999999998,8.5,4.6000000000000005,1.1,1.0,2.6,4.8,20.5,6.299999999999999,6.4,10.1,"rgb(163,200,92)",55,92
2012-04-07,26.9875,13.5,5.5,5.6000000000000005,6.799999999999999,12.7,7.6,3.2,1.1,1.5,3.8,4.8,18.0,9.2,3.0,7.899999999999999,"rgb(71,244,184)",11,184
2012-04-08,26.899999999999995,15.1,6.3,8.5,7.6,7.2,4.9,5.3,1.1,2.1,3.3000000000000003,7.7,18.8,11.6,3.7,7.399999999999999,"rgb(68,239,187)",16,187
2012-04-09,26.3,8.8,6.2,7.5,7.5,6.9,5.1,4.9,1.6,1.8,3.6,6.0,14.9,4.5,1.9,4.3,"rgb(116,175,139)",80,139
2012-04-10,26.9875,6.299999999999999,7.0,12.599999999999998,9.2,5.4,5.700000000000001,5.799999999999999,2.5,1.8000000000000005,3.2,8.4,9.4,6.1000000000000005,5.6000000000000005,6.1000000000000005,"rgb(49,184,206)",71,206
2012-04-11,26.457142857142852,8.200000000000001,6.799999999999999,8.9,7.6,5.4,9.0,9.8,2.2,2.6,3.3999999999999995,8.299999999999999,7.399999999999999,12.099999999999998,9.4,8.6,"rgb(58,124,197)",131,197
2012-04-12,24.500000000000004,4.4,6.1000000000000005,9.0,5.2,6.5,5.799999999999999,4.4,2.5,2.1,2.8000000000000003,7.0,9.1,10.2,6.6000000000000005,5.9,"rgb(31,126,224)",129,224
2012-04-13,22.5375,6.799999999999999,7.399999999999999,8.0,8.5,11.8,13.400000000000002,11.5,2.7,3.0,3.2,8.700000000000001,11.900000000000002,4.6000000000000005,5.799999999999999,11.2,"rgb(37,136,218)",119,218
2012-04-14,21.163333333333334,9.3,6.799999999999999,9.1,6.4,7.899999999999999,5.9,6.0,2.6,2.7,1.9,8.9,7.5,8.299999999999999,5.5,7.899999999999999,"rgb(40,134,215)",121,215
2012-04-15,19.96857142857143,5.700000000000001,7.0,7.700000000000001,7.6,9.5,5.9,9.9,2.1,2.8999999999999995,3.5,8.200000000000001,10.0,5.2,6.4,6.700000000000001,"rgb(42,122,213)",133,213
2012-04-16,16.6,12.6,7.9,8.4,8.8,7.0,8.7,8.4,5.4,2.5,4.9,9.7,11.4,9.7,7.8,10.6,"rgb(161,159,94)",96,94
2012-04-17,19.044444444444448,12.099999999999998,6.200000000000001,6.0,6.200000000000001,8.0,8.4,5.700000000000001,1.2,1.8000000000000005,4.1000000000000005,7.0,12.0,5.9,3.8,5.5,"rgb(69,136,186)",119,186
2012-04-18,18.17111111111111,7.1000000000000005,6.299999999999999,8.4,5.0,5.4,9.2,6.0,2.3000000000000003,2.0,5.6000000000000005,7.0,9.6,7.1000000000000005,3.1000000000000005,3.7,"rgb(5,107,250)",148,250
2012-04-19,17.43333333333333,8.0,5.0,6.700000000000001,7.6,4.9,5.6000000000000005,4.2,1.5,1.6,4.9,5.5,7.5,4.7,5.3,6.4,"rgb(43,124,212)",131,212
2012-04-20,14.55375,9.1,6.9,15.5,5.700000000000001,10.4,7.899999999999999,7.799999999999999,1.9,3.6000000000000005,10.6,10.1,10.1,5.1000000000000005,3.0,5.2,"rgb(18,103,237)",152,237
2012-04-21,15.822500000000002,8.5,8.6,7.899999999999999,8.1,10.5,14.900000000000002,13.2,2.4,4.4,8.799999999999997,9.9,11.0,5.2,6.5,13.599999999999998,"rgb(39,88,216)",167,216
2012-04-22,14.315714285714288,9.1,5.2,5.1000000000000005,3.6000000000000005,7.700000000000001,6.5,4.4,1.1,2.0,3.3000000000000003,6.200000000000001,8.200000000000001,14.5,6.299999999999999,11.900000000000002,"rgb(54,119,201)",136,201
2012-04-23,6.9,5.2,6.3,10.3,7.1,5.2,6.1,4.8,2.0,1.8,3.8,6.3,9.3,7.4,4.6,5.3,"rgb(41,122,214)",133,214
2012-04-24,14.782222222222224,6.6000000000000005,13.900000000000002,14.2,9.2,10.5,14.7,16.900000000000002,5.1000000000000005,8.299999999999999,6.1000000000000005,14.3,9.2,7.200000000000001,8.1,12.400000000000002,"rgb(51,85,204)",170,204
2012-04-25,14.6,9.9,13.2,12.7,7.1000000000000005,14.2,15.0,14.0,3.7,8.799999999999997,6.200000000000001,12.400000000000002,9.7,5.4,8.799999999999997,13.7,"rgb(56,108,199)",147,199
2012-04-26,14.1875,10.4,12.599999999999998,13.8,7.299999999999999,17.0,15.099999999999998,13.5,2.4,3.2,9.3,8.200000000000001,16.2,17.400000000000002,8.4,14.0,"rgb(167,158,88)",97,88
2012-04-27,15.93888888888889,5.2,9.4,15.7,7.700000000000001,7.899999999999999,8.0,6.1000000000000005,1.4,2.1,9.9,14.2,12.0,4.1000000000000005,4.4,5.4,"rgb(165,160,90)",95,90
2012-04-28,15.442222222222226,7.399999999999999,3.7,9.2,13.7,4.8,4.5,4.3,1.0,2.3000000000000003,13.099999999999998,5.2,12.900000000000002,6.700000000000001,3.0,4.0,"rgb(39,96,216)",159,216
2012-04-29,15.484285714285715,9.1,12.8,10.3,5.9,11.8,16.7,15.5,2.6,9.2,9.5,10.8,7.5,5.5,7.299999999999999,14.5,"rgb(42,92,213)",163,213
2012-04-30,11.933333333333332,11.800000000000002,7.8,12.5,7.099999999999999,13.0,13.699999999999998,13.1,1.5,4.1,6.0,9.0,8.9,8.2,5.3,6.8,"rgb(20,22,235)",233,235
2012-05-01,15.623333333333333,5.700000000000001,9.2,8.5,5.3,15.0,17.8,12.599999999999998,3.5,6.200000000000001,5.6000000000000005,10.6,9.9,5.799999999999999,7.799999999999999,9.8,"rgb(29,72,226)",183,226
2012-05-02,15.233333333333333,8.200000000000001,7.799999999999999,9.1,8.4,14.599999999999998,14.900000000000002,12.5,3.1000000000000005,5.6000000000000005,4.5,9.8,12.3,12.8,8.799999999999997,8.299999999999999,"rgb(163,159,92)",96,92
2012-05-03,14.733333333333333,7.399999999999999,6.200000000000001,12.099999999999998,9.2,6.1000000000000005,6.9,4.7,2.3000000000000003,4.0,6.700000000000001,10.3,8.200000000000001,4.8,5.5,9.4,"rgb(45,51,210)",204,210
2012-05-04,14.524444444444445,6.6000000000000005,6.5,10.900000000000002,6.0,7.6,6.0,4.7,1.3,2.5,5.2,7.200000000000001,16.5,8.4,6.799999999999999,7.399999999999999,"rgb(26,24,229)",231,229
2012-05-05,14.119999999999996,6.299999999999999,5.5,8.299999999999999,6.799999999999999,8.299999999999999,7.1000000000000005,7.1000000000000005,1.4,3.3999999999999995,3.6000000000000005,7.299999999999999,8.9,7.6,5.4,9.1,"rgb(49,125,206)",130,206
2012-05-06,15.17,6.299999999999999,6.4,6.5,7.0,7.200000000000001,7.700000000000001,6.0,1.9,3.3999999999999995,5.5,6.0,8.9,6.700000000000001,3.6000000000000005,5.9,"rgb(47,126,208)",129,208
2012-05-07,11.266666666666666,5.2,6.8,7.3,5.400000000000001,4.9,5.900000000000001,5.2,2.3,2.7000000000000006,3.0,7.099999999999999,7.099999999999999,7.099999999999999,5.5,4.7,"rgb(41,121,214)",134,214
2012-05-08,13.725555555555555,6.799999999999999,7.799999999999999,6.799999999999999,6.799999999999999,14.400000000000002,15.0,11.599999999999998,2.3000000000000003,4.5,3.6000000000000005,8.299999999999999,11.099999999999998,5.799999999999999,4.0,7.799999999999999,"rgb(32,73,223)",182,223
2012-05-09,14.18,8.0,8.299999999999999,6.799999999999999,8.5,9.6,9.7,10.900000000000002,1.6999999999999995,4.0,2.2,8.6,11.400000000000002,13.8,7.299999999999999,8.299999999999999,"rgb(73,93,182)",162,182
2012-05-10,14.65375,5.700000000000001,6.6000000000000005,8.1,7.799999999999999,7.5,9.7,4.5,1.6999999999999995,2.2,3.6000000000000005,7.6,6.700000000000001,6.200000000000001,5.2,7.299999999999999,"rgb(55,113,200)",142,200
2012-05-11,14.090000000000002,6.0,6.5,8.4,7.700000000000001,8.200000000000001,5.1000000000000005,5.5,1.5,3.8,1.5,6.9,10.6,3.9,5.2,9.6,"rgb(48,116,207)",139,207
2012-05-12,13.810000000000002,6.799999999999999,6.9,7.799999999999999,7.200000000000001,6.5,6.4,7.0,2.0,2.6,2.1,7.6,8.6,8.4,4.1000000000000005,5.799999999999999,"rgb(149,193,106)",62,106
2012-05-30,9.385714285714286,7.700000000000001,6.5,11.0,8.6,6.1000000000000005,6.5,4.8,2.3000000000000003,2.3000000000000003,2.5,9.9,7.299999999999999,6.1000000000000005,5.700000000000001,5.700000000000001,"rgb(71,95,184)",160,184
2012-05-31,10.43,9.6,9.5,10.2,8.5,12.400000000000002,17.5,13.8,2.7,5.9,2.3000000000000003,9.0,15.5,11.2,5.5,11.900000000000002,"rgb(50,80,205)",175,205
2012-06-01,9.682857142857145,6.799999999999999,6.4,7.399999999999999,7.799999999999999,12.099999999999998,15.2,8.299999999999999,2.1,3.6000000000000005,1.8000000000000005,8.0,18.7,7.6,7.299999999999999,11.7,"rgb(40,74,215)",181,215
2012-06-02,10.388571428571428,6.0,11.5,12.3,10.7,10.6,9.5,9.2,3.2,4.9,1.8000000000000005,10.6,15.400000000000002,7.799999999999999,6.5,10.4,"rgb(41,71,214)",184,214
2012-06-03,10.111428571428572,8.200000000000001,7.200000000000001,8.6,4.9,12.5,21.9,8.6,2.1,3.5,1.9,9.3,9.4,10.6,10.0,14.599999999999998,"rgb(55,79,200)",176,200
2012-06-04,12.0,6.3,8.8,9.4,7.3,9.7,8.0,7.1,3.0,3.3,2.1,8.8,6.7,5.3,7.1,7.4,"rgb(61,84,194)",171,194
2012-06-05,10.588571428571427,6.799999999999999,8.6,9.3,10.4,7.399999999999999,7.799999999999999,7.5,2.5,4.0,2.4,8.299999999999999,8.799999999999997,8.299999999999999,6.200000000000001,8.1,"rgb(49,68,206)",187,206
2012-06-06,9.883333333333333,5.7,5.6000000000000005,7.1000000000000005,7.7,6.8,6.0,6.1000000000000005,2.4,2.7,3.2,6.8,8.9,4.8,4.2,5.9,"rgb(46,51,209)",204,209
2012-06-08,9.434444444444443,11.8,11.0,10.1,9.9,10.5,12.5,11.3,2.8999999999999995,7.1000000000000005,4.9,14.0,10.900000000000002,7.6,6.1000000000000005,7.6,"rgb(36,34,219)",221,219
2012-06-09,9.233333333333333,6.3,11.1,12.8,11.5,12.0,14.2,10.7,4.0,7.5,7.5,14.1,13.9,6.6000000000000005,7.3,11.5,"rgb(25,29,230)",226,230
2012-06-10,8.971428571428572,5.5,11.400000000000002,14.0,14.2,13.099999999999998,13.7,10.1,2.4,6.1000000000000005,7.899999999999999,12.7,17.7,7.5,4.2,5.2,"rgb(36,20,219)",235,219
2012-06-12,9.8675,5.700000000000001,9.9,17.900000000000006,17.2,8.6,13.599999999999998,12.099999999999998,2.7,6.1000000000000005,12.599999999999998,11.099999999999998,16.099999999999998,7.6,3.3999999999999995,7.399999999999999,"rgb(43,16,212)",239,212
2012-06-13,11.155555555555555,5.5,7.799999999999999,12.400000000000002,9.6,9.6,7.799999999999999,6.4,1.3,3.6000000000000005,6.0,9.4,10.1,8.200000000000001,6.0,8.6,"rgb(46,41,209)",214,209
2012-06-14,12.4675,4.6000000000000005,5.4,18.3,18.0,6.6000000000000005,6.299999999999999,4.1000000000000005,1.4,2.6,10.5,7.1000000000000005,15.0,4.7,2.2,4.2,"rgb(28,17,227)",238,227
2012-06-15,11.766666666666667,6.0,7.6,11.599999999999998,8.799999999999997,6.6000000000000005,7.5,8.6,1.6,4.9,8.6,10.8,11.0,6.1000000000000005,6.299999999999999,4.3,"rgb(44,41,211)",214,211
2012-06-16,12.381428571428573,10.7,5.9,11.599999999999998,10.8,4.9,5.5,4.6000000000000005,1.6,2.7,2.2,6.9,10.4,10.4,6.700000000000001,6.299999999999999,"rgb(33,69,222)",186,222
2012-06-17,13.082857142857142,11.3,8.200000000000001,10.5,9.2,6.4,6.1000000000000005,5.2,2.8999999999999995,4.8,3.6000000000000005,7.1000000000000005,10.8,13.0,5.6000000000000005,7.799999999999999,"rgb(20,35,235)",220,235
2012-06-18,12.5,8.0,7.7,12.4,10.6,6.5,7.4,4.9,3.5,4.1,4.7,10.3,9.4,8.3,5.7,5.6,"rgb(4,104,251)",151,251
2012-06-19,15.048888888888891,3.5,9.4,14.7,16.099999999999998,7.299999999999999,8.799999999999997,10.5,1.5,4.3,17.3,16.5,14.5,4.4,9.2,16.900000000000002,"rgb(31,21,224)",234,224
2012-06-20,16.411111111111108,10.4,17.7,26.4,22.4,15.900000000000002,11.099999999999998,8.799999999999997,5.6000000000000005,11.0,32.800000000000004,16.900000000000002,22.9,4.2,6.5,15.5,"rgb(37,18,218)",237,218
2012-06-21,15.742857142857144,4.1000000000000005,9.6,9.4,8.4,4.0,3.2,6.1000000000000005,3.9,6.1000000000000005,7.700000000000001,10.4,7.5,10.2,7.0,12.0,"rgb(35,32,220)",223,220
2012-06-22,14.8,3.8,8.799999999999997,10.6,8.0,6.5,7.899999999999999,10.2,3.2,6.6000000000000005,5.3,12.900000000000002,7.6,6.200000000000001,4.2,12.099999999999998,"rgb(60,89,195)",166,195
2012-06-23,13.38,5.2,11.7,14.900000000000002,6.799999999999999,10.5,11.2,12.0,4.0,7.399999999999999,7.200000000000001,12.3,8.299999999999999,6.5,6.700000000000001,15.400000000000002,"rgb(16,50,239)",205,239
2012-06-24,16.1,4.6,11.1,10.0,5.5,11.1,12.0,12.9,3.2,7.0,11.8,12.5,8.4,6.2,8.1,12.0,"rgb(22,64,233)",191,233
2012-06-25,13.7,7.4,8.2,8.8,4.9,11.3,9.5,9.9,2.9,5.5,5.9,12.4,8.9,5.6,7.1,6.5,"rgb(26,70,229)",185,229
2012-06-26,11.803333333333333,8.5,9.3,11.099999999999998,6.9,7.6,10.7,12.0,2.8999999999999995,5.4,4.7,12.599999999999998,7.0,6.6000000000000005,6.299999999999999,6.9,"rgb(59,88,196)",167,196
2012-06-27,12.3825,5.2,7.399999999999999,9.2,6.1000000000000005,6.799999999999999,7.6,6.4,2.8999999999999995,5.0,5.0,8.299999999999999,5.799999999999999,6.799999999999999,6.5,4.5,"rgb(17,61,238)",194,238
2012-06-28,12.8,12.400000000000002,9.8,11.0,11.099999999999998,15.3,6.799999999999999,6.799999999999999,2.6,6.4,3.7,9.8,18.7,11.900000000000002,9.0,14.599999999999998,"rgb(49,56,206)",199,206
2012-06-29,13.017777777777773,15.099999999999998,8.1,13.400000000000002,15.7,12.5,5.0,9.2,2.3000000000000003,3.5,4.1000000000000005,8.799999999999997,12.2,15.400000000000002,4.6000000000000005,7.299999999999999,"rgb(40,63,215)",192,215
2012-06-30,12.515,6.0,6.299999999999999,12.900000000000002,12.5,5.2,6.0,4.9,2.6,3.6000000000000005,3.1000000000000005,8.6,10.0,9.5,6.700000000000001,5.5,"rgb(18,92,237)",163,237
2012-07-01,12.437142857142856,5.700000000000001,7.299999999999999,8.4,9.9,6.299999999999999,7.700000000000001,6.0,3.3999999999999995,3.7,2.8000000000000003,7.399999999999999,9.1,8.200000000000001,5.799999999999999,5.6000000000000005,"rgb(26,111,229)",144,229
2012-07-03,12.33625,5.700000000000001,5.799999999999999,7.6,6.799999999999999,6.5,6.4,7.0,2.8000000000000003,3.2,4.7,8.4,9.0,8.5,6.4,4.8,"rgb(21,71,234)",184,234
2012-07-04,12.3125,9.6,6.799999999999999,9.3,7.799999999999999,6.1000000000000005,7.899999999999999,5.6000000000000005,3.0,3.0,4.0,8.0,13.2,13.8,6.200000000000001,6.200000000000001,"rgb(23,73,232)",182,232
2012-07-05,12.9625,4.4,8.700000000000001,9.1,12.400000000000002,6.1000000000000005,7.0,6.299999999999999,4.2,3.5,3.5,7.1000000000000005,9.0,8.799999999999997,7.299999999999999,4.8,"rgb(12,89,243)",166,243
2012-07-06,12.033749999999998,5.700000000000001,6.4,12.0,11.599999999999998,7.6,6.0,7.299999999999999,2.4,2.6,3.1000000000000005,9.3,8.9,8.5,8.200000000000001,7.0,"rgb(63,90,192)",165,192
2012-07-07,13.52375,6.299999999999999,7.1000000000000005,9.8,6.4,7.200000000000001,9.3,9.0,2.3000000000000003,3.2,2.4,9.9,6.6000000000000005,7.5,7.0,6.6000000000000005,"rgb(4,103,251)",152,251
2012-07-08,13.135714285714286,6.299999999999999,7.5,8.5,5.9,8.200000000000001,7.5,9.8,2.6,3.1000000000000005,5.4,9.4,6.0,8.1,14.2,5.4,"rgb(37,79,218)",176,218
2012-07-10,13.870999999999999,4.9,7.4,8.099999999999998,8.799999999999997,12.400000000000002,12.3,10.0,3.0,3.9,2.2,8.5,12.0,7.799999999999999,8.900000000000002,8.400000000000002,"rgb(23,67,232)",188,232
2012-07-11,14.131111111111109,6.799999999999999,8.9,10.0,9.0,13.2,13.900000000000002,12.099999999999998,2.8999999999999995,4.3,3.8,10.1,12.900000000000002,7.5,7.799999999999999,8.5,"rgb(26,66,229)",189,229
2012-07-12,13.2875,5.5,10.1,8.799999999999997,7.6,13.0,15.0,11.5,2.8000000000000003,5.2,3.1000000000000005,10.7,11.599999999999998,7.399999999999999,7.299999999999999,7.799999999999999,"rgb(24,68,231)",187,231
2012-07-13,12.956,5.700000000000001,8.799999999999997,10.8,6.700000000000001,10.5,12.8,10.099999999999998,2.8999999999999995,5.1000000000000005,4.5,10.7,11.599999999999998,7.299999999999999,8.0,7.9,"rgb(23,65,232)",190,232
2012-07-14,13.585714285714287,6.799999999999999,9.7,8.1,6.6000000000000005,12.5,13.0,11.2,2.8999999999999995,6.700000000000001,5.2,12.5,12.2,7.1000000000000005,9.2,5.4,"rgb(18,61,237)",194,237
2012-07-15,14.721428571428573,5.5,10.7,11.5,8.9,12.099999999999998,12.3,11.8,3.1000000000000005,6.5,4.5,12.400000000000002,10.8,6.9,6.0,6.6000000000000005,"rgb(19,59,236)",196,236
2012-07-16,17.0,6.0,8.7,8.1,6.2,9.4,11.3,8.4,2.3,4.9,5.6,12.8,9.1,8.3,4.7,7.5,"rgb(0,84,255)",171,255
2012-07-17,14.378888888888886,10.2,8.9,8.200000000000001,6.6000000000000005,8.299999999999999,10.5,9.7,3.3000000000000003,2.8000000000000003,5.4,8.9,8.299999999999999,10.3,5.9,4.7,"rgb(70,95,185)",160,185
2012-07-18,15.357500000000002,5.5,7.299999999999999,9.1,7.200000000000001,9.2,11.0,9.3,2.4,3.8,2.8999999999999995,7.6,10.8,8.700000000000001,6.6000000000000005,6.799999999999999,"rgb(17,40,238)",215,238
2012-07-19,17.5375,6.799999999999999,6.4,7.899999999999999,7.0,6.6000000000000005,7.700000000000001,5.5,2.7,2.7,2.7,8.700000000000001,4.9,6.799999999999999,6.0,5.799999999999999,"rgb(12,64,243)",191,243
2012-07-20,18.78333333333333,12.1,6.4,7.1000000000000005,7.3,12.5,6.7,6.5,2.4,2.3000000000000003,2.3000000000000003,6.7,14.9,13.5,7.8,11.9,"rgb(28,74,227)",181,227
2012-07-21,22.383333333333336,15.4,13.2,11.3,16.7,8.299999999999999,7.2,9.8,2.4,5.2,6.8,10.8,15.2,15.4,5.5,9.4,"rgb(45,52,210)",203,210
2012-07-22,22.542857142857148,13.7,6.299999999999999,8.4,14.2,4.9,4.9,5.0,2.2,2.8000000000000003,3.9,17.599999999999994,11.3,13.599999999999998,3.6000000000000005,7.200000000000001,"rgb(55,52,200)",203,200
2012-07-24,19.750000000000004,13.5,10.5,18.1,9.3,8.1,10.4,8.799999999999997,2.6,6.9,7.6,13.8,10.6,13.7,4.6000000000000005,6.4,"rgb(20,22,235)",233,235
2012-07-25,21.3,9.6,9.6,13.099999999999998,7.0,7.299999999999999,7.6,5.6000000000000005,2.3000000000000003,3.3999999999999995,2.8000000000000003,9.6,12.099999999999998,10.900000000000002,5.6000000000000005,9.2,"rgb(5,47,250)",208,250
2012-07-26,22.2375,3.5,6.1000000000000005,7.299999999999999,7.5,3.8,4.8,5.5,2.3000000000000003,3.6000000000000005,3.3999999999999995,9.4,8.5,5.3,7.1000000000000005,4.6000000000000005,"rgb(154,152,101)",103,101
2012-07-27,24.92857142857143,6.299999999999999,7.5,7.200000000000001,6.799999999999999,7.299999999999999,6.0,6.299999999999999,2.1,3.3000000000000003,2.7,7.6,5.9,7.299999999999999,7.5,6.799999999999999,"rgb(4,84,251)",171,251
2012-07-28,24.642857142857146,13.5,6.799999999999999,5.5,5.5,6.299999999999999,6.299999999999999,5.799999999999999,2.0,2.7,4.3,7.0,13.099999999999998,15.599999999999998,4.8,8.4,"rgb(55,65,200)",190,200
2012-07-29,24.785714285714285,9.9,6.4,7.399999999999999,7.0,14.2,13.099999999999998,5.6000000000000005,2.4,3.1000000000000005,3.3000000000000003,7.200000000000001,15.900000000000002,9.4,8.799999999999997,14.0,"rgb(27,80,228)",175,228
2012-07-30,26.0,9.3,6.2,6.8,7.1,11.7,18.2,12.4,1.9,1.9,1.9,6.3,13.9,12.4,11.9,11.0,"rgb(65,80,190)",175,190
2012-07-31,28.28333333333333,16.2,10.0,7.2,5.4,17.2,21.6,15.1,2.0,4.6000000000000005,2.4,7.0,6.0,22.3,12.4,17.5,"rgb(65,60,190)",195,190
2012-08-01,28.5125,25.9,22.0,22.300000000000004,21.800000000000004,22.6,27.0,19.9,4.3,7.899999999999999,17.099999999999998,20.9,23.800000000000004,23.0,13.400000000000002,13.900000000000002,"rgb(77,75,178)",180,178
2012-08-02,31.200000000000006,22.0,21.7,24.2,24.5,22.0,26.9,21.5,7.0,8.6,18.6,21.6,25.1,30.6,11.7,17.5,"rgb(43,17,212)",238,212
2012-08-03,32.90000000000001,7.1,11.3,12.9,6.9,15.9,13.2,13.3,3.1,7.3,8.2,13.6,10.1,7.1,5.6,13.7,"rgb(45,87,210)",168,210
2012-08-04,34.78333333333333,8.0,7.8,10.8,7.6,5.0,6.3,7.899999999999999,1.9,5.0,3.9,9.6,8.6,7.7,7.8,9.1,"rgb(21,35,234)",220,234
2012-08-05,34.65,8.0,5.2,7.7,6.1000000000000005,6.6000000000000005,7.5,5.9,2.3000000000000003,2.5,2.3000000000000003,8.299999999999999,15.4,14.8,5.2,5.0,"rgb(25,88,230)",167,230
2012-08-07,33.550000000000004,10.2,6.7,9.0,7.899999999999999,11.2,10.1,9.0,3.4,3.6,3.5,8.6,14.2,13.9,4.1000000000000005,5.5,"rgb(36,32,219)",223,219
2012-08-08,32.6,7.1000000000000005,8.5,10.5,14.900000000000002,12.8,10.900000000000002,11.900000000000002,2.6,5.6000000000000005,5.3,11.8,10.900000000000002,6.299999999999999,7.1000000000000005,7.700000000000001,"rgb(27,83,228)",172,228
2012-08-09,35.437777777777775,8.799999999999997,7.200000000000001,9.7,8.799999999999997,7.0,6.299999999999999,9.4,2.3000000000000003,3.6000000000000005,4.9,9.3,9.2,8.9,4.3,5.6000000000000005,"rgb(31,28,224)",227,224
2012-08-10,33.82444444444444,4.1000000000000005,10.8,13.3,10.8,11.7,10.1,13.0,3.3999999999999995,4.6000000000000005,7.6,12.599999999999998,13.0,4.7,3.3999999999999995,8.0,"rgb(35,29,220)",226,220
2012-08-11,33.79125,3.5,9.4,11.7,11.599999999999998,11.099999999999998,11.2,12.400000000000002,3.9,5.2,6.0,11.2,11.099999999999998,9.1,5.4,8.1,"rgb(27,35,228)",220,228
2012-08-12,32.957142857142856,6.299999999999999,9.6,10.3,7.799999999999999,8.0,6.1000000000000005,9.3,2.7,6.0,4.9,10.1,8.6,8.799999999999997,6.200000000000001,5.3,"rgb(2,88,253)",167,253
2012-08-14,33.73125,6.799999999999999,9.6,8.5,9.7,10.6,6.1000000000000005,5.5,2.1,3.8,2.8999999999999995,7.700000000000001,11.7,6.299999999999999,9.7,9.2,"rgb(25,85,230)",170,230
2012-08-15,36.77142857142857,10.7,5.6000000000000005,6.799999999999999,4.4,10.6,11.0,5.1000000000000005,2.7,2.8999999999999995,2.6,7.799999999999999,18.1,12.3,4.7,10.1,"rgb(51,60,204)",195,204
2012-08-16,33.6875,11.5,6.799999999999999,11.2,11.400000000000002,6.6000000000000005,9.6,8.200000000000001,2.0,3.1000000000000005,5.2,7.399999999999999,13.3,14.2,5.5,7.5,"rgb(6,71,249)",184,249
2012-08-17,34.42857142857143,5.2,8.9,13.7,7.799999999999999,7.399999999999999,9.5,5.1000000000000005,3.2,9.8,3.1000000000000005,10.7,8.6,6.5,5.6000000000000005,5.1000000000000005,"rgb(2,56,253)",199,253
2012-08-18,32.13285714285714,5.700000000000001,4.6000000000000005,6.9,6.299999999999999,7.299999999999999,7.799999999999999,6.799999999999999,2.3000000000000003,1.9,2.1,4.6000000000000005,4.8,6.700000000000001,6.299999999999999,6.799999999999999,"rgb(1,91,254)",164,254
2012-08-19,31.299999999999994,6.799999999999999,7.799999999999999,8.0,7.299999999999999,6.200000000000001,7.200000000000001,6.299999999999999,2.8000000000000003,3.8,3.5,10.8,8.5,7.799999999999999,7.200000000000001,6.9,"rgb(3,65,252)",190,252
2012-08-21,35.42857142857143,7.399999999999999,5.9,9.4,7.899999999999999,8.299999999999999,7.1000000000000005,5.4,2.8999999999999995,1.3,2.4,6.9,7.6,8.4,7.299999999999999,8.700000000000001,"rgb(23,94,232)",161,232
2012-08-22,35.65714285714286,7.700000000000001,8.700000000000001,9.9,8.6,11.8,14.599999999999998,11.900000000000002,2.5,3.0,2.5,9.4,7.5,12.3,6.299999999999999,6.4,"rgb(5,50,250)",205,250
2012-08-23,31.075,12.099999999999998,11.900000000000002,12.599999999999998,6.1000000000000005,12.900000000000002,20.0,15.400000000000002,2.7,5.0,2.8000000000000003,8.4,7.1000000000000005,12.0,16.599999999999998,20.4,"rgb(63,58,192)",197,192
2012-08-24,35.59,16.5,6.6000000000000005,16.0,21.9,18.0,23.5,12.0,2.6,2.8999999999999995,11.900000000000002,8.6,41.1,13.2,12.900000000000002,33.9,"rgb(47,40,208)",215,208
2012-08-25,36.69285714285714,12.099999999999998,7.5,17.400000000000002,15.599999999999998,14.8,9.5,6.1000000000000005,1.9,2.3000000000000003,2.0,10.4,12.400000000000002,10.4,6.4,11.400000000000002,"rgb(39,31,216)",224,216
2012-08-26,33.07142857142857,6.799999999999999,8.5,9.5,9.8,9.5,11.599999999999998,8.299999999999999,3.2,4.1000000000000005,2.6,10.6,9.1,6.9,6.6000000000000005,6.1000000000000005,"rgb(1,55,254)",200,254
2012-08-28,36.083333333333336,18.7,7.8,14.1,20.4,7.2,8.0,7.1000000000000005,2.5,2.2,5.1000000000000005,8.0,31.8,10.3,12.7,19.7,"rgb(59,56,196)",199,196
2012-08-29,29.5625,9.6,8.200000000000001,7.399999999999999,6.4,10.1,11.0,11.099999999999998,2.5,4.2,2.8999999999999995,9.0,9.4,5.0,7.299999999999999,5.3,"rgb(17,45,238)",210,238
2012-08-30,28.854285714285712,7.399999999999999,6.5,7.799999999999999,4.9,6.200000000000001,6.4,7.1000000000000005,2.5,2.4,2.3000000000000003,8.700000000000001,6.4,8.4,4.2,6.799999999999999,"rgb(60,97,195)",158,195
2012-08-31,26.18875,5.5,9.0,8.299999999999999,7.200000000000001,5.799999999999999,6.299999999999999,4.5,2.6,2.5,4.3,11.900000000000002,6.6000000000000005,10.1,5.5,6.9,"rgb(2,82,253)",173,253
2012-09-01,26.457142857142852,8.0,6.299999999999999,9.0,8.299999999999999,6.700000000000001,5.799999999999999,5.0,2.6,2.6,3.0,7.899999999999999,10.2,8.9,6.299999999999999,5.799999999999999,"rgb(3,91,252)",164,252
2012-09-02,28.271428571428572,8.0,7.799999999999999,9.6,7.799999999999999,6.700000000000001,6.5,6.9,2.4,2.2,4.3,9.1,9.1,8.700000000000001,6.299999999999999,5.4,"rgb(21,105,234)",150,234
2012-09-03,34.4,6.6,6.3,6.9,7.5,7.5,1.8,8.1,2.8,2.5,3.8,7.4,9.0,9.0,7.8,5.1,"rgb(16,95,239)",160,239
2012-09-04,37.7,7.4,7.7,9.1,6.6,5.8,6.0,6.0,2.7,2.9,3.6,7.3,10.8,9.1,6.1,6.7,"rgb(21,124,234)",131,234
2012-09-05,25.76888888888889,10.2,5.9,7.299999999999999,7.700000000000001,6.4,6.200000000000001,5.2,2.7,2.8000000000000003,2.3000000000000003,6.9,12.400000000000002,12.400000000000002,5.6000000000000005,6.6000000000000005,"rgb(21,128,234)",127,234
2012-09-06,26.23111111111111,9.6,6.9,7.6,6.299999999999999,6.1000000000000005,6.6000000000000005,5.4,2.0,2.1,2.3000000000000003,7.299999999999999,12.3,10.4,4.3,5.799999999999999,"rgb(59,175,196)",80,196
2012-09-07,26.218888888888888,6.0,5.4,8.9,8.6,4.9,4.8,5.1000000000000005,2.4,2.4,2.7,7.5,8.6,7.0,5.700000000000001,6.299999999999999,"rgb(17,115,238)",140,238
2012-09-08,23.475555555555548,7.399999999999999,5.4,7.700000000000001,8.299999999999999,5.5,5.700000000000001,4.5,2.5,2.0,2.1,8.4,9.8,10.3,5.3,6.799999999999999,"rgb(10,106,245)",149,245
2012-09-09,25.74875,6.799999999999999,6.0,7.0,7.700000000000001,6.1000000000000005,6.6000000000000005,7.700000000000001,2.2,2.2,1.8000000000000005,5.799999999999999,9.3,8.9,4.5,5.5,"rgb(22,118,233)",137,233
2012-09-10,29.8,5.2,6.8,7.7,8.5,6.3,6.2,5.6,2.2,2.9,2.7,7.6,9.8,6.4,7.7,5.0,"rgb(1,60,254)",195,254
2012-09-11,27.986666666666668,5.2,6.299999999999999,8.9,8.9,6.6000000000000005,6.299999999999999,6.200000000000001,2.3000000000000003,2.7,2.3000000000000003,7.200000000000001,6.700000000000001,6.6000000000000005,5.5,5.6000000000000005,"rgb(18,111,237)",144,237
2012-09-12,28.426666666666666,4.9,5.9,7.299999999999999,7.0,6.0,6.6000000000000005,5.1000000000000005,1.9,2.7,2.2,6.799999999999999,6.0,7.6,5.4,5.5,"rgb(8,109,247)",146,247
2012-09-13,22.732222222222227,6.0,6.0,8.6,8.5,6.799999999999999,7.700000000000001,4.9,2.1,2.3000000000000003,2.0,5.6000000000000005,8.1,8.0,5.9,5.700000000000001,"rgb(18,103,237)",152,237
2012-09-14,23.94,7.700000000000001,12.099999999999998,13.7,10.7,14.599999999999998,16.599999999999998,13.7,2.3000000000000003,4.3,1.8000000000000005,10.900000000000002,14.099999999999998,12.2,8.799999999999997,13.099999999999998,"rgb(66,87,189)",168,189
2012-09-15,26.968888888888888,9.9,12.900000000000002,14.900000000000002,8.4,16.0,14.7,14.0,3.0,5.4,2.4,12.599999999999998,15.599999999999998,10.6,9.0,16.8,"rgb(74,82,181)",173,181
2012-09-16,25.64142857142857,6.6000000000000005,10.4,11.3,9.1,10.4,9.5,10.6,2.4,4.0,3.8,9.6,6.6000000000000005,13.599999999999998,6.1000000000000005,8.4,"rgb(59,125,196)",130,196
2012-09-17,34.8,5.5,6.9,9.7,7.1,7.8,7.3,7.6,2.2,2.5,3.2,7.8,8.5,10.0,2.4,6.1,"rgb(30,134,225)",121,225
2012-09-18,28.237499999999994,6.0,5.4,7.5,6.700000000000001,8.299999999999999,6.0,5.6000000000000005,1.6999999999999995,1.8000000000000005,2.7,6.299999999999999,12.0,5.1000000000000005,6.5,8.799999999999997,"rgb(33,130,222)",125,222
2012-09-19,27.207777777777768,7.399999999999999,6.299999999999999,6.799999999999999,5.1000000000000005,10.2,8.0,5.6000000000000005,1.8000000000000005,1.9,2.4,5.9,16.5,9.4,4.6000000000000005,6.299999999999999,"rgb(35,136,220)",119,220
2012-09-20,22.20555555555556,9.3,6.0,9.1,6.5,6.0,6.299999999999999,4.8,1.9,2.1,3.9,8.1,14.2,4.5,6.4,9.3,"rgb(32,135,223)",120,223
2012-09-21,22.445555555555554,5.2,6.200000000000001,7.1000000000000005,6.799999999999999,8.9,6.700000000000001,6.5,2.1,2.7,2.1,8.200000000000001,10.7,5.5,4.7,8.0,"rgb(28,124,227)",131,227
2012-09-22,23.95111111111111,5.5,6.1000000000000005,7.6,8.200000000000001,5.5,5.1000000000000005,4.6000000000000005,2.2,2.0,2.3000000000000003,7.799999999999999,6.5,5.3,4.5,4.3,"rgb(32,118,223)",137,223
2012-09-23,21.50125,5.700000000000001,7.0,8.4,8.9,5.5,6.1000000000000005,6.1000000000000005,2.1,2.6,3.2,7.5,9.4,7.299999999999999,6.799999999999999,6.200000000000001,"rgb(49,54,206)",201,206
2012-09-24,46.4,5.5,10.7,11.9,6.3,12.5,17.9,11.9,2.1,3.9,4.7,11.9,16.9,7.8,8.5,12.4,"rgb(37,87,218)",168,218
2012-09-25,28.41875,9.3,6.799999999999999,6.799999999999999,5.9,13.5,20.8,11.3,2.1,3.5,2.2,6.9,23.0,10.8,6.799999999999999,13.2,"rgb(36,146,219)",109,219
2012-09-26,23.97400000000001,9.599999999999998,5.6000000000000005,7.799999999999999,6.299999999999999,15.2,20.0,10.099999999999998,2.1000000000000005,2.7,2.2,6.200000000000001,22.6,11.2,10.599999999999998,15.5,"rgb(39,137,216)",118,216
2012-09-27,22.35,9.599999999999998,8.299999999999999,7.700000000000001,9.2,14.099999999999998,20.6,21.6,2.8000000000000003,3.3999999999999995,2.6000000000000005,5.9,17.699999999999996,14.5,11.2,20.0,"rgb(49,91,206)",164,206
2012-09-28,18.62222222222222,16.2,20.5,21.7,12.0,16.900000000000002,16.2,18.3,2.1,5.3,2.2,16.400000000000002,7.700000000000001,17.3,12.8,11.3,"rgb(75,81,180)",174,180
2012-09-29,24.655555555555548,9.6,14.5,14.5,9.0,11.400000000000002,12.8,12.099999999999998,1.6999999999999995,3.5,3.0,12.2,12.5,11.7,4.1000000000000005,7.5,"rgb(51,137,204)",118,204
2012-09-30,25.157142857142855,7.399999999999999,8.1,6.799999999999999,7.299999999999999,12.0,14.3,8.5,1.8000000000000005,2.8999999999999995,1.9,7.299999999999999,17.900000000000006,6.299999999999999,3.1000000000000005,5.9,"rgb(42,170,213)",85,213
2012-10-02,27.3,8.0,10.0,9.4,6.5,13.2,14.0,10.7,2.1,2.2,2.6,7.5,14.0,10.0,6.3,10.1,"rgb(41,165,214)",90,214
2012-10-03,26.289090909090906,6.799999999999998,8.700000000000001,9.099999999999998,6.200000000000002,9.099999999999998,10.3,8.5,1.8000000000000005,2.1000000000000005,2.2,8.299999999999999,14.400000000000004,11.2,7.700000000000002,8.900000000000002,"rgb(44,152,211)",103,211
2012-10-04,22.97777777777777,9.1,9.2,8.5,5.799999999999999,0.0,13.599999999999998,10.7,1.9,2.4,1.5,6.200000000000001,15.400000000000002,10.4,5.6000000000000005,9.9,"rgb(33,162,222)",93,222
2012-10-05,28.236363636363638,8.200000000000001,5.5,7.6,7.1,0.0,10.599999999999998,5.6000000000000005,1.6,1.8000000000000005,1.4,6.4,12.3,8.0,5.6000000000000005,9.599999999999998,"rgb(40,179,215)",76,215
2012-10-06,25.6,6.6,8.900000000000002,9.7,6.6,0.0,13.400000000000002,7.9,1.3000000000000005,2.5,2.0,8.400000000000002,15.2,7.0,7.200000000000001,10.099999999999998,"rgb(39,182,216)",73,216
2012-10-07,22.9875,6.299999999999999,8.6,8.0,6.4,0.0,19.4,13.2,1.5,3.0,1.5,6.799999999999999,19.5,4.8,8.299999999999999,14.400000000000002,"rgb(33,178,222)",77,222
2012-10-08,30.25,9.1,11.4,9.6,6.7,0.0,18.9,11.3,1.6,2.6,2.4,8.2,18.6,8.1,7.7,13.0,"rgb(32,174,223)",81,223
2012-10-09,25.62,4.4,10.8,10.900000000000002,6.200000000000001,0.0,14.0,9.400000000000002,1.4,2.3999999999999995,1.6999999999999995,9.3,15.5,7.799999999999999,8.900000000000002,12.5,"rgb(33,167,222)",88,222
2012-10-10,23.53333333333333,7.700000000000001,12.3,12.900000000000002,6.0,12.099999999999998,13.7,12.400000000000002,1.6999999999999995,4.2,2.3000000000000003,11.099999999999998,16.400000000000002,7.799999999999999,6.200000000000001,13.599999999999998,"rgb(35,154,220)",101,220
2012-10-11,27.84545454545455,5.5,11.3,10.400000000000002,4.6000000000000005,13.099999999999996,18.0,14.599999999999996,2.0,2.1000000000000005,1.8000000000000005,10.099999999999998,18.4,6.799999999999998,8.599999999999998,17.599999999999994,"rgb(33,162,222)",93,222
2012-10-12,29.555555555555557,7.700000000000001,9.3,8.9,7.0,12.599999999999998,18.0,11.599999999999998,1.9,2.7,1.3,9.3,18.9,9.6,7.700000000000001,15.2,"rgb(34,163,221)",92,221
2012-10-13,26.69,6.299999999999999,8.400000000000002,7.700000000000001,5.9,11.7,12.0,8.900000000000002,1.5,1.9,1.3000000000000005,8.200000000000001,11.5,9.599999999999998,7.700000000000001,10.2,"rgb(42,155,213)",100,213
2012-10-14,25.804444444444442,6.6000000000000005,9.3,9.2,7.899999999999999,9.8,12.2,9.3,1.9,2.1,2.3000000000000003,8.299999999999999,8.9,11.3,5.799999999999999,9.2,"rgb(42,161,213)",94,213
2012-10-15,33.2,7.7,10.6,11.1,6.0,9.5,13.2,10.2,2.0,2.2,2.2,9.7,10.2,9.4,6.3,10.2,"rgb(42,169,213)",86,213
2012-10-16,25.75909090909091,5.200000000000001,8.599999999999998,8.700000000000001,7.6,10.3,11.099999999999996,8.900000000000002,1.4,2.3999999999999995,1.4,8.400000000000002,10.8,9.400000000000002,7.1,7.700000000000002,"rgb(39,159,216)",96,216
2012-10-17,24.316999999999997,8.5,13.400000000000002,11.5,6.799999999999999,12.3,17.099999999999998,14.0,2.5,2.5,2.3000000000000003,10.2,11.599999999999998,12.8,5.799999999999999,13.8,"rgb(40,163,215)",92,215
2012-10-18,24.697,8.200000000000001,9.7,8.599999999999998,5.5,11.099999999999998,12.3,8.700000000000001,1.6,1.6999999999999995,3.0,7.5,17.0,11.400000000000002,2.8999999999999995,11.5,"rgb(92,237,163)",18,163
2012-10-19,25.213636363636365,6.299999999999998,7.700000000000002,7.700000000000002,7.0,11.7,9.7,7.0,1.6,1.8000000000000005,2.3999999999999995,6.5,17.099999999999998,7.4,6.799999999999998,8.900000000000002,"rgb(73,234,182)",21,182
2012-10-20,22.758000000000006,8.0,5.299999999999999,5.9,6.0,6.0,5.9,4.299999999999999,1.6,1.3000000000000005,1.6,6.6,10.099999999999998,7.0,6.0,7.200000000000001,"rgb(67,218,188)",37,188
2012-10-21,22.29666666666667,11.0,5.4,7.299999999999999,7.200000000000001,5.799999999999999,5.2,3.7,1.5,1.6,1.8000000000000005,6.799999999999999,11.3,10.7,4.2,6.799999999999999,"rgb(62,215,193)",40,193
2012-10-22,23.6,9.9,5.1,9.3,8.8,5.6,6.0,4.4,1.9,2.1,3.2,7.9,11.3,8.0,5.8,5.9,"rgb(58,205,197)",50,197
2012-10-23,23.40777777777777,8.200000000000001,6.5,8.4,6.4,15.2,23.9,9.3,2.2,1.9,1.9,6.700000000000001,11.400000000000002,12.2,8.700000000000001,11.099999999999998,"rgb(53,176,202)",79,202
2012-10-24,24.355555555555558,6.0,8.4,7.5,6.299999999999999,10.8,7.399999999999999,6.1000000000000005,3.6000000000000005,1.5,1.8000000000000005,7.799999999999999,12.900000000000002,3.3999999999999995,4.4,7.5,"rgb(54,200,201)",55,201
2012-10-25,23.31777777777778,11.8,6.6000000000000005,7.0,5.700000000000001,9.7,5.2,4.8,2.2,1.9,2.0,6.799999999999999,14.599999999999998,10.3,7.1000000000000005,7.799999999999999,"rgb(55,202,200)",53,200
2012-10-26,23.78125,12.900000000000002,4.8,7.1000000000000005,5.6000000000000005,8.1,5.799999999999999,4.7,2.0,1.8000000000000005,2.0,5.1000000000000005,15.2,11.2,4.9,6.9,"rgb(52,199,203)",56,203
2012-10-27,21.644444444444453,7.700000000000001,5.799999999999999,5.3,6.6000000000000005,4.9,5.700000000000001,5.1000000000000005,1.5,1.6,1.4,5.0,9.3,6.200000000000001,3.3999999999999995,5.700000000000001,"rgb(59,200,196)",55,196
2012-10-28,21.79625,8.0,6.0,7.899999999999999,6.6000000000000005,13.8,14.0,5.3,1.3,1.4,2.8000000000000003,8.0,15.400000000000002,8.5,5.5,9.5,"rgb(135,192,120)",63,120
2012-10-29,19.95,7.4,5.5,6.9,5.4,12.3,14.0,5.1,2.0,2.0,1.6,6.2,11.0,7.8,7.6,6.6,"rgb(55,195,200)",60,200
2012-10-30,21.35111111111111,7.1000000000000005,9.6,9.4,7.299999999999999,8.299999999999999,10.4,9.3,1.3,1.4,2.3000000000000003,8.6,7.700000000000001,9.3,7.299999999999999,8.299999999999999,"rgb(121,165,134)",90,134
2012-10-31,19.68571428571429,5.2,9.4,11.400000000000002,7.899999999999999,0.0,13.900000000000002,8.700000000000001,1.2,2.3000000000000003,6.1000000000000005,9.2,20.6,4.8,5.799999999999999,12.8,"rgb(144,170,111)",85,111
2012-11-01,18.466666666666665,5.2,9.0,7.0,4.4,9.1,16.400000000000002,10.900000000000002,1.3,1.6,1.3,7.5,23.1,6.200000000000001,5.4,10.8,"rgb(98,240,157)",15,157
2012-11-02,18.838888888888892,7.1000000000000005,6.200000000000001,5.700000000000001,4.9,8.5,5.5,5.5,1.5,1.5,2.1,5.3,20.5,3.9,3.8,7.1000000000000005,"rgb(75,222,180)",33,180
2012-11-03,17.871111111111112,10.2,5.3,5.9,5.5,0.0,5.4,4.9,1.3,1.3,1.5,6.6000000000000005,16.8,5.5,6.0,10.8,"rgb(78,200,177)",55,177
2012-11-04,18.7425,7.399999999999999,10.3,8.700000000000001,7.299999999999999,10.5,11.7,8.6,1.8000000000000005,1.9,1.9,8.200000000000001,15.099999999999998,9.9,7.0,9.4,"rgb(56,190,199)",65,199
2012-11-05,17.25,6.6,6.0,6.3,6.1,10.5,13.4,7.1,1.4,1.9,2.0,5.8,18.6,8.6,6.6,11.9,"rgb(84,230,171)",25,171
2012-11-06,19.11111111111111,9.1,7.299999999999999,7.5,6.200000000000001,13.0,15.900000000000002,8.4,1.8000000000000005,1.5,2.3000000000000003,7.700000000000001,20.5,9.6,6.6000000000000005,12.3,"rgb(89,234,166)",21,166
2012-11-07,18.951818181818183,7.4,6.299999999999998,8.0,6.299999999999998,6.6,10.5,4.4,0.7000000000000001,1.3000000000000005,1.5,6.5,17.699999999999996,4.9,6.299999999999998,10.3,"rgb(87,227,168)",28,168
2012-11-08,18.040000000000006,7.4,5.799999999999998,8.599999999999998,6.4,4.6000000000000005,5.9,6.299999999999998,1.4,1.6,3.0,6.6,12.8,5.700000000000002,5.0,5.5,"rgb(74,206,181)",49,181
2012-11-09,17.651000000000003,6.0,5.799999999999999,7.0,6.9,1.6,4.200000000000001,4.200000000000001,1.8000000000000005,2.0,1.9,5.6000000000000005,10.8,5.200000000000001,3.9,4.700000000000001,"rgb(72,204,183)",51,183
2012-11-10,16.99818181818182,5.700000000000002,7.0,7.0,4.5,9.3,10.0,8.0,1.3000000000000005,2.1000000000000005,3.0,6.799999999999998,7.1,5.200000000000001,4.299999999999999,7.1,"rgb(61,192,194)",63,194
2012-11-11,18.005555555555556,7.399999999999999,10.3,12.3,8.0,9.3,12.8,7.899999999999999,2.2,2.3000000000000003,2.8999999999999995,9.9,16.7,13.3,6.299999999999999,10.5,"rgb(100,233,155)",22,155
2012-11-12,17.466666666666665,7.099999999999999,5.5,9.0,7.2,10.9,7.7,3.7000000000000006,1.5,1.3,1.9,5.7,18.9,6.7,6.099999999999999,11.300000000000002,"rgb(84,231,171)",24,171
2012-11-13,16.826,6.6,8.299999999999999,10.099999999999998,8.400000000000002,8.5,7.6,6.5,1.6999999999999995,1.9,2.5,7.200000000000001,12.7,7.200000000000001,3.7,8.299999999999999,"rgb(80,212,175)",43,175
2012-11-14,16.672727272727272,9.900000000000002,5.0,6.6,7.200000000000002,11.8,6.4,3.8,1.4,1.3000000000000005,3.0,5.299999999999999,20.6,6.1000000000000005,6.0,10.3,"rgb(79,226,176)",29,176
2012-11-15,15.51,7.4,6.5,7.0,6.799999999999999,11.7,8.299999999999999,4.9,1.6999999999999995,1.6999999999999995,2.2,6.700000000000001,20.1,7.1,4.5,9.0,"rgb(80,230,175)",25,175
2012-11-16,14.677777777777774,12.900000000000002,5.1000000000000005,7.1000000000000005,5.6000000000000005,11.2,7.299999999999999,5.2,1.5,1.8000000000000005,2.8000000000000003,5.6000000000000005,17.400000000000002,4.8,3.3999999999999995,5.2,"rgb(77,221,178)",34,178
2012-11-17,13.72,8.5,6.799999999999999,10.900000000000002,9.900000000000002,9.599999999999998,1.1,7.1,0.5999999999999999,1.1,6.4,9.599999999999998,21.1,9.400000000000002,0.0,12.400000000000002,"rgb(51,31,204)",224,204
2012-11-18,14.066666666666668,6.799999999999999,4.6000000000000005,10.1,7.700000000000001,11.2,12.900000000000002,6.0,0.7000000000000001,0.9000000000000001,2.6,5.1000000000000005,20.4,5.4,4.1000000000000005,5.5,"rgb(163,189,92)",66,92
2012-11-19,12.9,6.8,6.6,6.8,6.8,9.7,8.2,7.2,0.9,1.1,2.7,5.7,12.8,6.1,5.9,8.5,"rgb(103,222,152)",33,152
2012-11-20,15.476666666666668,8.0,6.799999999999999,5.5,5.3,6.6000000000000005,5.799999999999999,5.799999999999999,0.9000000000000001,1.3,2.6,5.3,11.900000000000002,6.0,3.0,6.4,"rgb(89,213,166)",42,166
2012-11-21,14.908888888888885,8.200000000000001,4.4,5.3,6.0,4.7,4.3,4.9,0.7000000000000001,0.9000000000000001,4.8,4.7,9.4,3.7,3.6000000000000005,4.1000000000000005,"rgb(82,203,173)",52,173
2012-11-22,14.664999999999996,6.6,5.4,7.200000000000001,5.1000000000000005,6.1000000000000005,7.5,7.9,1.1,1.5,3.0,7.9,5.200000000000001,4.6000000000000005,5.6000000000000005,8.799999999999997,"rgb(141,166,114)",89,114
2012-11-23,14.057,6.799999999999999,9.8,14.2,10.2,10.900000000000002,13.2,12.7,0.9000000000000001,2.2,5.799999999999999,11.5,15.099999999999998,11.0,8.099999999999998,13.400000000000002,"rgb(167,160,88)",95,88
2012-11-24,14.077777777777778,5.5,6.9,8.299999999999999,4.8,7.799999999999999,14.8,9.0,0.5,0.7000000000000001,3.8,5.9,16.599999999999998,5.3,4.3,9.6,"rgb(118,236,137)",19,137
2012-11-25,14.138750000000002,10.2,5.799999999999999,6.200000000000001,8.1,5.5,6.4,5.1000000000000005,0.9000000000000001,1.5,3.6000000000000005,6.700000000000001,14.2,4.8,4.3,5.4,"rgb(82,214,173)",41,173
2012-11-26,21.8,10.2,9.8,10.2,8.2,7.0,14.3,9.4,1.0,4.4,5.2,9.7,21.0,13.7,9.3,19.7,"rgb(165,163,90)",92,90
2012-11-27,13.3725,5.2,7.200000000000001,8.6,4.6000000000000005,3.3000000000000003,13.8,7.899999999999999,0.5,2.8999999999999995,3.3999999999999995,5.799999999999999,17.599999999999994,5.5,5.0,6.299999999999999,"rgb(165,205,90)",50,90
2012-11-28,15.02222222222222,4.1000000000000005,5.1000000000000005,7.0,7.700000000000001,6.0,6.9,3.5,0.7000000000000001,1.4,4.5,6.0,11.099999999999998,3.3000000000000003,5.4,5.6000000000000005,"rgb(113,191,142)",64,142
2012-11-29,14.679999999999998,5.5,7.799999999999999,9.599999999999998,8.799999999999997,0.0,14.3,6.9,1.1,2.6000000000000005,9.8,9.599999999999998,14.599999999999998,6.299999999999999,0.0,9.7,"rgb(163,165,92)",90,92
2012-11-30,14.5,6.799999999999999,8.4,7.799999999999999,6.5,0.0,14.3,7.1000000000000005,0.6,1.6999999999999995,3.3000000000000003,5.799999999999999,12.400000000000002,4.0,5.3,8.9,"rgb(163,164,92)",91,92
2012-12-01,13.982999999999999,5.200000000000001,4.5,7.0,7.700000000000001,0.0,5.4,3.3,0.5,1.1999999999999995,3.8,5.4,17.199999999999996,7.200000000000001,2.8999999999999995,4.799999999999999,"rgb(143,168,112)",87,112
2012-12-02,13.268888888888887,8.5,8.200000000000001,9.5,11.599999999999998,0.0,10.6,8.6,0.5,2.2,2.3000000000000003,8.799999999999997,10.4,11.900000000000002,5.2,10.4,"rgb(134,172,121)",83,121
2012-12-03,15.65,6.0,9.9,12.3,8.4,9.3,10.5,8.4,0.5,2.4,2.5,9.4,16.6,5.8,5.1,8.5,"rgb(111,229,144)",26,144
2012-12-04,15.241818181818186,7.4,7.200000000000002,6.4,8.299999999999999,12.8,19.6,7.6,1.3000000000000005,2.2,3.7,6.700000000000002,22.0,7.299999999999998,5.5,11.5,"rgb(108,239,147)",16,147
2012-12-05,15.069090909090908,9.599999999999998,11.3,15.5,14.5,0.0,16.199999999999996,11.0,0.9000000000000002,2.3999999999999995,9.8,14.7,19.800000000000004,10.8,3.899999999999999,12.2,"rgb(65,52,190)",203,190
2012-12-06,15.390999999999998,7.700000000000001,8.400000000000002,7.700000000000001,6.299999999999999,14.099999999999998,22.300000000000004,11.099999999999998,0.5,1.9,2.3000000000000003,6.5,24.5,5.700000000000001,6.5,10.3,"rgb(119,251,136)",4,136
2012-12-07,14.803636363636365,9.099999999999998,6.299999999999998,7.0,5.6000000000000005,10.099999999999998,22.300000000000008,5.6000000000000005,1.0,2.0,2.2,5.700000000000002,16.300000000000004,4.4,4.1000000000000005,7.299999999999998,"rgb(115,242,140)",13,140
2012-12-08,15.026000000000002,8.0,6.5,10.900000000000002,8.900000000000002,13.599999999999998,18.9,8.900000000000002,0.5,1.5,2.6000000000000005,8.900000000000002,17.599999999999994,11.400000000000002,3.6000000000000005,5.200000000000001,"rgb(152,190,103)",65,103
2012-12-09,13.995555555555553,10.2,8.799999999999997,8.1,8.1,14.0,19.7,8.6,0.6,1.6999999999999995,4.8,8.0,23.7,6.700000000000001,7.0,11.8,"rgb(155,193,100)",62,100
2012-12-10,20.233333333333334,6.0,5.5,7.8,8.3,11.9,16.9,5.0,0.6,2.4,4.1,6.099999999999999,22.7,6.8,6.0,7.8,"rgb(115,248,140)",7,140
2012-12-11,15.382727272727273,7.700000000000002,8.799999999999997,9.400000000000002,8.099999999999998,11.0,15.3,7.5,0.7000000000000001,3.0,2.7,9.0,14.400000000000004,6.1000000000000005,6.5,8.900000000000002,"rgb(157,222,98)",33,98
2012-12-12,15.122,7.4,4.6000000000000005,7.1,6.299999999999999,13.599999999999998,17.099999999999998,6.9,0.9000000000000001,1.9,1.4,6.1000000000000005,18.4,8.700000000000001,7.799999999999999,13.599999999999998,"rgb(148,202,107)",53,107
2012-12-13,14.467,10.2,5.4,6.0,5.700000000000001,11.7,6.5,4.9,0.7000000000000001,1.4,2.6000000000000005,6.1000000000000005,15.599999999999998,6.700000000000001,3.9,7.200000000000001,"rgb(151,196,104)",59,104
2012-12-14,13.676000000000002,5.200000000000001,7.299999999999999,7.6,8.200000000000001,4.799999999999999,7.200000000000001,5.200000000000001,1.3000000000000005,2.3999999999999995,3.6000000000000005,6.799999999999999,9.599999999999998,4.799999999999999,3.3999999999999995,6.799999999999999,"rgb(95,215,160)",40,160
2012-12-15,13.0,4.1000000000000005,5.200000000000001,5.700000000000001,5.700000000000001,6.1000000000000005,5.700000000000001,5.299999999999999,1.0,1.5,2.5,5.6000000000000005,9.8,4.200000000000001,3.8,5.299999999999999,"rgb(90,211,165)",44,165
2012-12-16,12.385,7.700000000000001,9.1,9.3,8.9,10.900000000000002,9.4,5.2,1.5,2.8000000000000003,2.4,9.6,5.3,6.9,5.700000000000001,5.700000000000001,"rgb(91,210,164)",45,164
2012-12-17,14.7,8.0,7.9,11.6,8.0,13.9,14.2,8.6,1.0,2.9,1.9,6.1,14.1,9.3,0.0,10.8,"rgb(108,230,147)",25,147
2012-12-18,11.77625,8.200000000000001,11.8,13.099999999999998,11.7,13.099999999999998,16.2,11.099999999999998,0.7000000000000001,2.3000000000000003,4.3,10.3,19.6,8.0,0.0,15.7,"rgb(165,226,90)",29,90
2012-12-19,11.291111111111114,7.1000000000000005,10.6,10.900000000000002,6.9,10.4,16.2,10.1,0.7000000000000001,1.5,2.0,10.0,20.8,5.0,0.0,10.1,"rgb(165,241,90)",14,90
2012-12-20,10.988888888888885,8.0,5.5,7.0,7.200000000000001,6.1000000000000005,6.6000000000000005,3.7,0.7999999999999999,1.8000000000000005,3.3999999999999995,6.0,16.3,4.7,5.3,8.5,"rgb(131,238,124)",17,124
2012-12-21,10.31,7.399999999999999,5.799999999999999,6.799999999999999,5.3,5.1000000000000005,5.3,3.5,0.7999999999999999,1.3,3.3000000000000003,5.2,13.900000000000002,6.299999999999999,4.3,5.6000000000000005,"rgb(98,212,157)",43,157
2012-12-22,10.62,7.700000000000001,10.3,10.900000000000002,8.9,0.0,15.599999999999998,9.3,0.9000000000000001,1.9,1.6999999999999995,8.4,20.7,7.899999999999999,6.799999999999999,13.0,"rgb(122,237,133)",18,133
2012-12-24,13.15,11.0,5.5,9.5,4.6,0.0,18.5,5.1,0.6,0.7,1.4,6.5,23.6,6.3,3.4,12.1,"rgb(165,246,90)",9,90
2012-12-25,10.87125,9.6,5.799999999999999,7.700000000000001,6.700000000000001,6.799999999999999,5.9,3.8,0.6,0.7000000000000001,1.6,8.4,19.6,4.6000000000000005,4.8,8.200000000000001,"rgb(134,241,121)",14,121
2012-12-26,10.342222222222224,8.0,5.2,6.0,6.1000000000000005,13.0,14.7,6.4,0.9000000000000001,0.7999999999999999,2.4,6.5,17.0,9.5,4.9,10.3,"rgb(142,216,113)",39,113
2012-12-27,10.61,13.5,8.6,12.0,10.1,8.799999999999997,9.0,4.1000000000000005,0.7999999999999999,0.5,3.7,9.9,14.099999999999998,9.1,3.6000000000000005,6.4,"rgb(108,216,147)",39,147
2012-12-28,9.54375,7.700000000000001,9.2,15.0,8.4,12.0,8.799999999999997,6.299999999999999,0.7000000000000001,0.9000000000000001,4.1000000000000005,11.400000000000002,20.6,10.0,3.7,8.799999999999997,"rgb(109,227,146)",28,146
2012-12-29,9.333333333333334,10.4,9.5,8.4,6.4,14.0,10.9,8.1,0.0,2.4,3.0,9.3,20.1,6.5,5.2,8.0,"rgb(104,224,151)",31,151
2012-12-30,9.2975,10.7,13.5,20.7,17.7,13.5,16.0,12.7,0.4,2.3000000000000003,3.2,14.8,24.4,16.2,10.5,19.1,"rgb(166,177,89)",78,89
