平均價,新北市_氣壓,臺中市_氣壓,臺南市_氣壓,高雄市_氣壓,桃園市_氣壓,新竹縣_氣壓,苗栗縣_氣壓,南投縣_氣壓,彰化縣_氣壓,雲林縣_氣壓,嘉義市_氣壓,屏東縣_氣壓,宜蘭縣_氣壓,花蓮縣_氣壓,臺東縣_氣壓,color
41.02222222222222,984.3,1008.1,1016.8,1017.2,1010.2,1002.3,1010.3,995.0,1014.5,890.6000000000001,1014.7,1015.0,1018.6,1002.3,1018.0,"rgb(77,28,178)"
41.0625,982.2,1006.5,1015.1,1015.7,1008.4,1000.6,1008.8,993.7,1012.9,889.8999999999999,1013.0,1013.8,1015.9,1000.3,1016.2,"rgb(83,25,172)"
42.06666666666667,980.3,1004.6,1012.9,1013.3,1007.0,999.2,1007.1,991.9,1011.2,888.6000000000001,1011.0,1011.1,1013.0,996.9,1012.4,"rgb(120,14,135)"
43.40000000000001,982.8,1005.4,1013.9,1014.2,1009.6,1001.0,1008.6,992.4,1012.0,888.1999999999998,1012.0,1012.4,1016.9,999.9,1015.1,"rgb(96,45,159)"
42.63333333333333,985.1,1007.4,1016.2,1016.6,1011.4,1002.7,1010.4,994.3,1013.9,889.3000000000002,1014.1,1014.7,1020.0,1002.8,1018.3,"rgb(86,51,169)"
43.0,984.4,1007.9,1016.5,1016.9,1010.2,1002.2,1010.2,994.8,1014.2,890.1,1014.5,1015.3,1019.3,1003.1,1018.9,"rgb(78,37,177)"
42.76666666666667,982.4,1007.1,1015.7,1016.4,1008.7,1001.1,1009.2,994.1,1013.4,890.0,1013.6,1014.5,1016.8,1001.2,1017.4,"rgb(81,29,174)"
43.2,983.4,1007.4,1015.6,1016.0,1010.4,1002.5,1010.2,994.4,1013.8,890.1999999999998,1013.8,1013.9,1017.0,1000.1,1015.9,"rgb(100,49,155)"
42.9,989.2,1011.2,1019.8,1019.8,1016.5,1007.8,1015.2,997.9,1017.8,891.8999999999999,1017.9,1017.5,1024.3,1006.1,1021.4,"rgb(84,67,171)"
42.04444444444445,990.1,1013.0,1022.0,1022.4,1015.3,1007.6,1015.6,999.8,1019.6,893.8000000000002,1019.9,1020.0,1025.7,1008.1,1023.9,"rgb(62,55,193)"
40.96,988.3,1012.9,1021.8,1022.5,1014.1,1007.0,1015.1,999.8,1019.4,894.3999999999999,1019.7,1020.6,1023.2,1007.3,1023.5,"rgb(63,42,192)"
43.87777777777778,988.1,1012.3,1020.8,1021.0,1015.8,1007.6,1015.3,999.1,1018.8,893.3000000000002,1018.9,1018.9,1021.8,1005.0,1021.0,"rgb(73,54,182)"
43.0,987.2,1010.2,1018.6,1018.6,1014.6,1005.7,1013.6,996.8,1016.7,891.0,1016.7,1016.2,1021.9,1004.1,1019.2,"rgb(87,64,168)"
44.31111111111111,987.9,1009.9,1018.1,1018.1,1015.7,1006.7,1014.1,996.4,1016.4,890.3999999999999,1016.3,1015.7,1022.6,1003.8,1018.7,"rgb(104,66,151)"
43.77777777777778,990.8,1011.4,1020.4,1020.8,1017.7,1007.8,1014.9,998.1,1017.9,891.6999999999998,1018.3,1018.7,1026.2,1007.8,1023.0,"rgb(76,69,179)"
43.3,988.9,1012.0,1021.1,1021.4,1015.5,1006.6,1014.6,998.8,1018.4,892.8000000000002,1018.8,1019.6,1024.1,1006.9,1022.6,"rgb(65,58,190)"
43.32222222222222,987.5,1011.1,1019.8,1020.4,1014.3,1005.9,1013.7,997.8,1017.5,892.3000000000002,1017.7,1018.0,1022.4,1005.0,1020.9,"rgb(69,53,186)"
45.522222222222226,992.3,1014.2,1022.9,1022.9,1020.9,1010.7,1017.8,1000.6,1020.7,894.0,1020.9,1020.7,1027.5,1008.7,1024.4,"rgb(73,69,182)"
44.655555555555544,990.5,1014.3,1023.5,1023.8,1016.9,1008.2,1016.4,1000.9,1020.5,894.1000000000001,1021.1,1022.0,1026.1,1009.5,1025.3,"rgb(69,64,186)"
48.0,987.7,1012.8,1021.6,1021.4,1015.5,1007.3,1015.2,999.4,1019.2,893.0,1019.6,1018.8,1022.0,1005.1,1021.0,"rgb(64,49,191)"
43.35555555555556,990.2,1011.6,1020.3,1020.1,1018.1,1008.7,1015.8,998.0,1018.0,891.1999999999998,1018.2,1017.9,1025.9,1006.5,1021.6,"rgb(74,69,181)"
43.88888888888889,990.2,1012.6,1021.7,1021.7,1017.7,1008.4,1016.1,998.9,1019.0,891.6999999999998,1019.5,1019.3,1026.1,1007.5,1023.2,"rgb(73,68,182)"
43.944444444444436,987.3,1012.0,1021.0,1021.3,1014.0,1005.8,1014.0,998.5,1018.2,891.8000000000002,1018.6,1019.1,1023.0,1006.2,1022.2,"rgb(64,55,191)"
43.977777777777774,984.2,1009.8,1018.4,1018.7,1011.3,1003.7,1011.8,996.4,1015.9,890.3999999999999,1016.2,1016.7,1019.0,1003.6,1019.6,"rgb(72,36,183)"
45.25555555555556,983.6,1008.4,1016.8,1017.0,1010.2,1002.7,1010.5,995.2,1014.6,890.1000000000001,1014.7,1014.9,1017.5,1001.5,1017.4,"rgb(77,29,178)"
44.6,986.2,1008.8,1017.3,1017.5,1013.5,1004.6,1012.1,995.5,1015.1,890.6000000000001,1015.3,1015.7,1020.8,1003.0,1018.5,"rgb(85,56,170)"
44.88888888888889,985.9,1009.4,1018.3,1018.8,1012.4,1003.9,1012.0,996.1,1015.8,891.0,1016.2,1016.5,1020.9,1003.6,1019.3,"rgb(80,52,175)"
44.4875,985.2,1009.4,1018.3,1018.8,1011.5,1003.6,1011.8,996.3,1015.8,891.6000000000001,1016.1,1016.7,1019.8,1003.3,1019.3,"rgb(74,30,181)"
43.96666666666667,984.2,1008.9,1017.7,1018.3,1010.9,1003.0,1011.2,995.9,1015.3,891.3999999999999,1015.6,1016.2,1018.5,1002.4,1018.5,"rgb(76,28,179)"
43.1875,984.3,1008.9,1017.5,1018.3,1010.8,1003.0,1011.1,996.0,1015.3,891.8000000000002,1015.5,1016.4,1018.1,1002.3,1018.3,"rgb(79,28,176)"
42.6875,980.5,1003.7,1012.2,1012.8,1006.4,998.1,1006.2,990.7,1010.1,886.8000000000002,1010.3,1010.9,1015.2,999.2,1015.0,"rgb(159,63,96)"
44.04444444444446,977.4,1001.8,1010.0,1010.8,1004.2,996.4,1004.3,989.0,1008.2,886.1999999999998,1008.2,1009.1,1010.1,994.1,1009.7,"rgb(127,14,128)"
44.1,976.0,1000.7,1009.0,1009.5,1003.1,995.3,1003.2,988.0,1007.1,884.8999999999999,1007.1,1007.4,1008.7,992.5,1008.1,"rgb(126,12,129)"
44.56666666666667,979.0,1001.3,1009.7,1010.2,1005.9,997.2,1004.7,988.3,1007.8,884.6999999999998,1007.9,1008.2,1012.9,995.6,1011.0,"rgb(114,53,141)"
43.76666666666667,979.4,1001.9,1010.0,1010.1,1006.5,997.7,1005.5,988.7,1008.3,884.3000000000002,1008.5,1008.1,1013.8,995.9,1011.1,"rgb(170,47,85)"
45.0,983.8,1006.2,1014.5,1014.3,1012.2,1003.1,1010.4,992.5,1012.5,885.7,1012.8,1011.6,1018.8,999.5,1015.0,"rgb(101,63,154)"
42.75555555555556,983.4,1007.7,1016.4,1016.0,1012.0,1003.7,1011.1,994.0,1014.1,886.3999999999999,1014.4,1013.5,1018.7,1000.1,1016.1,"rgb(99,63,156)"
42.95555555555556,982.5,1006.9,1015.7,1015.7,1010.3,1002.1,1010.0,993.4,1013.4,887.3999999999999,1013.6,1013.5,1017.3,1000.0,1015.9,"rgb(109,59,146)"
42.433333333333344,983.4,1007.8,1016.4,1016.3,1011.5,1003.2,1011.1,994.7,1014.6,888.6999999999998,1014.4,1013.8,1017.7,999.8,1015.6,"rgb(111,61,144)"
42.07777777777778,985.2,1009.1,1017.8,1017.7,1013.4,1004.8,1012.6,996.1,1016.0,888.8999999999999,1015.8,1015.2,1020.0,1001.8,1017.5,"rgb(106,61,149)"
44.0,984.1,1009.1,1017.9,1018.4,1011.0,1003.2,1011.4,996.6,1015.9,890.8,1015.8,1016.6,1019.1,1003.9,1019.9,"rgb(70,37,185)"
45.0,983.8,1008.6,1017.2,1017.9,1010.1,1002.4,1010.6,996.4,1015.4,891.8,1015.1,1016.3,1017.4,1001.8,1018.0,"rgb(87,21,168)"
42.6,981.3,1005.8,1014.2,1014.8,1008.7,1000.9,1008.9,993.5,1012.8,889.1999999999998,1012.3,1012.6,1014.1,997.4,1012.7,"rgb(111,45,144)"
42.875,984.4,1008.3,1016.5,1016.3,1012.9,1004.7,1012.0,995.3,1015.1,888.1999999999998,1014.9,1013.7,1018.7,999.8,1015.6,"rgb(118,59,137)"
41.99999999999999,990.5,1013.1,1021.8,1021.6,1018.7,1009.7,1016.9,1000.1,1020.2,892.1000000000001,1019.9,1019.7,1025.9,1006.9,1022.8,"rgb(71,68,184)"
41.36666666666667,990.0,1013.5,1022.8,1023.1,1017.0,1008.0,1016.1,1000.6,1020.3,893.1999999999998,1020.4,1021.0,1025.6,1008.5,1024.3,"rgb(67,64,188)"
41.57777777777777,988.1,1013.1,1021.8,1022.0,1014.8,1007.0,1015.3,1000.3,1019.9,893.5,1019.7,1019.9,1023.1,1006.3,1022.5,"rgb(62,51,193)"
41.53333333333333,987.6,1012.1,1020.9,1021.3,1013.5,1005.9,1014.3,999.4,1019.0,893.3999999999999,1018.9,1019.5,1022.5,1006.5,1022.5,"rgb(63,44,192)"
46.0,985.7,1010.9,1019.6,1020.1,1012.3,1004.7,1013.0,998.4,1017.8,892.5,1017.6,1018.1,1020.2,1005.2,1021.2,"rgb(65,39,190)"
42.744444444444454,984.6,1009.2,1018.0,1018.5,1011.2,1003.5,1011.7,996.8,1016.3,891.8999999999999,1016.0,1016.7,1018.6,1003.1,1019.2,"rgb(77,22,178)"
43.1,984.4,1008.6,1017.0,1017.8,1010.9,1003.1,1011.2,996.3,1015.4,891.8999999999999,1015.1,1015.9,1018.0,1001.9,1017.9,"rgb(86,18,169)"
43.32222222222222,985.5,1008.8,1017.4,1018.1,1011.7,1003.5,1011.6,996.5,1015.8,892.1000000000001,1015.5,1016.5,1019.8,1003.0,1018.7,"rgb(86,21,169)"
44.477777777777774,983.1,1007.2,1016.0,1016.7,1009.2,1001.5,1009.9,995.0,1014.3,890.6999999999998,1014.1,1015.2,1017.0,1001.2,1017.2,"rgb(88,20,167)"
44.555555555555564,980.3,1004.9,1013.5,1014.3,1006.8,999.0,1007.1,992.8,1011.8,888.8000000000002,1011.5,1012.5,1013.5,997.7,1013.8,"rgb(117,12,138)"
44.9875,981.9,1004.7,1012.9,1013.4,1009.1,1000.6,1008.4,992.1,1011.7,887.6999999999998,1011.2,1011.7,1016.0,998.4,1013.8,"rgb(106,48,149)"
48.0,983.3,1007.0,1015.5,1016.0,1010.4,1002.2,1010.1,994.4,1013.9,889.0,1013.7,1014.1,1018.0,1000.8,1016.5,"rgb(103,54,152)"
46.03333333333333,982.2,1007.3,1015.7,1016.2,1009.9,1002.0,1010.1,994.8,1014.3,890.1999999999998,1013.9,1014.2,1015.6,999.5,1015.6,"rgb(110,48,145)"
45.37000000000001,985.7,1007.8,1016.3,1016.8,1012.9,1004.2,1011.8,995.2,1014.8,890.2,1014.5,1015.2,1020.3,1002.5,1018.1,"rgb(90,54,165)"
45.72222222222222,985.4,1008.6,1017.1,1017.6,1012.2,1003.7,1011.8,995.9,1015.5,890.1000000000001,1015.3,1015.7,1020.0,1002.4,1018.3,"rgb(112,58,143)"
46.2,988.0,1010.3,1018.8,1019.2,1013.7,1005.1,1013.2,997.7,1017.2,891.6000000000001,1017.1,1017.2,1021.7,1004.1,1019.8,"rgb(112,65,143)"
47.111111111111114,984.2,1008.5,1016.7,1016.9,1011.2,1003.4,1011.5,995.7,1015.3,890.3000000000002,1015.0,1014.4,1016.2,999.4,1015.1,"rgb(115,53,140)"
47.62222222222222,988.0,1009.5,1018.0,1018.2,1014.3,1005.7,1013.3,996.7,1016.5,890.6000000000001,1016.2,1016.4,1021.4,1003.3,1019.0,"rgb(85,60,170)"
49.0,989.8,1011.4,1020.3,1020.9,1014.3,1005.7,1013.8,998.8,1018.3,892.6,1018.3,1019.2,1024.2,1007.4,1023.2,"rgb(68,50,187)"
47.35555555555555,987.4,1010.9,1019.6,1020.1,1012.7,1005.1,1013.4,998.4,1017.8,892.6000000000001,1017.7,1018.5,1021.5,1006.3,1022.4,"rgb(65,38,190)"
47.82222222222222,980.7,1005.1,1013.8,1014.6,1006.8,999.1,1007.3,992.8,1012.0,889.0,1011.7,1012.7,1013.6,998.1,1014.1,"rgb(156,35,99)"
49.2,983.6,1005.7,1013.7,1014.1,1009.7,1001.4,1009.0,993.4,1012.7,889.1000000000001,1012.2,1012.5,1016.3,998.7,1014.1,"rgb(122,54,133)"
48.7,989.9,1010.7,1019.6,1019.9,1015.8,1007.0,1014.6,998.2,1018.0,892.2,1017.7,1019.0,1023.8,1006.7,1022.5,"rgb(69,55,186)"
48.99999999999999,988.4,1011.4,1020.3,1021.1,1013.4,1005.6,1013.8,998.9,1018.6,893.1000000000001,1018.3,1019.9,1022.9,1007.0,1023.2,"rgb(65,49,190)"
49.35714285714285,987.4,1011.4,1020.1,1020.7,1013.3,1005.6,1013.9,999.0,1018.4,893.5,1018.2,1019.1,1021.1,1005.5,1021.8,"rgb(69,33,186)"
48.0,985.3,1009.3,1017.7,1018.6,1010.9,1003.3,1011.5,997.1,1016.2,892.8,1015.8,1016.9,1018.3,1002.9,1019.2,"rgb(87,20,168)"
49.94444444444446,983.2,1006.7,1015.2,1016.1,1008.4,1000.9,1009.1,994.6,1013.7,891.1000000000001,1013.2,1014.4,1015.8,1000.3,1016.4,"rgb(103,16,152)"
48.93333333333334,980.0,1003.8,1012.5,1013.4,1005.2,997.8,1006.0,991.9,1010.9,889.1000000000001,1010.4,1011.7,1012.3,997.0,1013.1,"rgb(134,21,121)"
48.93750000000001,983.5,1004.2,1012.4,1012.8,1009.2,1000.6,1008.1,991.8,1011.2,888.3000000000002,1010.6,1011.2,1015.8,998.3,1013.3,"rgb(105,36,150)"
47.85555555555555,988.8,1008.2,1016.9,1017.3,1014.2,1004.6,1012.1,995.4,1015.1,889.1000000000001,1015.1,1015.7,1022.9,1004.9,1020.3,"rgb(82,61,173)"
47.92,988.4,1009.7,1018.5,1019.3,1012.9,1004.3,1012.4,997.1,1016.6,891.1000000000001,1016.4,1018.1,1022.5,1005.9,1021.5,"rgb(69,49,186)"
49.95,988.6,1011.3,1020.1,1020.8,1013.1,1005.3,1013.7,998.9,1018.4,893.3000000000002,1018.1,1019.3,1022.8,1006.8,1022.6,"rgb(64,38,191)"
48.0,985.6,1009.0,1017.7,1018.4,1010.8,1003.1,1011.3,996.7,1016.1,891.9,1015.7,1016.7,1019.4,1003.5,1019.6,"rgb(82,21,173)"
49.43333333333334,982.0,1005.7,1014.2,1015.0,1007.2,999.8,1008.0,993.6,1012.8,890.0,1012.3,1013.1,1014.9,999.4,1015.4,"rgb(113,15,142)"
49.577777777777776,980.6,1003.9,1012.3,1013.2,1005.7,998.3,1006.3,991.9,1011.0,889.3000000000002,1010.4,1011.3,1013.3,997.4,1013.0,"rgb(133,21,122)"
49.31,980.9,1003.6,1012.0,1012.7,1005.8,998.2,1006.4,991.8,1010.8,889.2,1010.2,1011.0,1013.3,997.5,1012.8,"rgb(144,28,111)"
48.944444444444436,979.6,1002.7,1011.1,1012.0,1004.6,997.1,1005.3,990.8,1009.9,888.6999999999998,1009.1,1010.9,1011.9,996.9,1012.8,"rgb(141,23,114)"
49.7625,976.5,1001.1,1010.0,1011.1,1001.5,994.1,1002.6,989.3,1008.1,887.6999999999998,1007.6,1009.3,1008.1,992.8,1008.5,"rgb(157,31,98)"
49.3,980.6,1002.0,1010.6,1011.3,1005.0,996.9,1004.8,990.2,1009.2,887.6999999999998,1008.6,1010.0,1012.9,996.9,1012.0,"rgb(131,8,124)"
47.0,977.2,1001.0,1009.3,1010.1,1002.4,994.9,1003.1,988.9,1007.8,886.2,1007.4,1008.7,1010.5,994.8,1010.6,"rgb(200,35,55)"
48.811111111111096,977.8,1001.2,1009.3,1009.6,1004.2,996.5,1004.3,988.9,1008.2,885.6000000000001,1007.6,1007.5,1008.4,992.5,1007.9,"rgb(126,10,129)"
48.477777777777774,979.4,1002.7,1011.4,1011.8,1005.2,997.3,1005.3,990.5,1009.6,887.1000000000001,1009.3,1009.7,1012.0,996.0,1011.6,"rgb(156,15,99)"
48.12222222222222,980.4,1003.7,1012.2,1012.4,1006.3,998.6,1006.4,991.5,1010.6,888.1000000000001,1010.2,1010.2,1012.5,996.4,1011.3,"rgb(126,11,129)"
48.86666666666667,984.1,1005.0,1013.6,1014.4,1009.4,1000.7,1008.3,992.7,1012.0,888.8000000000002,1011.6,1013.0,1017.6,1001.9,1016.3,"rgb(98,39,157)"
48.83333333333334,983.2999999999997,1006.2999999999997,1014.7999999999997,1015.7000000000003,1008.7000000000003,1000.7999999999997,1009.0,994.1,1013.5,890.1,1012.9,1014.2000000000003,1017.0,1001.9,1016.7000000000003,"rgb(97,18,158)"
49.0,983.7,1007.2,1015.4,1015.9,1009.3,1001.7,1009.7,994.8,1014.1,890.4,1013.5,1014.1,1016.9,1002.2,1017.0,"rgb(119,50,136)"
47.3,981.4,1004.8,1013.2,1013.8,1007.0,999.3,1007.4,992.6,1011.9,889.3999999999999,1011.2,1012.0,1014.2,999.4,1013.9,"rgb(123,17,132)"
43.14545454545455,981.3999999999997,1003.8,1012.1000000000003,1012.7,1006.8,998.8,1006.7,991.7,1011.0,888.8999999999997,1010.2,1011.2,1013.6000000000003,998.6000000000003,1013.0,"rgb(133,10,122)"
44.188888888888904,982.5,1004.2,1013.0,1013.8,1007.1,999.0,1007.1,992.3,1011.6,889.6000000000001,1011.0,1012.3,1015.6,1000.4,1014.7,"rgb(129,10,126)"
44.988888888888894,980.4,1003.8,1012.5,1013.2,1005.4,998.0,1006.3,991.9,1011.1,889.0,1010.5,1011.6,1013.5,998.7,1013.4,"rgb(144,5,111)"
44.54444444444446,978.6,1002.4,1011.0,1012.0,1003.8,996.5,1004.6,990.5,1009.7,888.1000000000001,1009.0,1010.4,1010.9,996.7,1011.6,"rgb(144,20,111)"
44.844444444444434,979.4,1002.4,1010.9,1011.7,1004.4,996.8,1004.8,990.6,1009.7,888.1999999999998,1009.0,1009.9,1011.3,996.2,1011.0,"rgb(150,20,105)"
50.0,984.2,1004.4,1012.8,1013.4,1009.3,1000.7,1008.1,992.2,1011.6,889.3,1011.0,1012.1,1016.9,1000.6,1014.7,"rgb(113,21,142)"
44.175,982.8,1004.9,1013.7,1014.4,1007.1,999.2,1007.5,992.8,1012.2,889.3999999999999,1011.7,1013.0,1016.3,1001.5,1016.0,"rgb(116,13,139)"
43.90000000000001,979.7,1003.5,1012.0,1012.8,1004.9,997.5,1005.7,991.5,1010.8,888.3999999999999,1010.2,1011.4,1012.4,998.4,1013.3,"rgb(135,17,120)"
43.4,978.7,1002.4,1010.9,1011.8,1003.7,996.4,1004.4,990.5,1009.6,887.8000000000002,1008.9,1010.1,1010.9,996.8,1011.7,"rgb(146,21,109)"
42.92,979.5,1003.1,1011.5,1012.3,1004.7,997.3,1005.3,991.2,1010.2,888.5,1009.6,1010.7,1011.6,997.2,1012.0,"rgb(144,22,111)"
42.7,978.4,1002.2,1010.7,1011.4,1003.8,996.3,1004.4,990.3,1009.3,887.6999999999998,1008.7,1009.7,1010.4,996.1,1010.9,"rgb(145,21,110)"
42.3125,979.2,1001.9,1010.3,1011.1,1004.5,996.7,1004.6,990.0,1009.1,887.5,1008.3,1009.3,1011.2,996.0,1010.6,"rgb(146,18,109)"
45.0,979.6,1002.7,1011.2,1011.8,1004.9,997.2,1005.4,990.8,1009.9,888.4,1009.2,1010.3,1012.4,997.2,1011.9,"rgb(139,15,116)"
41.211111111111116,980.4,1002.9,1011.1,1011.6,1005.8,998.0,1005.9,990.9,1010.1,888.5,1009.2,1010.0,1012.0,996.8,1011.4,"rgb(139,14,116)"
41.91,980.9,1002.8,1011.2,1011.8,1005.9,997.9,1005.8,990.7,1009.9,888.1000000000001,1009.3,1010.2,1013.8,998.3,1012.7,"rgb(132,14,123)"
40.06666666666667,979.4,1002.3,1010.6,1011.3,1005.1,997.3,1005.2,990.4,1009.5,887.8999999999999,1008.8,1009.6,1011.5,996.6,1011.3,"rgb(166,49,89)"
40.477777777777774,979.6,1002.5,1010.9,1011.3,1004.7,996.9,1005.2,990.6,1009.8,888.3000000000002,1009.0,1009.8,1011.6,996.8,1011.3,"rgb(149,30,106)"
41.18000000000001,979.6,1003.0,1011.2,1011.9,1004.6,997.2,1005.4,991.1,1010.1,888.7,1009.3,1010.2,1011.9,997.3,1011.7,"rgb(170,54,85)"
41.6,979.0,1002.4,1010.6,1011.1,1004.4,996.9,1004.9,990.5,1009.6,888.3000000000002,1008.7,1009.2,1010.4,995.4,1009.9,"rgb(145,8,110)"
42.8,980.9,1001.9,1010.5,1011.3,1005.6,997.4,1005.1,990.1,1009.2,887.7,1008.6,1009.8,1013.4,998.0,1012.1,"rgb(135,7,120)"
42.71,980.8,1002.1,1010.9,1011.9,1005.2,997.1,1005.0,990.3,1009.4,887.6000000000001,1008.8,1010.6,1013.9,998.8,1013.3,"rgb(133,10,122)"
40.95,979.4,1002.3,1010.6,1011.3,1004.1,996.6,1004.7,990.3,1009.4,886.8999999999999,1008.7,1010.0,1012.5,997.4,1012.1,"rgb(155,33,100)"
41.73333333333333,980.7,1004.1,1012.3,1012.8,1006.0,998.4,1006.4,991.9,1011.0,888.5,1010.4,1010.9,1013.3,998.4,1012.9,"rgb(156,44,99)"
41.3,982.7,1005.0,1013.6,1014.1,1007.2,999.7,1007.7,993.2,1012.3,890.3999999999999,1011.6,1012.4,1015.4,1000.1,1014.5,"rgb(199,86,56)"
40.92222222222223,983.3,1004.5,1013.2,1013.9,1006.7,998.8,1006.9,992.7,1011.8,890.1000000000001,1011.0,1012.4,1016.7,1001.5,1015.7,"rgb(138,12,117)"
41.055555555555564,979.5,1002.7,1011.2,1012.0,1004.2,996.7,1004.9,990.8,1009.9,888.3999999999999,1009.1,1010.3,1012.2,998.1,1012.8,"rgb(139,18,116)"
47.0,983.0,1003.3,1011.7,1012.1,1008.3,999.5,1007.2,991.0,1010.4,888.2,1009.7,1010.6,1015.3,998.6,1012.5,"rgb(181,33,74)"
41.333333333333336,983.7,1006.0,1014.5,1014.7,1009.0,1000.9,1008.8,993.6,1012.9,889.6000000000001,1012.5,1012.9,1016.8,1001.1,1015.4,"rgb(183,17,72)"
41.13333333333333,979.9,1004.0,1012.2,1012.6,1005.4,998.0,1006.1,991.8,1011.0,888.3999999999999,1010.3,1010.6,1011.9,997.2,1011.8,"rgb(166,26,89)"
40.73,979.2,1001.9,1010.4,1011.0,1004.0,996.4,1004.5,990.1,1009.2,887.5,1008.2,1009.2,1011.1,996.4,1010.8,"rgb(146,6,109)"
40.888888888888886,978.3,1001.5,1009.8,1010.5,1003.2,995.7,1003.8,989.6,1008.6,887.0,1007.8,1008.7,1010.5,996.4,1010.9,"rgb(163,21,92)"
41.84,977.7,1001.2,1009.5,1010.4,1002.7,995.2,1003.4,989.5,1008.3,887.3,1007.4,1008.7,1009.5,995.0,1009.2,"rgb(185,58,70)"
42.5,977.3,1000.7,1009.4,1010.4,1001.9,994.4,1002.4,989.2,1007.8,887.8000000000002,1007.0,1008.9,1009.1,994.8,1009.3,"rgb(153,22,102)"
43.2,977.1,1001.0,1009.8,1010.7,1001.6,994.2,1002.4,989.5,1008.1,888.0,1007.4,1008.9,1008.5,993.6,1007.7,"rgb(195,62,60)"
42.1888888888889,975.6,999.8,1008.3,1009.2,1000.4,993.0,1001.2,988.3,1006.8,886.6999999999998,1006.1,1007.4,1007.1,992.9,1007.3,"rgb(193,18,62)"
41.8625,971.2,997.3,1006.5,1007.5,995.7,988.8,998.0,986.0,1004.6,885.1000000000001,1004.0,1005.5,1002.7,988.3,1002.8,"rgb(255,36,0)"
42.16666666666666,972.1,997.1,1006.1,1006.9,996.7,989.4,998.2,985.8,1004.1,884.8000000000002,1003.9,1004.8,1003.6,988.6,1002.8,"rgb(186,27,69)"
41.12222222222223,976.9,1000.0,1008.5,1009.3,1001.8,994.2,1002.0,988.6,1007.2,887.0,1006.5,1007.6,1009.5,994.1,1008.6,"rgb(195,16,60)"
41.8111111111111,976.8,1000.5,1009.0,1009.8,1001.6,994.2,1001.7,989.1,1007.8,887.6000000000001,1007.0,1008.1,1009.0,994.0,1008.4,"rgb(155,25,100)"
41.51111111111111,976.0,1000.8,1009.2,1009.9,1000.6,993.4,1001.2,989.3,1007.8,887.5,1007.2,1007.8,1008.0,993.3,1007.5,"rgb(195,22,60)"
44.0,976.1,1000.3,1008.8,1009.6,1000.7,993.4,1001.0,988.7,1007.2,887.2,1006.8,1007.8,1008.2,993.8,1008.1,"rgb(191,26,64)"
41.944444444444436,974.4,998.6,1007.5,1008.3,998.8,991.5,999.3,987.3,1005.6,885.8000000000002,1005.2,1006.3,1006.2,991.2,1005.4,"rgb(189,21,66)"
41.01111111111111,976.8,998.9,1007.7,1008.6,1000.8,992.9,1000.0,987.3,1005.9,885.8000000000002,1005.3,1007.1,1010.0,994.4,1008.7,"rgb(171,45,84)"
40.71999999999999,975.6,998.8,1007.4,1008.5,1000.2,992.7,1000.0,987.4,1005.9,886.1000000000001,1005.2,1006.8,1008.1,992.8,1007.0,"rgb(154,33,101)"
40.58888888888889,978.8,1001.9,1009.9,1010.5,1003.8,996.2,1003.5,990.3,1009.0,888.3999999999999,1008.0,1008.8,1010.6,995.7,1009.9,"rgb(158,25,97)"
41.0,980.1,1003.0,1011.4,1012.0,1004.6,997.2,1004.7,991.6,1010.4,889.6999999999998,1009.3,1010.4,1012.5,997.6,1012.0,"rgb(181,71,74)"
39.12,978.7,1002.2,1010.7,1011.4,1003.0,995.7,1003.2,990.9,1009.6,889.2,1008.7,1009.7,1010.5,995.9,1010.3,"rgb(192,59,63)"
42.3,976.2,1000.2,1008.9,1009.7,1000.9,993.5,1001.2,988.9,1007.6,887.5,1006.9,1007.5,1008.1,992.9,1007.1,"rgb(196,62,59)"
40.86666666666665,974.1,997.9,1006.7,1007.4,999.1,991.6,999.1,986.6,1005.1,885.5,1004.5,1005.5,1006.0,990.9,1005.3,"rgb(170,34,85)"
41.86666666666667,974.5,997.8,1006.4,1007.3,999.1,991.7,999.2,986.5,1005.0,884.8999999999999,1004.3,1005.6,1006.5,991.6,1005.9,"rgb(195,54,60)"
40.47777777777779,975.4,998.5,1007.0,1007.7,999.8,992.4,999.8,987.2,1005.7,884.8999999999999,1004.9,1006.0,1007.4,992.6,1006.8,"rgb(198,15,57)"
39.77777777777778,975.9,999.1,1007.4,1008.1,1000.5,993.1,1000.6,987.7,1006.4,885.1999999999998,1005.5,1006.4,1007.9,992.9,1007.0,"rgb(186,66,69)"
39.388888888888886,976.5,999.4,1007.9,1008.5,1001.3,993.8,1001.4,988.1,1007.0,885.6999999999998,1006.0,1006.8,1008.7,993.5,1007.7,"rgb(206,19,49)"
38.87777777777778,974.7,998.2,1006.9,1007.5,999.4,992.0,999.5,987.0,1005.7,884.8999999999999,1005.0,1005.7,1006.6,991.9,1006.2,"rgb(249,53,6)"
37.75,971.5,996.2,1005.0,1005.7,995.7,988.6,996.7,985.1,1003.6,883.3000000000002,1003.0,1003.4,1003.1,988.3,1002.6,"rgb(251,37,4)"
39.0,971.4,994.7,1003.4,1004.1,996.1,988.8,996.2,983.5,1002.1,881.6,1001.3,1002.4,1003.7,988.6,1003.0,"rgb(246,27,9)"
36.677777777777784,971.6,995.0,1003.7,1004.4,996.3,988.8,996.1,983.8,1002.3,881.8999999999999,1001.6,1002.4,1003.6,988.4,1002.7,"rgb(172,45,83)"
35.43333333333333,972.0,995.3,1003.5,1004.1,996.6,989.2,996.6,984.0,1002.6,881.8999999999999,1001.6,1002.5,1004.4,989.1,1003.3,"rgb(188,21,67)"
35.41111111111111,970.6,993.7,1002.3,1003.2,995.1,987.7,995.1,982.5,1001.1,880.6000000000001,1000.2,1001.5,1002.5,987.4,1001.6,"rgb(197,51,58)"
33.377777777777766,970.1,992.4,1000.7,1001.4,994.6,987.0,994.3,981.1,999.7,879.1999999999998,998.8,1000.1,1001.8,986.9,1001.0,"rgb(216,45,39)"
37.0,969.0,990.7,999.2,999.8,993.7,985.9,993.1,979.5,998.2,878.0,997.2,998.4,1000.7,985.9,999.9,"rgb(215,51,40)"
33.12222222222222,968.1,989.8,998.1,998.5,992.9,985.2,992.3,978.4,997.3,877.0,996.3,997.1,999.6,984.3,998.2,"rgb(234,40,21)"
32.877777777777766,969.7,990.6,999.0,999.4,994.5,986.5,993.5,979.4,998.1,877.8000000000002,997.2,998.2,1001.1,985.7,999.8,"rgb(227,42,28)"
32.044444444444444,971.9,991.5,1000.2,1000.8,995.3,986.6,993.9,980.3,999.1,879.0,998.1,999.5,1004.4,988.9,1002.5,"rgb(242,38,13)"
31.0125,973.5,994.2,1002.4,1002.9,996.5,988.6,996.0,983.0,1001.6,881.0,1000.6,1001.6,1006.1,991.3,1005.0,"rgb(201,17,54)"
30.777777777777786,972.7,995.4,1003.7,1004.2,997.2,989.7,997.3,984.0,1002.7,882.1000000000001,1001.9,1002.8,1005.5,991.7,1005.7,"rgb(219,46,36)"
29.67777777777778,972.5,995.6,1003.8,1004.7,997.2,989.9,997.3,984.3,1002.9,882.3000000000002,1002.0,1003.6,1004.5,990.4,1004.8,"rgb(213,44,42)"
29.0,971.9,995.0,1004.3,1005.3,996.4,989.0,996.3,983.8,1002.0,882.2,1001.6,1004.0,1003.6,988.5,1003.1,"rgb(247,43,8)"
29.211111111111112,970.9,996.9,1005.9,1006.6,995.4,988.3,996.9,985.8,1003.5,883.8999999999999,1003.7,1004.8,1002.4,987.3,1001.7,"rgb(251,30,4)"
29.422222222222228,972.6,996.8,1005.5,1006.4,997.0,989.6,997.5,985.7,1003.4,883.8000000000002,1003.3,1004.6,1004.5,989.2,1003.5,"rgb(189,60,66)"
28.03333333333333,972.4,995.7,1004.4,1005.2,996.8,989.4,996.9,984.6,1002.4,882.8000000000002,1002.3,1003.7,1004.4,989.5,1003.7,"rgb(245,40,10)"
26.155555555555555,972.6,995.7,1004.3,1005.2,996.9,989.6,997.1,984.6,1002.3,882.6999999999998,1002.2,1003.9,1004.5,989.6,1004.4,"rgb(223,22,32)"
25.944444444444446,973.1,996.1,1005.1,1006.1,997.5,990.2,997.6,984.9,1002.7,883.1000000000001,1002.6,1005.0,1004.7,990.0,1005.2,"rgb(246,42,9)"
25.96666666666667,973.7,996.9,1005.9,1007.0,998.1,990.6,998.2,985.7,1003.5,883.8999999999999,1003.5,1005.7,1005.5,989.9,1004.9,"rgb(211,57,44)"
31.5,973.5,996.8,1005.5,1006.6,997.9,990.5,998.1,985.5,1003.4,883.6,1003.2,1005.1,1005.4,989.7,1003.8,"rgb(188,63,67)"
26.044444444444448,973.5,997.1,1005.8,1006.6,998.2,990.7,998.4,986.0,1003.8,883.8000000000002,1003.6,1005.0,1005.3,990.3,1004.6,"rgb(204,14,51)"
26.16666666666667,974.9,998.3,1007.2,1007.9,999.1,991.8,999.4,987.3,1005.0,885.0,1005.0,1006.4,1006.8,991.5,1005.6,"rgb(209,59,46)"
26.41111111111111,974.6,998.4,1007.0,1007.8,999.0,991.8,999.5,987.4,1005.0,885.1999999999998,1005.1,1006.2,1006.5,991.4,1005.4,"rgb(249,25,6)"
26.066666666666666,973.7,997.2,1005.6,1006.3,998.2,990.9,998.5,986.0,1003.9,884.1000000000001,1003.6,1004.7,1005.6,990.8,1005.6,"rgb(247,42,8)"
26.4875,972.9,995.6,1004.0,1004.7,997.3,990.0,997.6,984.5,1002.5,882.8999999999999,1002.1,1003.1,1004.7,989.9,1004.3,"rgb(234,41,21)"
25.722222222222218,974.6,997.6,1006.0,1006.8,999.0,991.8,999.3,986.5,1004.3,884.5,1004.0,1005.3,1006.4,990.9,1005.4,"rgb(207,12,48)"
25.0,977.2,1000.3,1008.5,1009.3,1001.5,994.3,1001.8,989.1,1006.8,886.8,1006.7,1007.7,1009.2,993.9,1008.2,"rgb(215,22,40)"
23.58888888888889,977.6,1000.8,1009.3,1010.1,1002.0,994.7,1002.2,989.7,1007.5,887.5,1007.4,1008.4,1009.4,994.5,1008.9,"rgb(199,68,56)"
21.82,974.7,998.3,1006.9,1007.7,999.0,991.8,999.4,987.3,1005.1,885.3999999999999,1005.0,1005.9,1006.7,991.8,1006.1,"rgb(244,53,11)"
20.12,972.2,995.4,1004.0,1004.6,996.5,989.3,996.8,984.4,1002.3,882.8999999999999,1002.1,1002.8,1004.2,989.2,1003.4,"rgb(238,35,17)"
18.47,972.8,995.5,1003.8,1004.4,997.1,989.8,997.2,984.4,1002.2,882.7,1001.9,1002.8,1004.8,989.9,1004.3,"rgb(238,45,17)"
19.110000000000007,972.7,995.4,1003.5,1004.1,996.9,989.7,997.1,984.2,1002.0,882.7,1001.8,1002.7,1004.6,990.3,1004.4,"rgb(237,37,18)"
19.87777777777778,971.5,994.4,1002.8,1003.5,995.8,988.7,996.2,983.4,1001.2,882.1000000000001,1001.0,1002.0,1003.4,988.4,1002.8,"rgb(236,37,19)"
21.0,968.9,990.1,998.9,999.5,992.9,985.0,992.2,979.2,997.0,878.5,997.0,997.8,1000.4,984.2,998.2,"rgb(232,33,23)"
17.97,964.6,988.5,996.6,996.9,990.0,983.2,990.4,977.5,995.2,876.3999999999999,995.0,994.4,995.6,979.3,993.4,"rgb(196,56,59)"
19.43,969.6,993.9,1002.7,1003.6,993.8,986.8,994.7,983.1,1000.6,881.8,1000.7,1001.9,1001.2,986.3,1000.6,"rgb(237,30,18)"
19.366666666666664,972.4,995.9,1004.6,1005.6,996.6,989.5,997.1,984.9,1002.6,883.3999999999999,1002.4,1004.0,1004.1,988.8,1003.3,"rgb(244,37,11)"
19.71,974.1,997.5,1006.2,1007.0,998.3,991.2,998.8,986.5,1004.2,884.7,1004.0,1005.5,1005.8,990.4,1005.2,"rgb(216,19,39)"
17.755555555555556,975.3,999.0,1007.6,1008.6,999.5,992.4,1000.0,987.9,1005.6,886.1999999999998,1005.5,1006.9,1007.1,992.1,1007.0,"rgb(238,60,17)"
18.355555555555554,976.0,999.9,1008.5,1009.2,1000.3,993.2,1000.8,988.9,1006.6,887.0,1006.5,1007.5,1007.9,992.9,1007.3,"rgb(232,68,23)"
16.0,977.4,1000.7,1009.2,1010.0,1001.6,994.5,1002.0,989.6,1007.4,887.6,1007.4,1008.3,1009.3,994.3,1008.8,"rgb(230,72,25)"
18.577777777777776,978.2,1001.2,1009.5,1010.2,1002.5,995.3,1002.8,990.0,1007.8,887.8000000000002,1007.7,1008.7,1010.2,995.7,1010.5,"rgb(232,74,23)"
18.533333333333328,976.6,999.0,1007.1,1007.7,1000.6,993.5,1000.9,987.8,1005.7,885.6999999999998,1005.2,1006.6,1009.0,994.7,1009.2,"rgb(232,71,23)"
18.366666666666664,975.0,997.4,1005.8,1006.5,998.8,991.6,999.1,986.3,1004.1,884.6000000000001,1003.5,1005.5,1007.4,993.7,1008.1,"rgb(235,52,20)"
17.87777777777778,976.5,999.3,1007.8,1008.3,1000.5,993.2,1000.8,988.2,1005.9,886.0,1005.5,1007.1,1008.7,994.2,1008.8,"rgb(205,14,50)"
17.419999999999998,977.4,999.9,1008.5,1009.2,1001.1,993.9,1001.5,988.8,1006.6,886.3999999999999,1006.1,1007.5,1009.9,994.7,1009.1,"rgb(219,49,36)"
17.25,975.8,997.7,1006.3,1007.1,999.3,991.7,999.2,986.6,1004.3,884.6000000000001,1004.0,1005.4,1008.4,993.0,1007.2,"rgb(237,62,18)"
14.0,973.3,994.2,1002.6,1003.5,996.1,988.2,995.8,983.2,1000.8,881.7,1000.3,1001.8,1005.9,990.1,1003.7,"rgb(247,25,8)"
19.777777777777786,968.9,986.8,995.1,995.8,991.8,982.3,988.9,975.8,993.2,874.6999999999998,992.7,993.9,1001.6,981.1,992.7,"rgb(211,42,44)"
20.125,962.0,982.8,994.2,996.6,984.2,976.4,983.0,972.6,988.8,871.8000000000002,990.4,996.6,994.2,978.5,993.5,"rgb(188,20,67)"
19.633333333333333,969.8,994.0,1003.6,1004.7,993.9,986.6,994.2,983.1,1000.6,881.5,1000.6,1003.4,1001.6,987.1,1001.8,"rgb(235,38,20)"
19.811111111111114,975.5,998.6,1007.3,1008.1,999.9,992.5,999.9,987.5,1005.2,885.1999999999998,1004.7,1006.8,1007.3,992.6,1007.4,"rgb(159,38,96)"
20.83333333333333,978.5,1001.1,1009.3,1009.9,1002.8,995.5,1002.9,990.0,1007.9,887.5,1007.1,1008.7,1010.6,995.7,1010.4,"rgb(232,75,23)"
21.355555555555554,976.8,999.4,1007.8,1008.4,1000.8,993.6,1001.2,988.3,1006.1,885.8999999999999,1005.4,1006.9,1009.1,993.9,1008.3,"rgb(232,68,23)"
21.61,973.1,995.2,1003.6,1004.4,996.8,989.3,996.7,984.1,1001.8,882.5,1001.3,1002.7,1005.5,989.9,1003.9,"rgb(241,39,14)"
20.81111111111111,971.6,993.7,1002.1,1003.1,996.0,988.4,995.6,982.8,1000.4,881.3999999999999,999.9,1001.4,1003.0,987.4,1001.8,"rgb(239,35,16)"
20.1,967.3,991.1,999.3,1000.0,992.5,985.5,992.9,980.2,997.9,878.8999999999999,997.2,997.7,998.0,982.8,996.9,"rgb(206,54,49)"
21.4,964.6,990.1,998.8,1000.0,989.4,982.5,990.5,979.3,996.6,878.3999999999999,996.3,997.8,996.1,981.1,995.1,"rgb(231,35,24)"
23.02222222222223,967.9,992.0,1000.8,1002.0,991.7,984.6,992.5,981.2,998.7,880.0,998.4,1000.1,999.4,984.2,998.3,"rgb(230,28,25)"
23.38888888888889,970.6,993.6,1001.8,1002.9,994.7,987.5,994.8,982.6,1000.2,881.1999999999998,999.6,1001.6,1002.4,987.4,1001.7,"rgb(218,29,37)"
21.0,971.5,994.7,1002.3,1003.3,995.9,988.7,996.1,983.5,1001.1,881.6,1000.5,1002.3,1003.4,988.6,1003.4,"rgb(218,30,37)"
25.13333333333333,972.6,995.7,1003.5,1004.5,996.9,989.8,997.2,984.4,1002.1,882.3999999999999,1001.6,1003.0,1004.5,989.5,1003.8,"rgb(227,31,28)"
24.211111111111112,972.0,995.1,1003.1,1004.1,996.4,989.2,996.7,984.1,1001.7,882.3000000000002,1001.1,1002.6,1003.7,988.9,1003.0,"rgb(238,44,17)"
24.45,970.6,994.0,1002.3,1003.5,995.1,987.9,995.3,983.0,1000.6,881.3,1000.1,1001.7,1002.4,987.6,1001.6,"rgb(238,24,17)"
27.11111111111111,970.1,993.4,1001.9,1003.2,994.4,987.3,994.7,982.5,1000.2,881.0,999.7,1001.6,1001.9,987.0,1001.3,"rgb(205,40,50)"
28.04444444444444,971.5,995.3,1003.8,1004.9,995.7,988.5,996.1,984.3,1001.8,882.5,1001.5,1003.1,1003.3,988.3,1002.5,"rgb(204,41,51)"
27.988888888888887,971.5,995.8,1004.2,1005.3,995.6,988.5,996.2,984.9,1002.3,882.8000000000002,1002.1,1003.3,1003.3,988.5,1002.6,"rgb(202,32,53)"
28.0,970.0,993.1,1001.9,1003.0,994.3,987.1,994.4,982.2,999.7,880.3,999.5,1001.6,1001.8,987.0,1001.2,"rgb(200,37,55)"
28.7,971.5,995.8,1004.8,1005.9,995.6,988.3,996.1,984.8,1002.3,882.6999999999998,1002.3,1004.1,1003.5,988.0,1002.3,"rgb(197,49,58)"
28.444444444444446,975.4,1000.1,1008.9,1009.9,999.4,992.3,1000.3,989.2,1006.8,887.1000000000001,1006.5,1007.7,1007.3,992.0,1006.5,"rgb(226,50,29)"
28.68888888888889,977.2,1000.9,1009.2,1010.1,1001.4,994.2,1001.9,990.0,1007.7,887.6000000000001,1007.1,1008.0,1009.1,993.9,1008.3,"rgb(227,73,28)"
31.077777777777786,975.7,998.6,1007.1,1008.1,1000.0,992.7,1000.2,987.8,1005.5,885.6999999999998,1005.0,1006.4,1007.8,993.1,1007.4,"rgb(245,61,10)"
31.999999999999996,975.3,998.1,1006.3,1007.2,999.4,992.1,999.6,987.2,1004.9,885.1999999999998,1004.3,1005.8,1007.3,993.0,1007.4,"rgb(245,56,10)"
31.0,976.9,1000.0,1007.9,1008.9,1001.4,994.1,1001.6,989.0,1006.7,886.3,1006.1,1007.9,1008.9,994.8,1009.7,"rgb(197,33,58)"
31.86666666666667,977.4,1000.7,1009.4,1010.8,1001.9,994.6,1002.0,989.6,1007.3,886.8000000000002,1007.1,1009.5,1009.3,994.6,1009.5,"rgb(158,36,97)"
32.7,977.7,1001.7,1010.2,1011.2,1002.0,994.7,1002.4,990.7,1008.3,887.8000000000002,1008.0,1009.1,1009.7,994.0,1008.0,"rgb(199,63,56)"
32.2,978.4,1001.4,1009.6,1010.5,1002.7,995.4,1002.9,990.4,1008.2,887.6999999999998,1007.6,1008.8,1010.5,995.5,1009.7,"rgb(203,84,52)"
32.8,980.4,1003.5,1011.7,1012.6,1004.9,997.6,1005.2,992.4,1010.3,889.8000000000002,1009.7,1010.9,1012.8,997.7,1012.5,"rgb(238,85,17)"
31.590000000000003,979.7,1002.8,1011.0,1012.0,1003.9,996.7,1004.3,991.7,1009.6,889.0,1009.0,1010.4,1012.2,997.2,1012.0,"rgb(238,83,17)"
32.25555555555556,978.9,1001.9,1010.0,1011.1,1003.2,996.0,1003.4,990.9,1008.6,888.3000000000002,1008.1,1009.4,1011.1,996.0,1010.8,"rgb(200,24,55)"
31.5,978.0,1001.0,1009.2,1010.2,1002.4,995.2,1002.7,990.2,1007.8,887.5,1007.3,1008.5,1010.2,995.1,1009.7,"rgb(198,62,57)"
34.0,978.4,1001.4,1009.5,1010.5,1002.8,995.6,1003.2,990.5,1008.3,888.0,1007.6,1008.8,1010.5,995.5,1010.1,"rgb(154,0,101)"
31.4625,978.1,1001.3,1009.3,1010.4,1002.5,995.3,1002.8,990.3,1008.1,887.8000000000002,1007.4,1008.6,1010.1,995.0,1009.7,"rgb(240,78,15)"
31.966666666666665,976.3,999.6,1007.7,1008.8,1000.6,993.5,1000.9,988.5,1006.3,886.3000000000002,1005.7,1006.9,1008.4,993.3,1008.0,"rgb(213,18,42)"
29.577777777777786,974.9,996.7,1005.0,1006.1,998.2,990.8,998.3,985.8,1003.4,884.0,1002.9,1004.4,1007.4,992.0,1006.1,"rgb(244,57,11)"
28.211111111111112,975.1,997.2,1005.4,1006.5,999.0,991.4,998.9,986.2,1003.9,884.5,1003.3,1004.8,1007.3,992.0,1006.3,"rgb(242,54,13)"
27.444444444444446,975.9,999.2,1007.5,1008.4,1000.5,993.2,1000.7,988.3,1006.0,886.1999999999998,1005.5,1006.6,1008.0,993.0,1007.5,"rgb(242,71,13)"
25.21666666666667,975.7,998.9,1007.1,1008.0,1000.1,993.0,1000.5,988.0,1005.6,885.8000000000002,1005.1,1006.3,1007.7,993.0,1007.2,"rgb(234,54,21)"
34.0,976.5,999.4,1007.4,1008.5,1000.9,993.6,1001.1,988.4,1006.2,886.1,1005.5,1006.7,1008.6,993.5,1008.1,"rgb(244,66,11)"
25.37777777777778,976.5,999.3,1007.5,1008.6,1000.6,993.4,1001.0,988.4,1006.1,886.1999999999998,1005.6,1007.3,1008.9,994.0,1008.7,"rgb(229,58,26)"
24.988888888888887,975.9,999.3,1007.4,1008.3,1000.3,993.2,1000.7,988.3,1005.9,885.8999999999999,1005.6,1006.6,1008.2,993.3,1007.8,"rgb(246,26,9)"
23.33333333333333,980.4,1003.2,1011.4,1012.4,1004.8,997.4,1004.9,992.2,1010.0,889.8000000000002,1009.7,1010.8,1012.7,997.3,1012.0,"rgb(236,84,19)"
22.077777777777783,979.2,1000.3,1008.7,1009.7,1002.3,994.4,1002.0,989.5,1007.2,887.5,1006.9,1008.2,1011.8,996.0,1010.0,"rgb(229,75,26)"
21.866666666666664,973.8,994.7,1002.9,1004.0,996.4,988.8,996.3,983.9,1001.5,882.5,1001.2,1002.5,1006.6,991.8,1005.5,"rgb(240,45,15)"
22.36666666666667,969.3,990.8,998.9,999.9,992.5,984.9,992.6,980.0,997.6,878.6999999999998,997.2,998.4,1001.9,988.3,1001.8,"rgb(222,44,33)"
22.075,966.9,989.1,997.6,998.3,989.9,982.7,990.2,978.3,995.8,876.8000000000002,995.8,995.4,999.4,984.1,996.3,"rgb(210,43,45)"
26.0,972.0,996.7,1005.0,1006.2,996.8,989.9,997.7,985.9,1003.6,883.2,1003.4,1004.5,1003.8,987.9,1002.3,"rgb(172,47,83)"
22.655555555555555,976.1,999.4,1007.5,1008.9,1000.6,993.3,1000.7,988.4,1006.0,885.6999999999998,1005.6,1007.3,1008.2,992.3,1006.7,"rgb(215,42,40)"
22.637500000000006,979.1,1002.1,1010.0,1011.3,1003.6,996.3,1003.8,991.2,1008.9,888.3000000000002,1008.4,1009.6,1011.3,995.9,1010.5,"rgb(207,13,48)"
21.766666666666666,980.1,1002.8,1010.8,1012.0,1004.6,997.2,1004.6,991.8,1009.7,889.0,1009.2,1010.3,1012.5,997.1,1011.6,"rgb(171,80,84)"
21.625000000000004,980.1,1002.6,1010.5,1011.7,1004.6,997.0,1004.5,991.6,1009.4,888.8000000000002,1009.0,1010.1,1012.7,997.1,1011.5,"rgb(234,83,21)"
22.2625,980.3,1002.8,1010.7,1011.9,1004.9,997.3,1004.7,991.8,1009.7,889.1000000000001,1009.2,1010.4,1012.9,997.4,1012.0,"rgb(233,91,22)"
22.0375,979.2,1001.7,1009.7,1010.9,1003.9,996.3,1003.7,990.7,1008.5,888.0,1008.1,1009.4,1011.9,996.3,1010.9,"rgb(230,87,25)"
23.0,978.0,1000.9,1008.8,1010.0,1002.6,995.1,1002.7,989.9,1007.7,887.3,1007.3,1008.4,1010.6,995.3,1009.9,"rgb(231,83,24)"
21.81111111111111,979.4,1001.3,1009.4,1010.5,1003.7,995.7,1003.2,990.3,1008.1,887.6999999999998,1007.8,1009.0,1012.0,996.4,1010.7,"rgb(226,83,29)"
23.244444444444447,979.7,1001.1,1008.9,1010.2,1004.3,996.0,1003.4,989.9,1007.8,887.1999999999998,1007.3,1008.6,1012.0,996.1,1010.1,"rgb(215,84,40)"
22.47777777777777,977.6,999.3,1007.3,1008.4,1002.2,994.3,1001.5,988.2,1006.1,885.5,1005.7,1006.8,1009.6,994.0,1008.2,"rgb(226,85,29)"
22.211111111111112,977.9,998.2,1006.1,1007.2,1002.6,994.4,1000.9,987.0,1005.0,884.1000000000001,1004.6,1005.7,1010.0,993.3,1007.4,"rgb(213,96,42)"
23.288888888888888,978.6,999.4,1007.2,1008.1,1003.8,995.7,1002.3,988.1,1006.2,884.3000000000002,1005.9,1006.7,1011.0,994.1,1008.4,"rgb(211,99,44)"
24.0375,980.9,1001.5,1009.3,1010.4,1005.8,997.6,1004.2,990.2,1008.3,886.3000000000002,1007.8,1008.9,1013.3,996.4,1010.7,"rgb(207,105,48)"
28.0,984.3,1003.2,1011.1,1012.2,1008.7,999.7,1006.0,991.8,1009.9,888.0,1009.4,1010.5,1017.1,1000.0,1013.6,"rgb(198,120,57)"
23.988888888888887,982.8,1002.7,1010.6,1011.6,1007.2,998.1,1005.2,991.3,1009.5,887.1999999999998,1009.0,1010.0,1015.8,999.0,1012.9,"rgb(198,118,57)"
24.177777777777774,980.3,1000.5,1008.4,1009.5,1004.8,995.6,1002.8,989.2,1007.2,885.5,1006.7,1007.7,1013.1,996.2,1009.6,"rgb(206,105,49)"
24.35,977.4,997.9,1005.9,1006.9,1002.3,993.6,1000.5,986.8,1004.6,884.0,1004.3,1005.2,1010.0,992.8,1006.2,"rgb(199,70,56)"
25.344444444444445,976.0,996.4,1004.3,1005.3,1001.0,993.1,999.6,985.2,1003.2,883.1999999999998,1002.8,1003.5,1008.0,990.5,1004.1,"rgb(188,63,67)"
23.55,976.8,998.4,1005.8,1006.3,1002.5,995.0,1001.7,987.0,1005.2,884.3,1004.4,1004.8,1008.4,990.7,1005.6,"rgb(191,64,64)"
25.3125,978.6,1001.1,1008.6,1009.2,1004.0,996.6,1003.7,989.8,1007.9,886.6000000000001,1007.2,1007.3,1010.0,993.9,1008.6,"rgb(226,91,29)"
28.0,983.9,1004.9,1012.9,1014.0,1008.7,1000.6,1007.6,993.6,1011.8,890.3,1011.2,1012.4,1016.1,1000.0,1014.8,"rgb(207,140,48)"
24.88888888888889,985.8,1006.7,1014.7,1015.8,1010.7,1002.3,1009.4,995.3,1013.5,891.3000000000002,1013.1,1014.3,1018.8,1002.4,1017.1,"rgb(188,144,67)"
25.6625,985.7,1006.8,1014.8,1016.0,1010.4,1002.0,1009.3,995.3,1013.6,891.1000000000001,1013.2,1014.5,1018.9,1002.5,1017.2,"rgb(187,146,68)"
27.488888888888887,986.6,1007.6,1015.6,1016.8,1011.1,1002.5,1009.9,996.1,1014.4,891.8000000000002,1014.0,1015.2,1020.0,1003.7,1018.0,"rgb(186,143,69)"
26.13333333333333,985.1,1006.6,1014.7,1015.8,1009.3,1001.0,1008.4,995.2,1013.3,891.3999999999999,1012.9,1013.9,1018.5,1002.2,1016.6,"rgb(189,124,66)"
26.36666666666667,984.2,1005.5,1013.8,1015.1,1008.0,999.8,1007.3,994.3,1012.3,890.8000000000002,1012.0,1013.4,1017.4,1001.9,1016.1,"rgb(200,135,55)"
26.5625,983.1,1005.5,1013.6,1014.9,1007.1,999.6,1007.2,994.3,1012.3,891.1000000000001,1011.9,1012.9,1016.1,1001.0,1015.3,"rgb(214,138,41)"
27.0,981.8,1004.7,1012.6,1013.9,1006.4,999.0,1006.6,993.5,1011.5,890.8,1011.0,1012.0,1014.6,999.4,1014.0,"rgb(224,127,31)"
26.33333333333333,981.8,1005.2,1013.1,1014.3,1006.6,999.3,1006.9,994.1,1012.0,891.3999999999999,1011.5,1012.5,1013.9,998.9,1013.8,"rgb(222,122,33)"
27.1375,984.1,1004.9,1012.7,1013.6,1009.0,1000.5,1007.6,993.6,1011.7,890.6999999999998,1011.1,1012.0,1016.4,1000.0,1013.9,"rgb(207,131,48)"
26.700000000000006,984.4,1005.2,1013.1,1014.1,1008.9,1000.5,1007.8,993.9,1012.0,890.3999999999999,1011.6,1012.5,1017.4,1001.3,1015.6,"rgb(195,130,60)"
27.175,983.7,1005.7,1013.7,1014.8,1008.1,1000.2,1007.7,994.4,1012.5,890.8999999999999,1012.2,1013.1,1016.7,1000.5,1015.1,"rgb(221,128,34)"
26.711111111111112,983.9,1006.4,1014.5,1015.7,1008.4,1000.7,1008.3,995.3,1013.3,891.8000000000002,1012.9,1013.9,1016.9,1001.3,1016.1,"rgb(214,131,41)"
27.4625,983.7,1006.6,1014.6,1015.7,1008.6,1001.0,1008.6,995.4,1013.5,892.1999999999998,1013.0,1014.0,1016.3,1001.1,1015.9,"rgb(218,127,37)"
25.0,985.5,1005.8,1013.8,1015.0,1009.8,1000.9,1008.3,994.6,1012.7,891.5,1012.2,1013.4,1018.1,1002.0,1016.0,"rgb(197,127,58)"
26.277777777777782,986.2,1006.3,1014.4,1015.6,1009.9,1001.1,1008.6,995.1,1013.1,891.6999999999998,1012.8,1013.9,1019.5,1003.4,1017.5,"rgb(196,131,59)"
25.755555555555553,984.7,1006.7,1015.1,1016.1,1008.4,1000.8,1008.4,995.5,1013.5,892.1000000000001,1013.2,1014.3,1017.7,1002.8,1017.4,"rgb(217,135,38)"
24.38888888888889,983.1,1005.7,1014.0,1015.1,1007.2,999.8,1007.4,994.5,1012.5,891.1000000000001,1012.1,1013.3,1016.2,1001.3,1015.8,"rgb(218,132,37)"
23.311111111111106,980.9,1003.9,1012.2,1013.2,1005.5,998.0,1005.6,992.7,1010.7,889.3999999999999,1010.2,1011.4,1013.7,998.6,1013.3,"rgb(224,121,31)"
23.055555555555557,980.0,1002.8,1011.0,1011.9,1004.7,997.1,1004.6,991.7,1009.6,888.6000000000001,1009.2,1010.0,1012.4,997.2,1011.8,"rgb(225,111,30)"
22.6125,982.7,1003.6,1011.5,1012.3,1007.9,999.6,1006.5,992.3,1010.4,889.0,1009.8,1010.4,1015.0,998.5,1012.5,"rgb(182,111,73)"
28.0,985.3,1004.8,1013.1,1013.6,1010.2,1001.2,1008.2,993.3,1011.7,888.9,1011.3,1012.0,1018.5,1001.5,1015.5,"rgb(190,133,65)"
23.777777777777782,985.1,1006.2,1014.6,1015.6,1009.8,1001.3,1008.7,994.5,1013.0,890.1999999999998,1012.7,1013.8,1018.3,1002.0,1016.5,"rgb(191,144,64)"
24.61111111111111,984.5,1007.0,1015.4,1016.3,1009.5,1001.6,1009.1,994.9,1013.8,891.3000000000002,1013.4,1014.5,1017.7,1001.7,1016.5,"rgb(195,145,60)"
25.88888888888889,985.1,1006.6,1015.2,1016.2,1009.8,1001.5,1008.9,994.5,1013.5,891.1000000000001,1013.1,1014.4,1018.1,1001.9,1016.5,"rgb(191,137,64)"
25.511111111111113,986.5,1006.9,1015.3,1016.4,1010.7,1001.6,1009.1,994.9,1013.7,891.5,1013.3,1014.7,1019.9,1003.7,1018.0,"rgb(193,134,62)"
26.0,984.3,1007.2,1015.4,1016.3,1009.3,1001.8,1009.3,995.2,1014.0,891.8000000000002,1013.5,1014.5,1017.2,1001.8,1016.7,"rgb(197,139,58)"
26.525,985.6,1007.5,1015.5,1016.2,1010.9,1002.6,1009.9,995.3,1014.3,891.6999999999998,1013.7,1014.4,1018.2,1001.8,1016.3,"rgb(175,106,80)"
28.25,985.0,1006.2,1014.4,1015.5,1009.5,1001.1,1008.5,994.1,1012.9,890.9,1012.4,1013.7,1018.1,1001.7,1016.1,"rgb(194,141,61)"
26.3625,983.7,1005.7,1013.9,1014.9,1008.5,1000.4,1007.9,993.5,1012.4,890.3000000000002,1012.0,1013.1,1016.8,1000.5,1015.4,"rgb(201,145,54)"
26.266666666666666,985.2,1006.6,1014.6,1015.5,1010.3,1002.0,1009.2,994.3,1013.3,890.8999999999999,1012.8,1013.8,1018.2,1000.9,1016.3,"rgb(193,147,62)"
25.5,988.4,1007.9,1016.1,1016.8,1013.0,1003.3,1010.8,995.6,1014.8,891.8000000000002,1014.3,1014.7,1022.0,1004.1,1018.8,"rgb(169,106,86)"
25.03333333333333,988.4,1008.4,1016.6,1017.3,1012.8,1003.4,1010.9,996.2,1015.2,892.1999999999998,1014.8,1015.0,1022.0,1004.0,1018.9,"rgb(177,131,78)"
25.68888888888889,987.6,1008.6,1016.7,1017.7,1011.4,1002.9,1010.5,996.5,1015.2,892.6999999999998,1014.8,1015.9,1021.0,1004.5,1019.3,"rgb(171,106,84)"
26.35,984.4,1006.2,1014.3,1015.2,1009.4,1001.4,1008.8,994.1,1013.1,890.6000000000001,1012.5,1013.3,1017.1,1000.5,1015.6,"rgb(181,115,74)"
27.0,986.1,1005.7,1013.6,1014.4,1011.9,1003.0,1009.4,993.4,1012.5,889.8,1011.9,1012.6,1019.2,1000.8,1015.2,"rgb(175,81,80)"
25.91111111111111,989.4,1008.1,1016.4,1017.3,1014.3,1004.5,1011.5,995.9,1014.9,891.6999999999998,1014.6,1015.0,1022.9,1004.4,1018.8,"rgb(178,135,77)"
25.03,987.5,1008.5,1017.0,1017.9,1012.2,1003.4,1010.9,996.3,1015.4,892.3,1015.0,1015.9,1020.8,1003.5,1018.8,"rgb(183,144,72)"
26.54444444444444,985.0,1007.3,1015.7,1016.6,1009.9,1001.8,1009.4,995.1,1014.0,891.3000000000002,1013.7,1014.6,1018.2,1001.8,1017.1,"rgb(182,146,73)"
26.277777777777782,983.7,1006.6,1014.4,1015.3,1008.8,1001.1,1008.7,994.4,1013.2,890.8999999999999,1012.7,1013.3,1016.6,1000.1,1015.4,"rgb(199,146,56)"
26.62222222222222,983.7,1005.0,1013.6,1014.7,1007.4,999.4,1006.9,993.0,1011.8,890.1999999999998,1011.6,1012.5,1016.6,1000.4,1015.5,"rgb(204,143,51)"
26.99857142857143,983.6,1006.4,1014.5,1015.6,1007.9,1000.5,1008.2,994.3,1012.9,891.1000000000001,1012.6,1013.8,1016.7,1000.9,1016.3,"rgb(208,140,47)"
28.0,981.8,1005.3,1013.5,1014.7,1006.9,999.4,1007.1,993.3,1012.0,890.3,1011.6,1012.7,1014.5,999.1,1014.6,"rgb(220,129,35)"
26.744444444444447,980.4,1003.4,1011.8,1012.4,1005.4,997.8,1005.4,991.3,1010.0,888.6000000000001,1009.5,1010.3,1012.7,996.4,1011.8,"rgb(226,120,29)"
25.540000000000006,982.3,1003.3,1011.5,1012.3,1006.8,998.5,1005.8,991.2,1009.9,888.8,1009.5,1010.3,1015.0,998.3,1013.1,"rgb(205,141,50)"
26.8,982.7000000000003,1004.6,1012.7000000000003,1013.9,1007.0,999.1,1006.7000000000003,992.6,1011.2999999999997,890.1,1010.7999999999997,1012.0,1015.4,998.7999999999997,1014.2000000000003,"rgb(204,133,51)"
25.1,982.1,1005.0,1013.0,1014.0,1007.2,999.6,1007.1,993.0,1011.7,890.6999999999998,1011.3,1012.5,1014.5,999.0,1014.6,"rgb(213,132,42)"
25.03333333333333,980.8,1003.9,1012.1,1013.3,1005.8,998.3,1006.0,992.0,1010.6,889.8000000000002,1010.4,1011.9,1013.3,998.1,1013.9,"rgb(149,2,106)"
24.1375,980.1,1003.5,1011.3,1012.4,1005.3,997.8,1005.5,991.6,1010.1,889.1999999999998,1009.8,1010.7,1012.0,996.3,1011.9,"rgb(225,117,30)"
26.0,986.0,1004.9,1012.4,1013.1,1011.2,1001.9,1008.8,992.4,1011.4,888.8,1011.1,1011.3,1019.2,1000.5,1015.1,"rgb(186,130,69)"
24.944444444444446,988.3,1008.5,1016.7,1017.3,1013.0,1003.9,1011.3,995.9,1014.8,890.8000000000002,1015.3,1015.3,1022.5,1004.6,1019.6,"rgb(144,134,111)"
24.9625,984.2,1007.3,1015.6,1016.5,1009.0,1001.3,1009.1,995.0,1013.7,890.6999999999998,1014.0,1014.5,1017.6,1002.2,1017.9,"rgb(182,148,73)"
24.860000000000007,988.7,1009.0,1016.6,1016.9,1014.7,1005.9,1012.5,996.1,1015.3,890.8999999999999,1015.3,1014.6,1022.0,1002.6,1017.8,"rgb(125,58,130)"
25.3,990.4,1010.4,1018.5,1019.3,1015.6,1006.4,1013.6,997.6,1016.7,891.5,1017.1,1017.3,1024.6,1006.2,1021.4,"rgb(142,135,113)"
25.511111111111113,988.9,1009.3,1017.5,1018.4,1013.3,1004.2,1011.7,996.7,1015.6,891.1000000000001,1015.9,1017.2,1023.3,1005.6,1020.9,"rgb(148,140,107)"
25.557142857142853,986.1,1008.7,1016.8,1017.8,1010.8,1002.8,1010.4,996.2,1015.0,891.3000000000002,1015.2,1015.6,1019.8,1003.5,1018.8,"rgb(170,147,85)"
26.0,988.1,1008.0,1016.2,1016.9,1013.5,1003.3,1010.9,995.6,1014.5,890.7,1014.6,1014.3,1021.8,1003.6,1018.2,"rgb(168,107,87)"
25.53333333333333,988.6,1008.7,1017.1,1018.1,1013.3,1003.2,1011.0,996.4,1015.1,891.8999999999999,1015.4,1016.1,1022.4,1005.3,1019.9,"rgb(169,96,86)"
24.97777777777777,984.9,1008.1,1016.0,1016.8,1010.6,1002.9,1010.5,995.7,1014.5,891.6000000000001,1014.5,1014.8,1017.7,1001.5,1016.9,"rgb(179,146,76)"
25.1625,987.1,1007.6,1015.4,1016.0,1012.8,1004.0,1011.2,995.2,1014.1,891.1000000000001,1014.0,1013.9,1020.1,1001.9,1016.8,"rgb(178,138,77)"
24.055555555555554,991.1,1011.7,1019.5,1019.9,1017.3,1008.5,1015.5,998.8,1018.1,892.6999999999998,1018.2,1017.4,1024.7,1005.8,1020.9,"rgb(140,138,115)"
22.844444444444445,992.8,1012.9,1021.1,1021.8,1018.0,1009.0,1016.2,1000.1,1019.3,893.6000000000001,1019.6,1020.0,1027.2,1009.0,1024.2,"rgb(137,140,118)"
23.3125,989.9,1011.9,1020.4,1021.2,1014.8,1006.4,1014.0,999.4,1018.4,893.6000000000001,1018.8,1019.0,1024.2,1007.3,1022.7,"rgb(146,143,109)"
26.0,986.7,1010.2,1018.2,1019.1,1012.8,1005.0,1012.6,997.7,1016.5,893.0,1016.6,1017.0,1019.9,1003.4,1019.1,"rgb(171,146,84)"
23.950000000000006,991.5,1012.1,1019.8,1020.1,1017.8,1009.4,1016.0,999.3,1018.7,893.1999999999998,1018.7,1018.2,1025.1,1006.0,1021.3,"rgb(139,139,116)"
23.950000000000006,994.6,1014.6,1022.9,1023.2,1020.7,1011.2,1018.1,1001.4,1020.8,893.7,1021.3,1021.7,1029.5,1010.4,1025.7999999999997,"rgb(134,141,121)"
23.86666666666667,993.4,1014.6,1023.3,1023.9,1019.1,1009.2,1016.9,1001.6,1020.8,894.6999999999998,1021.4,1022.0,1028.3,1010.9,1026.4,"rgb(137,140,118)"
24.044444444444448,988.4,1012.8,1020.9,1021.2,1015.7,1006.8,1014.5,1000.0,1018.8,893.1999999999998,1019.2,1018.5,1021.9,1005.5,1021.2,"rgb(154,142,101)"
24.077777777777783,987.9,1009.0,1017.3,1017.9,1014.6,1004.6,1011.8,996.3,1015.3,890.8999999999999,1015.6,1015.7,1021.5,1003.8,1019.1,"rgb(147,137,108)"
25.0,992.1,1012.0,1020.5,1021.1,1018.3,1007.8,1015.1,999.1,1018.4,892.6,1018.8,1018.8,1026.9,1008.7,1023.8,"rgb(137,137,118)"
23.925,987.6,1011.0,1019.4,1020.2,1014.1,1005.2,1012.8,998.3,1017.1,892.6000000000001,1017.6,1018.1,1022.1,1006.0,1021.8,"rgb(149,140,106)"
24.05,988.8,1010.9,1019.1,1020.0,1015.7,1006.2,1013.6,998.5,1017.3,893.8,1017.5,1017.9,1022.0,1005.2,1020.9,"rgb(166,144,89)"
24.93333333333333,989.4,1010.4,1018.3,1019.2,1015.9,1006.0,1013.2,997.9,1016.6,892.6000000000001,1016.8,1017.2,1023.3,1005.7,1020.9,"rgb(150,128,105)"
24.444444444444446,989.3,1009.9,1018.2,1018.9,1015.1,1004.8,1012.3,997.4,1016.2,892.0,1016.7,1016.6,1023.6,1006.0,1021.3,"rgb(146,135,109)"
25.255555555555553,988.6,1010.2,1018.3,1019.0,1015.2,1005.0,1012.6,997.6,1016.4,892.1000000000001,1016.8,1016.6,1022.6,1005.3,1020.5,"rgb(157,114,98)"
25.1125,986.6,1009.5,1017.4,1017.8,1014.2,1004.9,1012.3,996.8,1015.8,890.8999999999999,1016.1,1015.4,1019.8,1002.0,1017.3,"rgb(150,125,105)"
27.0,985.9,1008.1,1016.4,1016.9,1013.3,1003.8,1011.0,995.5,1014.5,889.1,1014.8,1014.6,1019.6,1001.8,1017.2,"rgb(150,141,105)"
25.177777777777774,985.7,1008.4,1016.9,1017.6,1012.2,1002.9,1010.6,995.7,1014.5,890.1000000000001,1015.1,1015.7,1019.9,1002.8,1018.5,"rgb(150,139,105)"
24.9,987.8,1010.1,1018.5,1019.5,1014.5,1004.6,1012.2,997.5,1016.3,891.7,1016.8,1017.6,1021.8,1004.6,1020.3,"rgb(147,137,108)"
