平均價,新北市_最大陣風,臺中市_最大陣風,臺南市_最大陣風,高雄市_最大陣風,桃園市_最大陣風,新竹縣_最大陣風,苗栗縣_最大陣風,南投縣_最大陣風,彰化縣_最大陣風,雲林縣_最大陣風,嘉義市_最大陣風,屏東縣_最大陣風,宜蘭縣_最大陣風,花蓮縣_最大陣風,臺東縣_最大陣風,color
49.35000000000001,6.6,7.299999999999999,9.0,6.5,11.5,10.2,7.700000000000001,3.7,5.799999999999999,4.6000000000000005,8.0,25.0,5.1000000000000005,5.9,9.099999999999998,"rgb(226,210,29)"
48.574,4.9,4.5,8.400000000000002,6.1000000000000005,5.9,6.5,5.6000000000000005,2.6000000000000005,4.5,5.1000000000000005,6.5,10.2,4.9,2.3999999999999995,5.799999999999999,"rgb(206,204,49)"
48.711111111111116,3.0,4.4,8.200000000000001,8.5,5.1000000000000005,3.9,3.3000000000000003,3.0,3.0,7.799999999999999,5.3,7.700000000000001,4.1000000000000005,3.8,6.799999999999999,"rgb(125,56,130)"
57.0,8.2,3.8,5.2,5.0,3.6,4.2,4.1,3.0,3.0,4.6,4.5,6.1,3.5,4.7,5.5,"rgb(149,218,106)"
49.21,7.1,4.700000000000001,6.299999999999999,6.299999999999999,4.700000000000001,6.4,4.5,3.8,3.3999999999999995,5.9,5.200000000000001,6.6,5.4,4.9,6.9,"rgb(142,219,113)"
49.5,7.700000000000001,12.599999999999998,10.8,9.0,12.0,12.3,9.599999999999998,4.700000000000001,7.9,7.4,9.400000000000002,17.5,14.8,5.9,13.400000000000002,"rgb(177,107,78)"
48.48,7.1,8.599999999999998,11.400000000000002,7.6,11.599999999999998,11.099999999999998,10.8,4.200000000000001,7.700000000000001,5.200000000000001,9.2,21.1,5.299999999999999,6.1000000000000005,9.7,"rgb(218,194,37)"
47.30818181818182,7.700000000000002,10.2,12.7,10.5,10.5,11.2,12.0,3.8,9.0,4.5,11.599999999999996,18.6,7.4,6.200000000000002,9.599999999999998,"rgb(220,175,35)"
46.88399999999999,8.200000000000001,7.799999999999999,9.900000000000002,9.099999999999998,14.099999999999998,9.8,8.599999999999998,4.200000000000001,7.799999999999999,5.1000000000000005,7.6,18.5,5.1000000000000005,5.799999999999999,8.799999999999997,"rgb(222,198,33)"
48.55555555555557,7.1000000000000005,7.1000000000000005,8.0,6.799999999999999,8.299999999999999,5.799999999999999,7.799999999999999,3.1000000000000005,5.4,4.7,7.799999999999999,12.8,4.5,3.9,6.799999999999999,"rgb(192,195,63)"
53.5,6.0,10.1,13.6,9.6,10.0,6.8,9.1,4.1,6.8,6.9,12.8,7.3,12.8,4.5,7.7,"rgb(173,110,82)"
50.721000000000004,7.1,8.299999999999999,9.3,8.700000000000001,11.3,11.2,10.900000000000002,3.8,7.700000000000001,6.4,7.5,16.599999999999998,6.9,4.5,8.400000000000002,"rgb(219,178,36)"
49.71,6.6,8.400000000000002,10.3,7.799999999999999,11.599999999999998,10.0,10.3,2.6000000000000005,7.6,5.200000000000001,7.1,12.2,4.799999999999999,5.4,6.1000000000000005,"rgb(227,184,28)"
48.68,4.1000000000000005,7.6,10.7,7.299999999999999,9.3,8.200000000000001,9.900000000000002,3.7,6.5,6.0,7.200000000000001,10.3,4.0,4.200000000000001,6.299999999999999,"rgb(223,188,32)"
49.074,4.1000000000000005,4.799999999999999,7.6,11.3,6.6,4.5,4.200000000000001,2.2,4.799999999999999,7.299999999999999,6.5,8.400000000000002,3.3,2.8000000000000003,7.299999999999999,"rgb(189,167,66)"
48.35,6.0,5.799999999999999,6.200000000000001,4.700000000000001,10.099999999999998,7.200000000000001,7.1,4.1000000000000005,5.1000000000000005,7.0,6.200000000000001,14.3,4.200000000000001,2.8999999999999995,5.5,"rgb(182,178,73)"
46.588888888888896,11.0,9.3,10.4,10.6,9.3,7.899999999999999,10.4,6.9,7.1000000000000005,7.399999999999999,10.1,17.599999999999994,16.8,5.9,10.2,"rgb(171,104,84)"
55.0,11.5,7.9,11.4,9.8,11.0,11.0,11.4,2.8,8.3,6.1,9.2,18.5,10.2,5.7,12.8,"rgb(216,184,39)"
46.209,7.700000000000001,7.799999999999999,9.0,7.1,11.400000000000002,11.099999999999998,8.900000000000002,4.200000000000001,6.9,3.3999999999999995,7.299999999999999,18.7,7.5,4.4,9.099999999999998,"rgb(235,194,20)"
44.56999999999999,7.700000000000001,6.4,7.200000000000001,6.299999999999999,11.5,10.099999999999998,8.599999999999998,4.200000000000001,5.6000000000000005,9.8,7.299999999999999,20.2,5.6000000000000005,3.3999999999999995,9.3,"rgb(232,197,23)"
45.79,6.0,7.700000000000001,10.8,8.5,10.3,8.400000000000002,8.599999999999998,3.7,6.6,10.099999999999998,9.0,7.700000000000001,10.900000000000002,4.4,9.8,"rgb(184,153,71)"
46.50700000000001,6.0,7.200000000000001,10.2,8.700000000000001,11.8,9.7,11.599999999999998,4.200000000000001,6.5,6.700000000000001,7.1,12.8,5.0,4.299999999999999,10.5,"rgb(179,128,76)"
47.31,13.2,12.400000000000002,20.2,11.400000000000002,15.599999999999998,14.400000000000002,18.2,4.200000000000001,14.7,5.6000000000000005,13.900000000000002,21.7,10.599999999999998,6.200000000000001,17.699999999999996,"rgb(198,134,57)"
47.06666666666667,7.700000000000001,16.599999999999998,22.9,16.0,11.5,11.400000000000002,15.900000000000002,2.5,11.599999999999998,6.700000000000001,17.2,21.1,9.7,4.9,8.700000000000001,"rgb(255,213,0)"
47.0,4.9,9.8,16.1,10.8,10.3,13.3,13.4,3.4,8.6,3.4,9.4,18.0,7.0,4.7,10.1,"rgb(255,214,0)"
49.32222222222222,12.599999999999998,7.899999999999999,8.1,6.200000000000001,8.9,5.5,5.2,4.3,6.4,4.0,8.4,20.9,3.9,3.1000000000000005,8.799999999999997,"rgb(249,214,6)"
49.14,13.2,6.0,6.5,5.1000000000000005,5.700000000000001,4.700000000000001,4.799999999999999,2.8000000000000003,5.700000000000001,4.6000000000000005,7.1,16.699999999999996,10.400000000000002,2.0,8.5,"rgb(222,211,33)"
49.40000000000001,10.400000000000002,8.900000000000002,13.900000000000002,10.099999999999998,6.0,7.9,6.1000000000000005,4.299999999999999,5.700000000000001,5.6000000000000005,9.599999999999998,15.400000000000002,7.799999999999999,4.0,6.299999999999999,"rgb(205,163,50)"
49.15,4.9,12.0,16.900000000000002,12.599999999999998,9.599999999999998,7.6,9.400000000000002,3.6000000000000005,8.900000000000002,8.400000000000002,13.400000000000002,9.599999999999998,17.400000000000002,6.5,14.0,"rgb(172,101,83)"
49.59,8.200000000000001,8.099999999999998,8.900000000000002,7.5,11.5,10.599999999999998,10.599999999999998,3.0,6.4,6.200000000000001,7.4,18.2,6.6,5.700000000000001,8.5,"rgb(204,149,51)"
47.88888888888889,8.200000000000001,6.6000000000000005,11.3,7.899999999999999,14.099999999999998,13.0,9.0,4.3,6.0,4.9,8.299999999999999,20.2,4.4,5.5,11.5,"rgb(216,197,39)"
49.64285714285715,10.4,12.099999999999998,15.0,8.299999999999999,14.0,13.599999999999998,14.7,4.9,10.2,4.7,10.900000000000002,25.0,6.9,7.799999999999999,18.0,"rgb(194,137,61)"
49.2,6.6000000000000005,8.5,10.0,6.5,12.8,13.099999999999998,10.900000000000002,2.8999999999999995,8.299999999999999,5.3,8.5,20.9,5.4,8.0,8.6,"rgb(242,188,13)"
47.55,6.0,8.599999999999998,10.5,8.299999999999999,11.0,8.400000000000002,8.700000000000001,3.3,7.5,4.0,7.799999999999999,15.599999999999998,6.1000000000000005,5.4,9.7,"rgb(241,200,14)"
50.011111111111106,5.5,10.0,10.5,7.5,10.2,7.700000000000001,7.399999999999999,3.9,7.799999999999999,4.1000000000000005,8.200000000000001,9.9,5.6000000000000005,4.1000000000000005,9.2,"rgb(229,184,26)"
49.1,9.3,13.599999999999998,16.400000000000002,11.7,12.900000000000002,11.7,13.099999999999998,5.0,13.2,7.899999999999999,15.8,14.5,14.2,5.2,12.8,"rgb(226,178,29)"
48.85555555555555,8.200000000000001,16.5,17.400000000000002,12.400000000000002,12.8,12.599999999999998,15.3,3.5,12.900000000000002,4.9,15.0,18.7,14.099999999999998,5.5,11.3,"rgb(252,218,3)"
47.2,22.0,10.900000000000002,11.0,8.9,8.5,9.0,11.0,4.4,10.1,10.4,9.8,18.9,10.2,6.0,9.5,"rgb(250,216,5)"
47.08750000000001,7.700000000000001,12.900000000000002,8.200000000000001,5.0,9.7,13.7,13.0,7.700000000000001,9.7,8.9,11.0,7.0,6.1000000000000005,5.9,14.5,"rgb(93,192,162)"
46.99999999999999,13.2,9.5,10.8,9.0,15.099999999999998,13.5,13.0,4.5,9.1,6.4,11.599999999999998,19.3,14.099999999999998,8.5,15.900000000000002,"rgb(174,133,81)"
46.73333333333333,7.7,11.699999999999998,14.800000000000002,9.6,14.199999999999998,13.4,14.699999999999998,3.2000000000000006,9.9,5.400000000000001,12.300000000000002,20.5,7.900000000000001,5.599999999999999,9.9,"rgb(251,211,4)"
52.3,6.6,6.6,7.2,6.0,10.5,11.4,7.8,1.7,5.6,4.7,5.0,17.7,5.8,4.9,9.4,"rgb(245,211,10)"
48.577777777777776,6.6000000000000005,4.4,6.700000000000001,6.799999999999999,10.0,6.5,5.1000000000000005,2.6,3.3999999999999995,6.0,5.0,16.7,6.0,6.0,12.8,"rgb(239,202,16)"
49.14444444444444,6.0,6.299999999999999,7.899999999999999,7.299999999999999,7.799999999999999,4.6000000000000005,7.0,2.8000000000000003,5.2,4.0,7.0,16.900000000000002,4.2,4.5,7.700000000000001,"rgb(225,182,30)"
49.577777777777776,5.5,7.799999999999999,11.0,9.2,6.6000000000000005,5.4,6.9,3.8,5.799999999999999,4.0,7.899999999999999,7.700000000000001,17.0,5.1000000000000005,6.0,"rgb(205,196,50)"
50.62222222222222,8.799999999999997,9.6,12.099999999999998,9.4,10.3,13.2,14.099999999999998,2.7,9.5,4.8,9.1,22.6,13.0,5.2,13.3,"rgb(244,219,11)"
49.2625,12.099999999999998,4.6000000000000005,6.5,8.299999999999999,15.900000000000002,11.7,6.299999999999999,2.7,5.2,4.7,5.1000000000000005,23.4,4.9,8.6,11.8,"rgb(236,209,19)"
46.0,12.6,6.9,7.8,5.8,5.8,5.6,5.7,3.8,5.6,5.8,7.9,18.4,7.7,1.9,9.0,"rgb(216,203,39)"
56.0,5.5,10.9,10.5,6.5,12.9,12.8,12.6,3.9,9.1,3.0,8.9,24.2,7.7,5.4,13.0,"rgb(237,227,18)"
46.25,8.2,8.7,10.4,5.5,13.2,16.6,13.8,2.2,8.6,4.5,9.2,25.9,7.0,7.8,12.2,"rgb(253,202,2)"
49.55333333333334,8.200000000000001,5.0,7.899999999999999,6.299999999999999,12.400000000000002,12.5,6.4,2.4,4.5,4.0,6.1000000000000005,22.5,4.8,7.299999999999999,12.599999999999998,"rgb(252,202,3)"
48.52555555555556,6.6000000000000005,7.0,10.3,7.200000000000001,12.2,10.0,6.4,4.1000000000000005,6.6000000000000005,3.5,8.200000000000001,17.7,4.4,8.700000000000001,11.7,"rgb(250,199,5)"
47.288999999999994,3.0,6.700000000000001,9.900000000000002,9.7,8.799999999999997,5.200000000000001,6.799999999999999,3.3,6.0,5.0,7.700000000000001,8.900000000000002,8.099999999999998,5.1000000000000005,9.400000000000002,"rgb(239,191,16)"
45.87222222222222,7.1000000000000005,5.700000000000001,7.6,7.299999999999999,9.6,6.4,7.399999999999999,4.1000000000000005,5.3,4.7,7.1000000000000005,15.099999999999998,5.799999999999999,3.7,9.3,"rgb(221,204,34)"
56.0,11.5,13.4,15.2,8.4,14.8,16.3,14.0,6.5,8.8,5.3,12.6,23.6,13.0,7.8,16.9,"rgb(239,229,16)"
47.88500000000001,9.900000000000002,7.200000000000001,8.099999999999998,7.4,12.0,8.5,7.6,4.6000000000000005,6.0,4.1000000000000005,8.200000000000001,20.2,7.299999999999999,6.700000000000001,10.900000000000002,"rgb(240,216,15)"
47.857,9.3,5.6000000000000005,7.299999999999999,7.200000000000001,7.1,5.6000000000000005,5.6000000000000005,3.7,3.7,4.299999999999999,6.799999999999999,15.3,9.099999999999998,5.9,9.0,"rgb(226,210,29)"
47.593,8.200000000000001,5.299999999999999,8.200000000000001,6.5,5.299999999999999,7.299999999999999,5.6000000000000005,4.299999999999999,3.7,4.299999999999999,7.5,13.7,10.0,4.799999999999999,9.900000000000002,"rgb(216,208,39)"
49.423,6.0,5.9,7.200000000000001,6.6,4.5,5.299999999999999,5.4,3.3999999999999995,5.1000000000000005,4.700000000000001,7.1,13.2,6.1000000000000005,3.6000000000000005,6.700000000000001,"rgb(165,212,90)"
49.718,17.099999999999998,7.299999999999999,10.2,5.9,5.299999999999999,6.700000000000001,6.0,3.7,5.6000000000000005,4.6000000000000005,8.299999999999999,9.7,6.200000000000001,4.700000000000001,8.099999999999998,"rgb(136,211,119)"
54.12857142857143,6.0,7.799999999999999,7.6,8.1,6.4,7.200000000000001,5.4,3.7,4.7,4.7,6.9,5.5,7.0,4.9,4.7,"rgb(133,218,122)"
57.0,7.1,6.5,6.9,5.1,5.7,5.0,4.6,3.1,3.7,4.5,5.6,8.2,7.0,2.5,4.6,"rgb(136,225,119)"
51.97000000000001,5.5,6.1000000000000005,11.400000000000002,9.400000000000002,6.700000000000001,8.0,8.099999999999998,2.8000000000000003,3.8,7.1,7.200000000000001,8.900000000000002,6.799999999999999,6.6,7.200000000000001,"rgb(108,196,147)"
52.43899999999999,11.5,9.099999999999998,8.700000000000001,7.5,14.599999999999998,11.599999999999998,11.400000000000002,3.5,8.299999999999999,7.5,7.299999999999999,15.2,9.900000000000002,8.599999999999998,16.900000000000002,"rgb(169,120,86)"
52.56299999999999,9.3,11.2,13.3,10.5,16.699999999999996,15.2,14.0,3.8,10.599999999999998,7.6,11.0,22.2,7.299999999999999,6.700000000000001,12.099999999999998,"rgb(183,113,72)"
52.80222222222221,5.5,9.2,10.3,7.5,13.0,12.099999999999998,11.900000000000002,2.1,9.3,5.3,7.6,20.8,4.1000000000000005,4.3,8.9,"rgb(202,141,53)"
51.588888888888896,6.6000000000000005,5.0,5.9,7.1000000000000005,7.5,4.7,3.8,3.6000000000000005,4.4,5.0,5.700000000000001,15.400000000000002,3.8,3.0,8.200000000000001,"rgb(200,169,55)"
52.625,6.6000000000000005,8.700000000000001,12.400000000000002,9.2,10.0,9.8,7.700000000000001,3.9,7.1000000000000005,12.400000000000002,16.0,13.400000000000002,5.6000000000000005,7.799999999999999,15.7,"rgb(172,113,83)"
56.0,12.6,10.0,14.4,8.6,13.1,14.4,14.1,3.7,8.8,5.7,10.9,22.4,11.7,7.0,20.2,"rgb(209,155,46)"
54.28,6.0,3.6000000000000005,6.799999999999999,4.6000000000000005,11.900000000000002,7.299999999999999,5.0,1.9,2.8999999999999995,4.9,4.8,20.0,4.1000000000000005,2.8999999999999995,8.9,"rgb(198,169,57)"
54.375,5.5,5.299999999999999,8.200000000000001,7.799999999999999,4.6000000000000005,6.0,6.0,2.3000000000000003,4.9,6.6,5.9,10.7,4.4,3.0,6.299999999999999,"rgb(185,168,70)"
54.903,8.200000000000001,3.5,6.0,5.9,5.299999999999999,4.6000000000000005,3.9,3.2,3.1000000000000005,5.299999999999999,4.700000000000001,11.900000000000002,3.5,3.8,8.599999999999998,"rgb(144,224,111)"
55.11899999999999,4.9,6.700000000000001,11.7,7.299999999999999,9.099999999999998,6.799999999999999,17.5,3.8,7.6,6.700000000000001,11.900000000000002,9.3,5.799999999999999,5.4,15.7,"rgb(172,113,83)"
54.34,7.1,4.799999999999999,8.299999999999999,10.7,8.0,6.799999999999999,7.9,4.0,5.200000000000001,7.1,6.1000000000000005,12.2,12.3,7.299999999999999,11.8,"rgb(135,150,120)"
55.09333333333333,8.799999999999997,7.700000000000001,10.1,7.5,10.1,6.5,6.4,3.2,8.200000000000001,7.899999999999999,7.299999999999999,15.2,5.2,5.3,8.9,"rgb(179,169,76)"
60.0,7.7,7.1,11.5,9.1,9.4,5.0,5.9,4.3,6.5,5.6,7.3,14.9,5.3,3.8,7.3,"rgb(193,165,62)"
56.273999999999994,6.6,7.1,7.5,6.700000000000001,7.200000000000001,6.700000000000001,4.799999999999999,4.299999999999999,4.6000000000000005,6.200000000000001,6.4,10.400000000000002,4.700000000000001,3.0,5.1000000000000005,"rgb(182,171,73)"
57.04900000000002,8.200000000000001,9.7,9.2,7.0,13.900000000000002,13.099999999999998,12.5,3.3,7.5,7.799999999999999,7.5,10.900000000000002,9.900000000000002,6.1000000000000005,14.2,"rgb(172,112,83)"
55.56909090909091,7.1,9.900000000000002,10.599999999999998,7.200000000000002,12.2,13.8,14.900000000000004,2.7,8.5,6.5,8.700000000000001,20.2,11.8,5.799999999999998,16.0,"rgb(212,154,43)"
55.18899999999999,8.200000000000001,7.799999999999999,10.099999999999998,8.299999999999999,8.900000000000002,10.099999999999998,9.0,3.2,7.4,5.4,7.1,16.300000000000004,6.6,3.8,9.0,"rgb(198,135,57)"
57.615,10.400000000000002,8.900000000000002,10.099999999999998,8.200000000000001,13.7,10.900000000000002,11.8,3.7,9.0,3.9,9.0,17.099999999999998,11.3,3.9,8.900000000000002,"rgb(240,225,15)"
57.75666666666666,8.799999999999997,11.099999999999998,14.0,11.8,10.1,8.299999999999999,10.4,5.2,9.6,7.200000000000001,9.9,15.900000000000002,9.4,5.4,10.3,"rgb(242,222,13)"
60.0,9.9,6.7,8.4,7.5,9.1,8.7,7.5,4.1,4.7,4.5,7.1,18.8,7.9,5.4,11.7,"rgb(232,224,23)"
56.08300000000001,12.099999999999998,4.799999999999999,7.200000000000001,5.799999999999999,5.0,6.200000000000001,5.200000000000001,3.8,4.1000000000000005,4.0,6.5,15.0,7.799999999999999,4.299999999999999,9.599999999999998,"rgb(215,216,40)"
57.68599999999999,6.6,6.299999999999999,6.6,4.6000000000000005,6.6,6.4,5.9,4.200000000000001,4.0,5.1000000000000005,6.9,10.8,8.099999999999998,2.3999999999999995,6.0,"rgb(164,222,91)"
57.063,9.900000000000002,5.799999999999999,8.799999999999997,6.799999999999999,4.9,5.1000000000000005,5.200000000000001,4.0,2.8000000000000003,7.9,7.299999999999999,8.700000000000001,6.200000000000001,5.0,11.7,"rgb(132,223,123)"
56.92700000000001,8.200000000000001,4.5,5.5,6.9,5.799999999999999,5.1000000000000005,4.799999999999999,2.8999999999999995,3.3999999999999995,3.3999999999999995,5.4,7.200000000000001,4.700000000000001,4.200000000000001,5.5,"rgb(136,225,119)"
56.892,5.5,5.4,6.1000000000000005,4.9,5.200000000000001,6.9,6.200000000000001,3.3,4.200000000000001,4.200000000000001,5.799999999999999,9.0,6.299999999999999,4.9,5.4,"rgb(132,221,123)"
55.86899999999999,8.200000000000001,7.1,8.700000000000001,6.700000000000001,14.900000000000002,13.0,11.7,3.5,7.0,4.5,10.2,7.299999999999999,7.0,6.4,7.299999999999999,"rgb(97,201,158)"
43.66,7.1,5.8,5.4,7.3,6.1,9.0,8.8,3.7,3.9,6.5,5.7,7.0,7.5,5.7,9.1,"rgb(104,184,151)"
58.0,7.7,7.8,6.5,5.6,5.5,6.3,4.7,4.2,3.3,5.0,6.0,6.3,6.0,4.6,5.1,"rgb(120,215,135)"
58.73666666666665,8.200000000000001,6.799999999999999,11.8,12.7,7.899999999999999,8.299999999999999,10.8,3.3999999999999995,6.1000000000000005,5.3,10.4,10.6,7.6,6.799999999999999,8.1,"rgb(101,200,154)"
58.71222222222222,6.6000000000000005,8.1,12.599999999999998,10.2,8.1,11.5,11.599999999999998,5.5,8.5,5.700000000000001,13.3,9.4,7.6,6.799999999999999,8.700000000000001,"rgb(95,199,160)"
58.134444444444455,7.1000000000000005,6.6000000000000005,7.6,8.200000000000001,6.9,7.200000000000001,7.700000000000001,4.3,4.4,5.0,7.299999999999999,7.0,5.5,6.4,7.299999999999999,"rgb(104,202,151)"
58.46,4.1000000000000005,5.799999999999999,6.799999999999999,6.1000000000000005,8.6,8.5,7.1000000000000005,3.3000000000000003,4.3,5.6000000000000005,7.399999999999999,7.200000000000001,5.1000000000000005,4.6000000000000005,7.299999999999999,"rgb(106,204,149)"
58.529,7.1,10.5,14.099999999999998,10.400000000000002,8.5,9.5,11.900000000000002,5.200000000000001,9.900000000000002,13.8,11.7,12.0,8.099999999999998,5.6000000000000005,7.5,"rgb(128,85,127)"
57.0,6.0,6.8,10.2,8.3,7.9,7.2,6.0,3.2,5.6,12.8,9.8,11.4,5.8,7.2,9.2,"rgb(116,70,139)"
58.36,6.0,5.799999999999999,5.5,5.1000000000000005,6.299999999999999,4.5,4.700000000000001,3.9,3.3,7.6,5.799999999999999,6.0,6.0,3.9,4.4,"rgb(128,132,127)"
55.35,6.6,9.599999999999998,12.3,18.4,17.900000000000006,20.300000000000004,16.900000000000002,3.3,10.0,12.8,12.0,15.3,10.099999999999998,5.0,15.900000000000002,"rgb(175,112,80)"
52.46600000000001,9.3,7.1,9.599999999999998,8.799999999999997,10.599999999999998,6.5,5.299999999999999,3.2,4.4,8.599999999999998,9.3,7.799999999999999,6.200000000000001,3.6000000000000005,7.0,"rgb(122,54,133)"
51.828,8.200000000000001,6.5,8.900000000000002,8.299999999999999,9.400000000000002,5.200000000000001,4.5,4.299999999999999,5.200000000000001,7.799999999999999,9.0,6.200000000000001,5.299999999999999,4.5,6.700000000000001,"rgb(121,61,134)"
49.232,8.200000000000001,12.099999999999998,13.3,6.5,16.900000000000002,15.0,15.5,8.299999999999999,12.3,9.3,12.900000000000002,9.2,8.299999999999999,8.799999999999997,15.3,"rgb(83,182,172)"
49.023999999999994,9.900000000000002,6.4,7.5,5.6000000000000005,8.099999999999998,8.400000000000002,6.200000000000001,3.7,4.200000000000001,6.9,9.099999999999998,8.200000000000001,11.099999999999998,7.5,10.8,"rgb(96,186,159)"
48.0,8.8,12.3,11.6,11.5,15.8,11.7,9.9,5.1,7.7,6.5,13.9,15.1,18.9,7.8,13.9,"rgb(160,122,95)"
47.93600000000001,11.0,5.9,8.900000000000002,6.200000000000001,9.900000000000002,5.9,7.6,4.1000000000000005,4.6000000000000005,4.9,5.6000000000000005,16.699999999999996,4.0,6.200000000000001,9.8,"rgb(145,205,110)"
48.49100000000001,11.5,4.9,7.200000000000001,11.900000000000002,6.299999999999999,7.1,5.200000000000001,3.2,4.1000000000000005,7.1,5.1000000000000005,11.8,8.400000000000002,6.5,7.0,"rgb(117,187,138)"
48.582,5.5,8.900000000000002,10.900000000000002,10.2,11.5,13.400000000000002,13.400000000000002,5.200000000000001,9.2,7.5,11.8,8.799999999999997,6.700000000000001,7.0,14.400000000000002,"rgb(82,181,173)"
48.55777777777778,4.9,7.399999999999999,8.0,8.299999999999999,7.5,6.799999999999999,9.3,4.2,4.1000000000000005,6.4,8.6,7.700000000000001,7.399999999999999,5.9,5.700000000000001,"rgb(21,132,234)"
47.17,7.1000000000000005,7.1000000000000005,8.700000000000001,6.799999999999999,9.8,9.1,9.5,3.7,6.4,5.2,11.0,7.899999999999999,7.1000000000000005,7.0,9.1,"rgb(31,133,224)"
46.93,3.0,13.400000000000002,9.2,9.0,4.0,5.6000000000000005,8.799999999999997,2.3999999999999995,7.0,7.9,12.5,12.5,5.6000000000000005,4.0,8.599999999999998,"rgb(119,118,136)"
46.0,8.2,4.2,7.7,5.1,5.5,6.4,5.6,1.8,3.1,4.7,5.7,5.4,4.6,4.9,5.6,"rgb(100,181,155)"
47.521,8.799999999999997,6.200000000000001,8.900000000000002,6.5,5.799999999999999,6.1000000000000005,7.1,3.5,4.1000000000000005,5.4,8.099999999999998,6.4,5.700000000000001,5.0,5.4,"rgb(75,148,180)"
45.79900000000001,17.099999999999998,7.200000000000001,7.799999999999999,7.6,10.3,11.3,12.099999999999998,4.0,5.4,6.5,9.0,11.7,5.299999999999999,8.099999999999998,9.8,"rgb(136,108,119)"
43.66454545454546,7.700000000000002,6.200000000000002,6.799999999999998,7.200000000000002,10.900000000000004,9.5,8.0,3.3,4.9,4.4,7.1,17.699999999999996,10.7,9.099999999999998,13.3,"rgb(130,131,125)"
41.77090909090909,8.200000000000001,8.400000000000002,8.299999999999999,7.700000000000002,11.3,10.900000000000004,10.900000000000004,3.3,6.6,3.899999999999999,8.700000000000001,18.800000000000004,8.299999999999999,3.100000000000001,8.599999999999998,"rgb(128,179,127)"
43.13,8.799999999999997,8.900000000000002,7.299999999999999,5.700000000000001,4.200000000000001,3.3,3.5,3.2,5.5,3.6000000000000005,6.5,11.2,6.299999999999999,2.5,7.0,"rgb(111,176,144)"
43.31099999999999,3.8,8.599999999999998,7.4,4.6000000000000005,6.0,5.200000000000001,3.5,2.2,4.700000000000001,6.4,7.4,11.099999999999998,5.200000000000001,4.200000000000001,6.200000000000001,"rgb(123,129,132)"
43.0,4.9,6.3,10.7,7.4,7.5,6.6,11.2,2.8,7.3,4.9,11.4,7.9,5.6,6.2,6.4,"rgb(73,145,182)"
43.062,8.200000000000001,9.599999999999998,8.700000000000001,8.900000000000002,14.099999999999998,15.099999999999998,11.900000000000002,3.9,5.9,4.799999999999999,10.099999999999998,12.400000000000002,13.599999999999998,9.0,9.900000000000002,"rgb(66,141,189)"
41.63636363636363,8.799999999999997,6.299999999999998,9.5,8.200000000000001,6.4,6.700000000000002,7.200000000000002,3.600000000000001,4.5,4.1000000000000005,9.3,11.8,5.0,6.799999999999998,9.0,"rgb(77,147,178)"
41.648999999999994,8.799999999999997,6.6,12.7,9.8,7.0,8.599999999999998,9.8,3.7,6.0,6.799999999999999,11.099999999999998,10.2,17.300000000000004,5.9,8.099999999999998,"rgb(6,140,249)"
41.13636363636364,6.6,7.799999999999998,8.700000000000001,7.700000000000002,13.0,10.0,11.900000000000004,3.100000000000001,5.700000000000002,4.9,9.0,7.0,8.900000000000002,7.299999999999998,8.299999999999999,"rgb(73,143,182)"
40.29818181818182,8.200000000000001,7.1,7.5,6.200000000000002,6.4,7.799999999999998,6.9,3.899999999999999,4.0,5.0,7.799999999999998,7.799999999999998,6.0,6.799999999999998,7.299999999999998,"rgb(69,144,186)"
39.94222222222222,7.700000000000001,6.4,9.9,8.799999999999997,5.1000000000000005,6.299999999999999,5.799999999999999,4.8,3.3999999999999995,4.2,7.299999999999999,9.4,8.6,7.200000000000001,9.0,"rgb(18,133,237)"
42.0,17.6,7.1,13.0,11.0,6.3,9.7,9.9,4.5,6.4,5.2,12.0,9.3,7.1,7.3,8.1,"rgb(17,132,238)"
38.262,6.6,9.3,10.3,8.099999999999998,14.099999999999998,12.099999999999998,12.599999999999998,4.299999999999999,8.799999999999997,7.9,11.7,12.900000000000002,8.599999999999998,7.6,14.400000000000002,"rgb(118,102,137)"
35.9290909090909,11.0,9.2,6.0,7.700000000000002,9.599999999999998,11.3,9.7,3.399999999999999,5.700000000000002,6.9,9.400000000000002,13.400000000000004,14.2,6.6,13.099999999999996,"rgb(172,109,83)"
38.365,6.6,7.200000000000001,10.2,5.299999999999999,5.6000000000000005,4.799999999999999,5.0,3.2,3.7,6.799999999999999,8.900000000000002,11.599999999999998,6.299999999999999,2.5,6.4,"rgb(68,118,187)"
35.93,9.900000000000002,8.299999999999999,8.900000000000002,6.9,10.400000000000002,10.8,6.299999999999999,4.4,5.5,5.700000000000001,9.5,13.3,10.8,5.299999999999999,7.5,"rgb(66,136,189)"
35.22181818181818,8.799999999999997,6.299999999999998,9.0,8.099999999999998,8.400000000000002,6.700000000000002,5.200000000000001,3.100000000000001,5.9,8.5,8.5,12.7,8.700000000000001,6.1000000000000005,7.299999999999998,"rgb(17,73,238)"
35.501999999999995,4.9,6.799999999999999,7.200000000000001,6.5,6.6,5.799999999999999,5.299999999999999,3.6000000000000005,3.3,4.5,7.5,10.2,7.6,7.6,5.4,"rgb(42,122,213)"
40.0,9.9,10.1,10.9,6.9,16.2,13.4,11.3,3.0,7.9,3.8,8.7,20.0,14.9,9.7,14.6,"rgb(130,125,125)"
34.508,7.1,6.700000000000001,8.700000000000001,6.9,8.099999999999998,9.900000000000002,8.599999999999998,2.3999999999999995,5.6000000000000005,5.299999999999999,6.6,16.400000000000002,4.0,6.700000000000001,9.8,"rgb(88,138,167)"
33.91090909090909,6.0,7.9,8.900000000000002,10.5,6.799999999999998,4.200000000000001,7.0,3.3,6.200000000000002,4.1000000000000005,8.700000000000001,8.5,11.5,5.1000000000000005,6.799999999999998,"rgb(77,130,178)"
35.908,6.6,6.700000000000001,8.5,8.700000000000001,8.0,8.099999999999998,8.0,2.8999999999999995,4.6000000000000005,5.5,7.700000000000001,6.5,7.700000000000001,4.700000000000001,7.200000000000001,"rgb(69,116,186)"
36.438,6.0,5.5,6.299999999999999,7.799999999999999,5.9,5.1000000000000005,5.4,2.3999999999999995,3.3,4.299999999999999,6.799999999999999,8.299999999999999,5.700000000000001,3.2,5.5,"rgb(63,114,192)"
34.63363636363636,9.3,4.6000000000000005,7.299999999999998,8.0,5.700000000000002,4.799999999999999,5.6000000000000005,1.5,3.2,7.799999999999998,3.399999999999999,10.5,3.600000000000001,2.7,6.1000000000000005,"rgb(70,107,185)"
35.928888888888885,7.1000000000000005,6.700000000000001,15.400000000000002,10.6,4.8,6.299999999999999,5.4,2.6,9.4,7.799999999999999,10.8,11.099999999999998,5.2,3.9,8.799999999999997,"rgb(102,67,153)"
36.0,6.0,9.1,12.9,7.7,6.4,7.0,6.3,2.8,5.1,9.1,13.3,10.3,6.3,4.8,5.7,"rgb(112,97,143)"
35.313,7.1,5.0,7.299999999999999,7.1,7.4,5.299999999999999,4.9,2.2,3.9,5.5,6.799999999999999,8.900000000000002,9.0,5.200000000000001,7.9,"rgb(64,101,191)"
34.762,4.1000000000000005,6.200000000000001,6.799999999999999,5.5,5.6000000000000005,4.6000000000000005,4.9,2.8999999999999995,3.5,4.1000000000000005,6.799999999999999,6.6,4.0,4.4,5.700000000000001,"rgb(63,111,192)"
35.476000000000006,4.9,6.700000000000001,8.599999999999998,7.5,5.299999999999999,7.299999999999999,5.5,2.8999999999999995,4.1000000000000005,5.799999999999999,9.2,6.4,5.6000000000000005,4.9,5.1000000000000005,"rgb(55,109,200)"
33.800000000000004,4.9,10.2,11.7,9.400000000000002,3.100000000000001,8.5,8.900000000000002,6.4,8.599999999999998,9.0,13.8,6.700000000000002,7.0,5.0,9.900000000000002,"rgb(99,122,156)"
35.05,9.3,10.099999999999998,11.0,6.6,12.099999999999998,13.099999999999998,13.400000000000002,4.4,9.2,8.299999999999999,13.400000000000002,8.700000000000001,6.6,8.0,14.0,"rgb(8,131,247)"
32.93454545454545,6.6,8.700000000000001,10.2,8.200000000000001,16.0,15.900000000000004,14.5,4.299999999999999,7.1,5.9,11.099999999999996,11.599999999999996,5.200000000000001,7.299999999999998,5.799999999999998,"rgb(19,30,236)"
36.0,6.0,7.9,10.0,8.2,10.7,11.7,10.9,3.8,5.9,4.7,9.6,9.2,7.2,5.2,6.7,"rgb(18,131,237)"
34.229,9.3,7.4,8.599999999999998,9.400000000000002,13.400000000000002,11.5,11.5,2.6000000000000005,5.9,4.299999999999999,7.799999999999999,11.8,6.9,5.0,6.1000000000000005,"rgb(19,22,236)"
34.833,7.700000000000001,9.599999999999998,9.400000000000002,10.2,17.699999999999996,18.4,15.599999999999998,4.1000000000000005,9.3,6.700000000000001,10.7,19.5,6.299999999999999,8.200000000000001,9.599999999999998,"rgb(18,27,237)"
32.522,6.0,7.6,10.400000000000002,10.0,13.2,10.7,12.5,4.299999999999999,7.6,6.700000000000001,9.599999999999998,10.400000000000002,6.700000000000001,5.299999999999999,6.1000000000000005,"rgb(150,111,105)"
33.2775,6.0,8.299999999999999,8.599999999999998,8.0,14.699999999999998,14.099999999999996,13.099999999999996,3.7000000000000006,7.799999999999998,6.799999999999998,10.0,13.800000000000002,6.1000000000000005,6.599999999999999,7.099999999999999,"rgb(22,33,233)"
33.158,7.1,8.5,8.400000000000002,7.6,15.400000000000002,15.2,14.2,4.1000000000000005,7.299999999999999,5.5,10.099999999999998,13.599999999999998,5.6000000000000005,9.099999999999998,7.299999999999999,"rgb(19,29,236)"
32.89700000000001,9.3,5.299999999999999,8.0,7.0,7.6,8.599999999999998,8.200000000000001,5.1000000000000005,4.0,7.200000000000001,8.599999999999998,8.299999999999999,9.7,5.9,7.4,"rgb(25,166,230)"
36.0,6.6,6.6,8.9,7.0,5.8,7.4,6.0,3.6,4.6,5.2,8.2,9.1,5.7,7.2,8.5,"rgb(114,122,141)"
31.236666666666665,6.0,6.1000000000000005,8.9,6.1000000000000005,5.6000000000000005,7.200000000000001,5.6000000000000005,3.0,3.0,5.0,7.200000000000001,6.4,6.6000000000000005,3.6000000000000005,6.5,"rgb(63,99,192)"
28.14,6.6000000000000005,8.799999999999997,7.399999999999999,7.5,6.700000000000001,11.400000000000002,6.1000000000000005,5.6000000000000005,4.6000000000000005,5.6000000000000005,9.4,5.5,6.0,5.5,6.6000000000000005,"rgb(10,73,245)"
28.8375,7.1000000000000005,11.2,8.5,7.5,6.6000000000000005,7.6,7.200000000000001,2.8999999999999995,5.700000000000001,5.0,9.4,7.399999999999999,6.4,3.6000000000000005,6.0,"rgb(14,67,241)"
30.0,4.9,8.1,11.8,12.0,15.3,12.1,12.3,2.4,10.1,11.0,10.1,9.6,5.5,7.1,12.4,"rgb(117,51,138)"
28.225000000000005,6.6000000000000005,14.0,16.099999999999998,11.3,16.5,16.7,14.900000000000002,8.4,10.6,13.5,14.900000000000002,12.599999999999998,4.5,8.299999999999999,17.0,"rgb(96,38,159)"
29.0,7.1,9.4,16.3,12.1,0.0,0.0,0.0,4.0,0.0,9.0,12.6,12.5,5.1,0.0,13.9,"rgb(120,52,135)"
26.68090909090909,3.0,7.6,9.8,5.299999999999999,0.0,0.0,0.0,1.8000000000000005,0.0,7.4,9.7,9.900000000000002,3.600000000000001,0.0,7.6,"rgb(153,110,102)"
28.084,6.0,9.400000000000002,9.099999999999998,5.1000000000000005,0.0,0.0,0.0,1.6,0.0,7.9,10.8,9.900000000000002,5.799999999999999,0.0,14.7,"rgb(29,18,226)"
26.59454545454545,13.2,10.900000000000004,8.900000000000002,5.799999999999998,17.099999999999998,16.699999999999996,13.7,5.0,8.400000000000002,7.6,12.599999999999996,9.8,6.0,8.099999999999998,12.2,"rgb(44,30,211)"
26.60636363636364,10.400000000000002,9.5,11.400000000000004,6.1000000000000005,9.2,10.400000000000002,11.8,3.600000000000001,7.4,6.200000000000002,11.5,7.700000000000002,7.299999999999998,5.700000000000002,7.299999999999998,"rgb(6,136,249)"
29.149,8.200000000000001,8.400000000000002,9.099999999999998,8.0,8.299999999999999,8.799999999999997,10.099999999999998,2.8000000000000003,5.200000000000001,4.0,9.5,8.099999999999998,11.0,6.799999999999999,5.299999999999999,"rgb(4,139,251)"
29.19818181818182,5.5,8.299999999999999,13.0,9.400000000000002,5.6000000000000005,7.0,5.299999999999999,5.4,4.299999999999999,7.799999999999998,10.099999999999998,12.8,9.400000000000002,7.6,6.5,"rgb(77,34,178)"
28.811,6.6,7.799999999999999,8.400000000000002,6.6,10.0,10.7,11.3,3.1000000000000005,4.9,4.799999999999999,8.900000000000002,6.799999999999999,6.799999999999999,7.1,6.0,"rgb(10,71,245)"
27.679090909090906,6.0,8.599999999999998,8.599999999999998,6.799999999999998,10.2,8.900000000000002,11.2,3.5,5.700000000000002,4.4,9.599999999999998,6.5,7.799999999999998,6.200000000000002,6.0,"rgb(19,7,236)"
28.014000000000006,7.700000000000001,8.400000000000002,10.8,7.799999999999999,8.900000000000002,8.200000000000001,10.400000000000002,5.4,4.799999999999999,5.700000000000001,10.5,7.299999999999999,7.4,6.299999999999999,6.299999999999999,"rgb(12,71,243)"
25.811818181818186,6.6,8.700000000000001,11.099999999999996,8.299999999999999,8.599999999999998,10.099999999999998,10.900000000000004,7.9,6.299999999999998,6.700000000000002,11.099999999999996,8.599999999999998,8.0,5.6000000000000005,8.400000000000002,"rgb(11,69,244)"
26.38888888888889,9.3,7.799999999999999,9.9,7.6,11.0,10.8,11.5,3.3999999999999995,6.700000000000001,4.2,14.400000000000002,6.799999999999999,7.299999999999999,6.700000000000001,12.3,"rgb(16,10,239)"
25.6,9.3,6.9,9.9,7.899999999999999,6.700000000000001,6.9,6.4,4.9,3.3000000000000003,4.5,9.9,6.799999999999999,6.299999999999999,7.299999999999999,6.1000000000000005,"rgb(29,6,226)"
25.0,9.3,7.7,8.1,9.9,6.0,7.6,6.2,4.1,3.7,5.3,8.3,14.8,8.4,5.6,5.5,"rgb(43,11,212)"
23.764000000000006,7.1,8.5,19.5,12.0,11.099999999999998,7.6,10.8,4.700000000000001,8.599999999999998,6.0,9.8,11.400000000000002,10.2,7.6,7.799999999999999,"rgb(122,119,133)"
23.777000000000005,7.1,8.200000000000001,14.8,13.400000000000002,9.400000000000002,6.799999999999999,9.400000000000002,4.200000000000001,5.6000000000000005,6.5,11.599999999999998,10.900000000000002,11.2,5.6000000000000005,6.5,"rgb(12,72,243)"
23.700000000000006,4.1000000000000005,6.200000000000001,10.8,10.1,6.0,6.1000000000000005,6.700000000000001,2.8000000000000003,4.3,4.5,11.3,8.700000000000001,5.700000000000001,5.700000000000001,4.6000000000000005,"rgb(30,0,225)"
22.548,5.5,7.5,9.3,11.099999999999998,6.299999999999999,6.700000000000001,6.4,3.8,4.6000000000000005,4.700000000000001,8.400000000000002,9.3,8.400000000000002,5.299999999999999,5.1000000000000005,"rgb(27,0,228)"
22.618,8.200000000000001,7.9,12.0,9.2,7.6,9.5,9.7,2.6000000000000005,7.6,7.5,11.8,6.799999999999999,10.0,5.0,7.0,"rgb(106,115,149)"
22.434545454545454,6.6,10.8,11.8,10.400000000000002,0.0,8.799999999999997,8.599999999999998,2.7,6.6,9.7,9.900000000000002,8.0,8.900000000000002,8.299999999999999,6.299999999999998,"rgb(24,44,231)"
21.0,11.0,7.8,11.0,13.6,5.6,8.7,7.0,3.4,5.3,4.7,8.6,12.3,12.9,5.0,5.6,"rgb(38,11,217)"
22.10666666666667,12.099999999999998,8.6,10.6,6.799999999999999,7.0,5.700000000000001,7.5,3.3000000000000003,5.5,5.1000000000000005,9.9,12.7,11.099999999999998,7.799999999999999,7.5,"rgb(41,9,214)"
20.695,12.599999999999998,7.299999999999999,9.5,9.0,10.7,6.5,5.5,4.5,4.4,7.9,9.099999999999998,14.400000000000002,11.7,7.299999999999999,10.599999999999998,"rgb(45,13,210)"
21.272,11.5,6.799999999999999,8.299999999999999,7.9,11.400000000000002,14.2,14.900000000000002,2.6000000000000005,5.4,3.7,5.700000000000001,6.6,10.599999999999998,14.3,17.199999999999996,"rgb(19,114,236)"
19.6025,22.6,9.5,26.9,34.300000000000004,17.8,20.4,11.0,5.5,6.5,15.400000000000002,14.099999999999998,26.1,19.8,21.800000000000004,57.2,"rgb(98,79,157)"
20.756666666666668,20.4,11.099999999999998,15.400000000000002,15.2,9.9,6.700000000000001,13.8,6.4,12.400000000000002,15.099999999999998,17.7,10.900000000000002,14.400000000000002,7.799999999999999,0.0,"rgb(79,39,176)"
19.9,3.5,12.400000000000002,13.3,11.099999999999998,7.299999999999999,8.700000000000001,12.900000000000002,3.7,10.3,11.8,12.400000000000002,10.7,6.799999999999999,7.0,0.0,"rgb(91,50,164)"
20.0,6.0,12.6,12.6,12.2,13.1,13.1,14.4,5.8,11.3,11.0,12.1,12.5,7.4,6.6,13.9,"rgb(99,44,156)"
21.050909090909084,7.700000000000002,12.599999999999996,17.199999999999996,10.2,14.5,14.2,13.900000000000004,7.200000000000002,14.5,8.900000000000002,14.900000000000004,13.7,8.700000000000001,7.700000000000002,15.900000000000004,"rgb(69,31,186)"
23.011999999999997,4.9,8.400000000000002,10.3,5.9,12.3,11.0,13.099999999999998,4.299999999999999,9.400000000000002,9.5,12.3,8.099999999999998,6.9,8.400000000000002,13.8,"rgb(23,24,232)"
23.181,6.6,11.400000000000002,10.0,6.799999999999999,16.5,12.8,12.5,5.0,9.599999999999998,7.6,12.0,8.900000000000002,6.799999999999999,6.6,7.700000000000001,"rgb(1,133,254)"
22.588999999999995,4.9,8.799999999999997,8.599999999999998,7.200000000000001,14.900000000000002,13.3,13.599999999999998,4.1000000000000005,7.799999999999999,5.700000000000001,9.3,11.0,6.5,7.299999999999999,4.4,"rgb(17,26,238)"
23.421,3.5,9.099999999999998,8.0,7.299999999999999,16.0,15.0,13.2,4.4,7.799999999999999,5.200000000000001,9.5,13.400000000000002,8.200000000000001,8.200000000000001,6.0,"rgb(17,22,238)"
22.868000000000002,9.3,8.799999999999997,9.3,7.299999999999999,11.0,10.0,10.5,4.9,6.299999999999999,6.200000000000001,10.099999999999998,11.2,11.5,4.700000000000001,8.0,"rgb(11,113,244)"
26.0,8.8,10.8,9.4,12.7,9.6,11.4,12.8,4.1,5.7,5.2,11.1,8.8,9.2,5.2,6.8,"rgb(2,132,253)"
24.09222222222223,8.799999999999997,11.2,9.6,5.799999999999999,11.0,11.599999999999998,12.0,5.5,8.5,7.0,12.5,7.299999999999999,10.3,4.8,6.5,"rgb(25,42,230)"
24.038888888888888,9.9,7.6,8.799999999999997,5.700000000000001,10.900000000000002,10.4,11.599999999999998,3.5,5.700000000000001,5.6000000000000005,9.3,5.700000000000001,8.799999999999997,5.3,7.5,"rgb(16,62,239)"
23.569000000000006,4.1000000000000005,6.799999999999999,7.9,7.6,9.400000000000002,9.0,10.0,3.0,4.299999999999999,4.299999999999999,6.299999999999999,6.799999999999999,7.299999999999999,4.1000000000000005,7.6,"rgb(20,2,235)"
22.57181818181818,5.5,6.4,8.0,9.3,9.7,8.299999999999999,9.2,2.8000000000000003,4.4,5.0,7.299999999999998,9.099999999999998,7.200000000000002,6.4,5.799999999999998,"rgb(29,4,226)"
23.761000000000006,6.0,6.299999999999999,8.200000000000001,8.400000000000002,7.5,7.299999999999999,8.299999999999999,3.3999999999999995,4.4,4.299999999999999,7.6,8.5,6.700000000000001,5.1000000000000005,4.6000000000000005,"rgb(24,6,231)"
25.073,7.1,6.200000000000001,8.0,6.5,8.0,6.200000000000001,6.799999999999999,3.6000000000000005,3.3999999999999995,5.4,9.2,6.5,7.200000000000001,4.9,5.700000000000001,"rgb(25,5,230)"
26.0,6.6,7.5,10.2,10.5,0.0,6.7,7.8,4.6,4.1,5.7,8.4,8.4,6.1,6.5,6.2,"rgb(31,11,224)"
25.979000000000006,6.0,7.0,7.5,8.599999999999998,0.0,6.700000000000001,6.299999999999999,2.8999999999999995,3.5,3.9,9.2,6.0,6.299999999999999,6.5,5.0,"rgb(30,11,225)"
27.811,6.0,8.299999999999999,10.599999999999998,8.0,10.3,9.8,11.5,2.8999999999999995,4.4,4.5,9.2,11.0,6.799999999999999,5.799999999999999,5.5,"rgb(19,14,236)"
27.656999999999996,5.5,7.4,9.900000000000002,7.700000000000001,7.9,7.9,9.8,3.9,6.700000000000001,4.200000000000001,9.900000000000002,9.400000000000002,8.900000000000002,4.4,6.0,"rgb(25,11,230)"
26.82,6.0,8.700000000000001,9.099999999999998,6.799999999999998,6.700000000000002,7.5,6.200000000000002,3.7,5.5,6.4,8.799999999999997,5.799999999999998,7.299999999999998,6.6,6.6,"rgb(25,9,230)"
27.77,7.700000000000001,7.6,8.799999999999997,8.299999999999999,10.0,7.6,6.4,3.7,5.2,5.0,20.3,11.2,8.4,5.1000000000000005,6.200000000000001,"rgb(50,18,205)"
29.28,10.400000000000002,8.400000000000002,12.7,5.799999999999999,13.2,11.900000000000002,6.9,3.7,4.4,4.5,7.299999999999999,22.800000000000004,7.9,9.400000000000002,12.8,"rgb(72,89,183)"
28.0,18.2,9.5,14.5,16.6,14.5,7.0,10.6,2.5,6.5,5.8,7.7,24.4,14.5,5.9,12.4,"rgb(92,85,163)"
29.465,10.400000000000002,9.400000000000002,12.400000000000004,14.300000000000002,6.900000000000001,9.8,6.200000000000002,2.7,5.299999999999999,7.799999999999998,13.199999999999998,8.299999999999999,9.5,5.5,5.9,"rgb(111,119,144)"
30.482,6.0,6.1000000000000005,8.099999999999998,5.6000000000000005,6.4,6.5,6.4,3.0,4.0,4.5,7.4,6.799999999999999,6.799999999999999,4.0,0.0,"rgb(28,4,227)"
32.63666666666666,7.1000000000000005,5.9,7.799999999999999,6.799999999999999,7.0,6.6000000000000005,6.6000000000000005,3.1000000000000005,3.1000000000000005,4.1000000000000005,7.1000000000000005,6.6000000000000005,6.4,6.200000000000001,5.2,"rgb(25,8,230)"
32.90777777777778,5.5,6.299999999999999,8.6,10.2,7.6,7.399999999999999,8.9,2.4,4.6000000000000005,5.6000000000000005,5.9,9.8,7.700000000000001,4.7,4.3,"rgb(34,20,221)"
32.79799999999999,8.799999999999997,9.599999999999998,9.3,8.200000000000001,7.1,9.3,10.2,3.6000000000000005,5.1000000000000005,5.200000000000001,9.0,8.900000000000002,12.5,7.200000000000001,7.200000000000001,"rgb(66,90,189)"
32.731,6.6,9.2,9.099999999999998,9.5,8.200000000000001,8.5,7.4,3.8,5.700000000000001,5.799999999999999,9.8,5.6000000000000005,8.299999999999999,4.5,4.799999999999999,"rgb(33,62,222)"
28.0,7.1,8.4,9.8,9.1,7.0,7.0,7.6,3.7,5.2,6.2,10.5,8.3,9.3,4.6,4.7,"rgb(92,59,163)"
33.168000000000006,7.1,8.099999999999998,8.5,7.5,5.4,7.799999999999999,7.4,0.0,4.1000000000000005,7.700000000000001,11.599999999999998,6.4,7.4,6.200000000000001,4.4,"rgb(58,55,197)"
32.99363636363637,9.3,6.700000000000002,9.2,8.299999999999999,10.3,7.700000000000002,7.6,3.7,4.700000000000001,4.799999999999999,8.599999999999998,7.1,12.400000000000004,6.700000000000002,8.099999999999998,"rgb(69,92,186)"
36.18900000000001,11.5,10.099999999999998,10.400000000000002,7.6,9.3,4.1000000000000005,4.799999999999999,2.5,6.6,3.7,12.2,9.0,11.599999999999998,4.0,8.400000000000002,"rgb(135,106,120)"
35.664,8.200000000000001,5.700000000000001,6.6,11.8,8.0,11.400000000000002,7.0,1.6999999999999995,5.5,5.4,5.5,7.5,9.3,4.4,5.5,"rgb(99,66,156)"
33.75090909090908,12.599999999999996,7.0,8.299999999999999,8.700000000000001,4.9,4.1000000000000005,3.899999999999999,2.6000000000000005,4.799999999999999,3.7,10.400000000000002,9.7,8.5,3.2,3.399999999999999,"rgb(84,61,171)"
39.09200000000001,11.0,6.1000000000000005,10.3,13.8,6.799999999999999,6.0,6.299999999999999,2.6000000000000005,3.5,3.7,7.6,9.7,12.7,3.3999999999999995,8.400000000000002,"rgb(65,50,190)"
36.6875,11.0,7.9,15.3,12.4,7.0,6.3,5.2,5.7,6.6,3.9,8.4,10.3,12.4,4.8,8.2,"rgb(69,52,186)"
38.57272727272728,9.900000000000002,5.799999999999998,15.0,11.7,8.099999999999998,6.700000000000002,5.9,2.899999999999999,6.700000000000002,7.1,13.2,8.900000000000002,10.2,6.4,11.0,"rgb(88,63,167)"
39.11727272727273,5.5,9.099999999999998,14.2,11.5,6.700000000000002,8.400000000000002,7.4,3.100000000000001,3.899999999999999,7.299999999999998,12.599999999999996,12.599999999999996,7.9,5.299999999999999,11.099999999999996,"rgb(89,61,166)"
39.655,9.9,10.2,11.5,9.0,6.7,6.9,6.4,3.7,6.8,5.6,11.3,7.4,14.0,4.6,7.2,"rgb(7,158,248)"
40.78,7.1,6.4,6.9,7.5,6.5,6.9,6.700000000000001,3.0,4.4,5.1000000000000005,6.6,4.9,7.700000000000001,4.700000000000001,5.700000000000001,"rgb(45,60,210)"
40.03363636363636,7.1,8.400000000000002,7.700000000000002,6.9,6.9,6.799999999999998,6.799999999999998,3.399999999999999,3.600000000000001,3.600000000000001,6.700000000000002,5.799999999999998,6.299999999999998,5.700000000000002,5.799999999999998,"rgb(49,52,206)"
46.0,6.0,6.5,8.4,8.3,0.0,0.0,0.0,3.1,0.0,4.1,6.5,7.7,6.3,0.0,6.3,"rgb(45,53,210)"
40.5790909090909,7.1,8.0,7.299999999999998,6.799999999999998,0.0,0.0,8.799999999999997,3.3,0.0,4.4,7.6,4.799999999999999,7.6,0.0,4.799999999999999,"rgb(48,53,207)"
40.44272727272728,6.6,6.700000000000002,8.0,7.4,9.2,9.599999999999998,9.099999999999998,2.5,4.799999999999999,3.899999999999999,7.200000000000002,6.5,9.099999999999998,5.299999999999999,5.200000000000001,"rgb(54,44,201)"
41.597,7.700000000000001,5.5,8.200000000000001,6.4,6.1000000000000005,7.0,5.700000000000001,2.8999999999999995,3.6000000000000005,4.299999999999999,7.1,9.0,6.200000000000001,4.6000000000000005,4.6000000000000005,"rgb(50,56,205)"
39.905454545454546,7.700000000000002,8.400000000000002,7.700000000000002,8.299999999999999,7.200000000000002,9.0,9.099999999999998,2.899999999999999,3.7,5.200000000000001,7.1,7.299999999999998,12.7,5.1000000000000005,4.1000000000000005,"rgb(47,53,208)"
40.35999999999999,9.3,10.8,8.900000000000002,8.900000000000002,8.799999999999997,10.099999999999998,10.5,3.2,4.700000000000001,5.1000000000000005,8.200000000000001,5.9,9.900000000000002,5.6000000000000005,4.4,"rgb(15,123,240)"
42.669,7.1,9.400000000000002,9.900000000000002,7.6,9.7,9.3,9.2,4.6000000000000005,4.6000000000000005,4.200000000000001,8.299999999999999,13.599999999999998,7.799999999999999,5.299999999999999,9.0,"rgb(24,128,231)"
47.0,7.1,8.5,7.1,5.5,10.6,10.8,10.8,2.6,5.6,5.5,7.1,17.1,9.0,4.8,6.3,"rgb(58,43,197)"
41.014545454545456,6.0,6.4,7.700000000000002,6.1000000000000005,7.200000000000002,5.5,5.299999999999999,1.6999999999999995,4.6000000000000005,5.9,7.700000000000002,10.2,6.4,3.0,4.9,"rgb(51,64,204)"
43.71454545454546,5.5,5.9,7.4,9.400000000000002,6.200000000000002,6.4,5.9,2.6000000000000005,3.7,4.1000000000000005,6.1000000000000005,8.200000000000001,5.799999999999998,4.0,5.200000000000001,"rgb(48,57,207)"
42.36363636363637,8.799999999999997,7.799999999999998,8.799999999999997,8.700000000000001,10.900000000000004,9.2,9.900000000000002,2.6000000000000005,5.700000000000002,5.0,8.0,8.900000000000002,5.700000000000002,5.1000000000000005,5.299999999999999,"rgb(42,54,213)"
42.645,6.0,7.5,11.0,8.700000000000001,9.3,6.6,9.400000000000002,2.6000000000000005,6.700000000000001,6.700000000000001,9.7,15.400000000000002,5.1000000000000005,3.2,5.0,"rgb(107,56,148)"
44.69000000000001,6.6000000000000005,4.7,9.1,7.0,7.6,5.4,4.9,2.5,3.3999999999999995,7.5,9.0,6.299999999999999,6.700000000000001,4.4,4.7,"rgb(143,108,112)"
44.99888888888889,7.700000000000001,7.200000000000001,7.0,6.0,10.6,7.399999999999999,8.1,2.7,4.5,6.4,8.9,9.7,6.5,6.200000000000001,9.9,"rgb(18,67,237)"
47.0,7.7,7.3,8.9,9.1,10.6,10.8,7.5,3.4,5.4,5.2,7.9,5.6,8.3,6.5,9.5,"rgb(75,36,180)"
44.355,4.9,10.0,12.3,10.900000000000002,7.700000000000001,5.6000000000000005,8.400000000000002,5.200000000000001,8.900000000000002,8.400000000000002,11.8,12.400000000000002,6.799999999999999,5.9,6.0,"rgb(105,44,150)"
42.127,5.5,6.4,8.799999999999997,6.9,4.799999999999999,7.200000000000001,7.200000000000001,2.3000000000000003,4.299999999999999,5.299999999999999,6.5,7.299999999999999,9.8,5.1000000000000005,5.6000000000000005,"rgb(3,154,252)"
41.677,4.9,6.200000000000001,8.099999999999998,5.4,4.799999999999999,6.9,8.200000000000001,2.8999999999999995,7.1,5.4,9.2,5.0,7.200000000000001,4.700000000000001,6.4,"rgb(11,160,244)"
39.15222222222222,5.5,6.799999999999999,7.5,6.1000000000000005,6.4,6.6000000000000005,7.0,2.8000000000000003,4.9,3.6000000000000005,6.5,6.6000000000000005,7.6,3.6000000000000005,4.3,"rgb(27,135,228)"
40.8,7.1,9.8,9.7,10.2,9.6,9.0,11.0,4.1,7.1,5.5,9.5,8.3,10.2,7.0,8.1,"rgb(22,132,233)"
38.25272727272728,13.2,9.599999999999998,10.8,9.5,0.0,0.0,0.0,2.7,8.5,4.5,11.099999999999996,16.599999999999998,15.900000000000004,8.5,16.5,"rgb(42,140,213)"
38.485833333333346,25.300000000000008,9.2,34.800000000000004,39.10000000000001,17.400000000000002,19.0,11.5,5.9,8.700000000000001,8.700000000000001,15.800000000000002,52.20000000000001,19.6,16.099999999999998,22.5,"rgb(106,68,149)"
36.37125,23.1,4.0,20.6,13.7,0.0,0.0,0.0,1.3,7.1000000000000005,9.0,15.0,12.5,17.400000000000002,8.5,11.099999999999998,"rgb(106,57,149)"
25.49,9.3,9.7,10.9,11.9,0.0,0.0,8.8,4.4,5.5,9.5,10.3,11.5,6.7,6.7,11.4,"rgb(32,24,223)"
33.395,13.2,5.2,9.8,10.8,0.0,0.0,5.3,2.7,3.5,5.7,8.0,13.4,13.1,6.6,7.4,"rgb(3,153,252)"
38.51600000000001,12.099999999999998,8.900000000000002,12.900000000000002,8.599999999999998,11.2,9.7,6.6,1.6999999999999995,6.200000000000001,3.8,9.5,7.5,14.5,5.200000000000001,6.9,"rgb(3,134,252)"
36.65,6.6,8.8,7.8,8.2,0.0,0.0,0.0,2.9,5.2,5.2,7.3,15.2,10.3,5.9,8.0,"rgb(84,105,171)"
35.62000000000001,6.0,9.8,6.6000000000000005,6.200000000000001,0.0,0.0,0.0,3.2,6.799999999999999,4.3,8.4,19.1,7.1000000000000005,7.0,12.599999999999998,"rgb(57,152,198)"
37.129090909090905,13.7,7.6,8.0,7.1,0.0,0.0,0.0,2.2,6.9,5.1000000000000005,7.6,16.599999999999998,8.099999999999998,6.5,10.900000000000004,"rgb(68,155,187)"
38.471,8.799999999999997,7.6,6.700000000000001,5.9,10.2,9.099999999999998,7.6,2.7,3.3999999999999995,5.200000000000001,5.5,12.900000000000002,8.400000000000002,7.0,9.400000000000002,"rgb(39,151,216)"
36.94818181818181,7.700000000000002,7.299999999999998,6.0,6.5,11.7,8.400000000000002,8.200000000000001,2.2,4.700000000000001,4.0,6.200000000000002,15.5,8.799999999999997,5.700000000000002,8.799999999999997,"rgb(70,97,185)"
37.195,8.799999999999997,7.1,7.6,6.799999999999999,12.8,7.6,11.900000000000002,2.8000000000000003,4.700000000000001,4.4,8.099999999999998,14.5,8.5,7.200000000000001,10.900000000000002,"rgb(65,138,190)"
36.524,9.3,7.9,8.900000000000002,5.799999999999999,11.7,12.0,10.400000000000002,0.0,6.200000000000001,4.4,7.4,13.3,8.799999999999997,0.0,10.7,"rgb(56,132,199)"
35.0,9.9,10.1,9.7,8.5,13.3,16.0,16.1,2.7,7.9,3.7,8.2,7.6,10.2,9.6,14.2,"rgb(9,129,246)"
36.85111111111111,38.6,34.2,37.7,34.5,31.7,31.300000000000004,35.1,13.2,31.0,28.300000000000004,32.5,31.300000000000004,47.2,9.3,28.7,"rgb(3,157,252)"
28.514285714285712,34.2,25.1,26.7,17.400000000000002,10.4,5.9,21.9,7.399999999999999,22.9,22.800000000000004,27.4,15.0,25.4,7.200000000000001,19.5,"rgb(117,52,138)"
37.239000000000004,8.799999999999997,8.400000000000002,15.400000000000002,12.900000000000002,5.6000000000000005,4.5,6.299999999999999,2.7,8.900000000000002,6.6,12.2,11.0,8.099999999999998,5.6000000000000005,8.0,"rgb(87,44,168)"
35.70545454545454,9.3,5.700000000000002,6.9,7.6,13.900000000000004,15.7,9.400000000000002,2.7,4.700000000000001,4.700000000000001,6.0,21.1,11.7,0.0,12.0,"rgb(61,107,194)"
35.377272727272725,15.400000000000004,6.1000000000000005,6.700000000000002,7.5,15.5,11.8,8.0,3.0,5.5,5.200000000000001,5.5,19.0,12.900000000000004,5.5,9.900000000000002,"rgb(88,89,167)"
33.18833333333333,18.7,4.200000000000001,6.299999999999998,8.400000000000002,14.5,4.700000000000001,3.5,1.5,4.6000000000000005,5.4,5.1000000000000005,16.599999999999998,12.400000000000004,9.400000000000002,9.400000000000002,"rgb(99,80,156)"
33.434999999999995,10.400000000000002,5.1000000000000005,11.5,12.2,14.5,8.299999999999999,9.3,2.2,4.1000000000000005,5.299999999999999,5.299999999999999,15.599999999999998,7.6,3.6000000000000005,6.700000000000001,"rgb(103,74,152)"
35.55299999999999,10.400000000000002,8.200000000000001,8.700000000000001,10.599999999999998,12.5,15.3,12.400000000000002,1.5,8.099999999999998,4.299999999999999,7.5,10.8,11.900000000000002,3.0,7.200000000000001,"rgb(102,77,153)"
30.0,3.5,7.2,7.8,5.7,11.7,11.6,10.7,1.9,6.8,5.2,5.3,9.6,6.3,3.8,5.1,"rgb(90,89,165)"
35.71272727272728,7.1,7.700000000000002,8.299999999999999,5.299999999999999,12.5,3.100000000000001,0.0,2.6000000000000005,6.700000000000002,4.5,8.0,9.2,9.3,3.3,4.0,"rgb(68,114,187)"
34.158181818181816,7.1,8.099999999999998,6.799999999999998,6.5,12.7,10.5,10.8,1.8000000000000005,7.200000000000002,3.399999999999999,7.6,11.400000000000004,12.599999999999996,5.9,6.4,"rgb(2,149,253)"
33.973333333333336,7.099999999999999,6.700000000000002,7.5,7.0,12.0,15.5,9.2,1.8000000000000005,6.700000000000002,3.8,6.1000000000000005,16.599999999999998,10.900000000000004,3.899999999999999,8.599999999999998,"rgb(72,125,183)"
36.38818181818182,7.700000000000002,8.099999999999998,7.1,6.799999999999998,13.0,17.900000000000006,12.400000000000004,2.6000000000000005,7.1,5.299999999999999,5.5,21.1,9.0,8.200000000000001,15.2,"rgb(63,130,192)"
36.589090909090906,9.3,6.200000000000002,6.799999999999998,5.6000000000000005,12.599999999999996,13.8,6.299999999999998,2.7,5.200000000000001,4.6000000000000005,7.5,20.5,8.700000000000001,6.799999999999998,10.7,"rgb(10,150,245)"
37.669,14.8,5.9,6.700000000000001,6.200000000000001,12.2,6.200000000000001,4.6000000000000005,2.3999999999999995,3.8,4.299999999999999,5.299999999999999,19.7,10.7,4.299999999999999,8.599999999999998,"rgb(64,133,191)"
30.0,13.2,5.6,6.9,6.4,14.1,6.9,5.2,3.1,4.5,4.1,5.8,16.9,9.9,6.7,10.5,"rgb(26,165,229)"
39.547,12.099999999999998,5.0,7.299999999999999,6.6,11.0,5.0,5.9,2.1000000000000005,3.8,4.799999999999999,7.0,14.400000000000002,9.2,4.200000000000001,9.400000000000002,"rgb(59,138,196)"
36.370909090909095,11.0,6.1000000000000005,8.5,6.5,15.099999999999996,7.700000000000002,6.0,2.6000000000000005,4.299999999999999,4.200000000000001,5.4,20.6,9.900000000000002,8.200000000000001,12.7,"rgb(44,138,211)"
38.965,0.0,5.6000000000000005,4.799999999999999,16.400000000000002,17.099999999999998,13.3,5.4,2.1000000000000005,5.4,4.799999999999999,6.200000000000001,25.300000000000004,16.599999999999998,11.5,11.099999999999998,"rgb(86,88,169)"
38.769,22.0,5.9,17.800000000000004,18.6,6.4,5.299999999999999,5.200000000000001,2.2,7.5,6.700000000000001,10.2,15.099999999999998,11.8,6.299999999999999,8.5,"rgb(73,93,182)"
38.567,6.6,10.099999999999998,13.2,9.5,11.2,9.400000000000002,11.8,4.200000000000001,11.2,9.2,13.099999999999998,8.299999999999999,5.9,7.200000000000001,9.5,"rgb(82,118,173)"
38.994,10.400000000000002,6.200000000000001,7.200000000000001,8.5,9.400000000000002,9.599999999999998,9.099999999999998,2.5,4.9,4.9,6.4,9.900000000000002,10.599999999999998,8.200000000000001,8.599999999999998,"rgb(45,137,210)"
41.85,8.2,5.5,7.6,7.7,7.6,5.1,6.6,2.9,5.4,3.9,5.5,9.5,4.1,5.9,9.9,"rgb(74,142,181)"
37.68636363636364,5.5,5.6000000000000005,6.5,6.4,5.299999999999999,6.0,6.700000000000002,2.5,4.799999999999999,4.299999999999999,5.799999999999998,7.4,5.9,3.899999999999999,4.700000000000001,"rgb(85,159,170)"
39.552,4.9,6.0,8.200000000000001,8.200000000000001,5.6000000000000005,5.200000000000001,4.4,2.8000000000000003,4.4,3.3999999999999995,6.200000000000001,8.400000000000002,6.9,4.6000000000000005,4.799999999999999,"rgb(93,167,162)"
40.356363636363646,3.8,4.9,6.799999999999998,7.4,4.6000000000000005,5.700000000000002,4.799999999999999,0.0,5.0,3.899999999999999,5.299999999999999,8.599999999999998,8.5,4.6000000000000005,4.0,"rgb(98,170,157)"
37.260909090909095,6.6,6.9,7.200000000000002,7.0,7.799999999999998,6.0,5.799999999999998,2.7,4.0,4.9,8.099999999999998,8.900000000000002,8.0,5.5,4.799999999999999,"rgb(93,167,162)"
39.0,11.0,9.400000000000002,10.099999999999998,6.299999999999999,13.3,18.1,12.0,3.1000000000000005,9.8,4.1000000000000005,9.0,21.1,13.8,8.799999999999997,13.8,"rgb(154,186,101)"
40.11,8.200000000000001,7.0,6.9,5.299999999999999,13.8,18.0,11.900000000000002,2.3999999999999995,5.799999999999999,4.9,6.0,29.2,5.5,8.0,14.900000000000002,"rgb(167,196,88)"
37.44700000000001,8.799999999999997,11.0,8.299999999999999,6.200000000000001,14.400000000000002,20.2,17.0,2.5,8.200000000000001,3.7,7.5,27.0,11.5,9.099999999999998,17.800000000000004,"rgb(167,192,88)"
37.375,8.200000000000001,10.2,10.900000000000002,6.1000000000000005,13.7,18.4,15.5,2.8999999999999995,9.400000000000002,4.299999999999999,9.0,27.2,6.200000000000001,7.299999999999999,14.2,"rgb(169,198,86)"
39.914,7.1,6.9,7.1,6.200000000000001,13.099999999999998,18.0,11.0,1.9,5.799999999999999,4.6000000000000005,4.6000000000000005,23.7,6.700000000000001,8.0,12.900000000000002,"rgb(166,194,89)"
37.79272727272728,5.5,4.9,7.299999999999998,7.799999999999998,7.799999999999998,7.799999999999998,6.200000000000002,2.1000000000000005,4.5,3.3,5.299999999999999,14.7,5.700000000000002,6.799999999999998,8.299999999999999,"rgb(107,171,148)"
38.38272727272727,18.7,6.6,7.1,7.6,5.799999999999998,5.4,5.5,3.2,6.5,4.4,6.4,7.9,5.200000000000001,4.9,6.700000000000002,"rgb(106,173,149)"
39.233636363636364,14.8,5.9,6.9,7.299999999999998,6.299999999999998,5.200000000000001,4.5,2.6000000000000005,4.0,4.1000000000000005,6.5,9.3,7.0,4.299999999999999,4.799999999999999,"rgb(111,176,144)"
36.0,11.5,5.8,8.5,7.5,5.1,5.5,4.6,2.6,4.0,4.8,6.4,10.0,6.8,3.7,6.8,"rgb(117,182,138)"
41.326,10.400000000000002,10.8,10.400000000000002,9.3,12.7,15.7,13.7,4.200000000000001,11.400000000000002,5.1000000000000005,9.8,18.6,9.7,6.0,11.5,"rgb(162,187,93)"
38.310833333333335,7.700000000000002,9.2,8.799999999999997,5.799999999999998,12.599999999999996,15.599999999999996,14.400000000000004,2.3000000000000003,8.599999999999998,3.899999999999999,7.0,23.4,7.0,6.799999999999998,14.5,"rgb(166,191,89)"
40.787272727272736,5.5,8.400000000000002,11.400000000000004,9.7,8.700000000000001,8.599999999999998,9.400000000000002,1.5,6.299999999999998,4.5,8.0,14.7,5.6000000000000005,6.6,10.0,"rgb(166,181,89)"
43.78300000000001,7.700000000000001,5.5,6.4,5.5,11.400000000000002,7.299999999999999,6.5,1.6999999999999995,4.0,3.8,4.6000000000000005,20.300000000000004,4.299999999999999,5.1000000000000005,10.3,"rgb(151,200,104)"
44.16545454545455,0.0,8.099999999999998,7.299999999999998,8.599999999999998,6.4,7.700000000000002,5.299999999999999,3.399999999999999,5.0,4.6000000000000005,8.900000000000002,19.1,6.299999999999998,3.600000000000001,6.299999999999998,"rgb(131,195,124)"
45.38818181818183,5.5,6.1000000000000005,6.299999999999998,6.299999999999998,6.1000000000000005,7.4,5.4,2.3000000000000003,4.0,4.299999999999999,7.6,12.400000000000004,6.299999999999998,3.3,5.799999999999998,"rgb(127,195,128)"
40.8,6.0,6.8,6.1,4.7,5.0,6.3,4.9,3.5,4.0,5.1,6.4,7.1,5.5,4.2,4.5,"rgb(114,179,141)"
45.01818181818182,9.900000000000002,8.5,6.6,4.9,14.2,9.599999999999998,11.599999999999996,2.7,6.0,5.0,7.0,15.8,10.2,6.299999999999998,9.5,"rgb(131,190,124)"
49.37,8.799999999999997,6.0,8.0,7.0,10.0,6.700000000000001,5.799999999999999,1.9,5.2,3.3999999999999995,7.0,14.8,7.0,7.299999999999999,8.1,"rgb(133,197,122)"
47.44181818181819,8.200000000000001,5.4,6.5,5.6000000000000005,7.9,4.6000000000000005,5.799999999999998,2.6000000000000005,4.0,4.1000000000000005,5.799999999999998,11.099999999999996,6.700000000000002,4.9,6.1000000000000005,"rgb(125,192,130)"
48.335,12.099999999999998,4.299999999999999,6.5,5.700000000000001,3.9,5.700000000000001,3.6000000000000005,1.6,3.5,3.9,3.9,11.2,4.200000000000001,2.5,5.299999999999999,"rgb(112,185,143)"
48.28454545454545,7.1,7.6,7.200000000000002,6.0,5.299999999999999,5.5,5.9,2.899999999999999,4.4,4.799999999999999,7.6,11.900000000000004,5.700000000000002,6.200000000000002,7.799999999999998,"rgb(112,185,143)"
50.193000000000005,6.0,10.099999999999998,7.6,5.4,10.099999999999998,11.2,12.5,2.3999999999999995,8.400000000000002,4.200000000000001,6.6,20.800000000000004,8.200000000000001,9.599999999999998,10.2,"rgb(92,115,163)"
50.0,6.0,8.9,8.2,5.8,9.7,9.0,8.0,1.9,8.3,4.6,10.3,16.2,4.0,5.5,8.0,"rgb(130,136,125)"
49.176,5.5,7.0,8.400000000000002,7.700000000000001,11.599999999999998,12.5,11.400000000000002,2.6000000000000005,5.6000000000000005,4.799999999999999,6.5,18.9,7.299999999999999,5.0,6.700000000000001,"rgb(30,164,225)"
48.08727272727272,7.1,8.099999999999998,9.099999999999998,8.700000000000001,13.7,15.3,10.0,2.1000000000000005,6.6,8.5,6.5,21.300000000000004,7.299999999999998,8.599999999999998,11.599999999999996,"rgb(177,116,78)"
45.36416666666667,8.200000000000001,7.900000000000001,9.2,6.1000000000000005,15.5,20.1,14.599999999999996,1.6,6.1000000000000005,4.200000000000001,6.5,30.100000000000005,10.900000000000004,7.299999999999998,12.3,"rgb(170,198,85)"
51.051,11.0,5.4,6.5,5.4,12.7,7.6,6.4,2.2,6.0,6.9,6.1000000000000005,22.1,12.8,7.5,10.3,"rgb(39,173,216)"
50.40090909090909,13.2,11.0,11.7,10.400000000000002,11.7,8.5,9.400000000000002,3.7,7.6,4.799999999999999,13.099999999999996,18.300000000000004,9.0,5.1000000000000005,5.6000000000000005,"rgb(139,201,116)"
53.222,6.6,9.3,16.800000000000004,14.400000000000002,13.599999999999998,17.0,14.400000000000002,2.8999999999999995,8.299999999999999,10.5,13.2,26.0,10.099999999999998,6.299999999999999,13.0,"rgb(103,79,152)"
47.5,12.1,6.8,5.900000000000001,4.3,14.699999999999998,19.4,13.1,2.7000000000000006,5.3,4.6,4.7,28.8,11.300000000000002,8.3,7.2,"rgb(182,208,73)"
54.153,11.5,4.1000000000000005,5.9,6.299999999999999,14.599999999999998,7.9,3.7,0.0,3.8,3.7,5.4,27.7,9.2,6.299999999999999,10.2,"rgb(193,218,62)"
52.75666666666667,6.0,6.700000000000001,7.899999999999999,7.1000000000000005,9.8,4.8,6.200000000000001,1.5,4.9,6.700000000000001,5.4,12.8,4.1000000000000005,3.6000000000000005,5.700000000000001,"rgb(163,214,92)"
55.698888888888895,9.9,10.7,11.3,7.0,13.7,16.599999999999998,14.400000000000002,2.8999999999999995,10.7,4.1000000000000005,9.9,24.2,7.0,8.4,15.099999999999998,"rgb(184,215,71)"
54.59090909090909,8.200000000000001,6.5,9.400000000000002,5.700000000000002,13.2,13.900000000000004,10.900000000000004,2.3000000000000003,6.6,3.600000000000001,7.700000000000002,25.300000000000008,5.5,7.0,9.0,"rgb(186,215,69)"
55.82909090909091,7.700000000000002,6.299999999999998,7.799999999999998,5.700000000000002,12.099999999999996,10.2,8.200000000000001,3.0,6.4,3.7,7.0,14.8,6.0,7.299999999999998,10.400000000000002,"rgb(172,221,83)"
56.27700000000001,6.6,7.4,7.799999999999999,7.4,5.799999999999999,7.0,7.0,2.7,5.4,5.200000000000001,8.299999999999999,7.5,5.5,4.799999999999999,4.4,"rgb(137,221,118)"
56.0,7.7,6.8,8.7,7.5,8.9,7.9,10.1,2.3,5.9,4.5,8.4,12.6,7.8,8.8,10.5,"rgb(145,218,110)"
52.40090909090909,9.3,9.900000000000002,10.3,7.6,14.2,18.7,14.599999999999996,1.8000000000000005,10.0,3.899999999999999,7.799999999999998,30.5,7.799999999999998,4.799999999999999,15.0,"rgb(185,215,70)"
56.27600000000001,7.700000000000001,5.799999999999999,6.299999999999999,6.799999999999999,11.5,7.9,7.5,1.6999999999999995,6.4,3.7,6.700000000000001,17.5,5.6000000000000005,5.200000000000001,8.799999999999997,"rgb(169,227,86)"
55.60363636363636,6.6,7.299999999999998,8.799999999999997,7.6,11.3,7.4,9.599999999999998,2.5,6.200000000000002,3.7,8.099999999999998,17.5,5.299999999999999,5.9,8.599999999999998,"rgb(153,224,102)"
60.265,9.3,8.0,7.4,6.6,13.5,13.099999999999998,10.099999999999998,2.2,7.5,3.3,6.799999999999999,21.300000000000004,6.0,8.400000000000002,14.099999999999998,"rgb(159,233,96)"
59.02090909090908,10.400000000000002,5.1000000000000005,7.799999999999998,6.0,12.900000000000004,13.0,7.6,2.3999999999999995,3.899999999999999,4.0,5.1000000000000005,22.699999999999992,9.900000000000002,5.700000000000002,10.3,"rgb(30,167,225)"
63.31400000000001,11.5,5.200000000000001,5.299999999999999,7.700000000000001,13.599999999999998,12.599999999999998,9.099999999999998,2.0,3.7,4.0,4.9,18.9,10.0,4.5,7.6,"rgb(34,170,221)"
69.0,23.1,6.7,10.1,8.1,6.4,5.4,4.4,2.5,6.0,4.3,9.2,18.3,5.1,4.1,7.1,"rgb(153,239,102)"
60.58363636363636,13.2,5.700000000000002,9.400000000000002,8.099999999999998,6.6,5.9,6.6,3.3,5.799999999999998,4.9,7.299999999999998,9.5,6.299999999999998,4.4,8.599999999999998,"rgb(143,233,112)"
63.36,7.700000000000001,11.8,10.0,6.299999999999999,12.900000000000002,13.3,13.0,4.0,8.9,5.4,9.4,18.7,8.6,5.5,11.5,"rgb(180,231,75)"
65.70666666666665,7.1000000000000005,11.3,12.599999999999998,8.299999999999999,13.5,13.400000000000002,13.5,2.1,13.400000000000002,4.6000000000000005,10.7,20.4,5.3,5.3,5.6000000000000005,"rgb(232,234,23)"
64.91799999999999,8.799999999999997,8.200000000000001,10.5,6.200000000000001,14.0,15.7,14.400000000000002,0.7000000000000001,7.799999999999999,4.200000000000001,7.799999999999999,25.7,5.299999999999999,4.0,7.299999999999999,"rgb(233,233,22)"
66.05222222222223,11.5,5.3,5.700000000000001,6.799999999999999,11.900000000000002,6.0,5.9,2.8999999999999995,3.7,3.2,6.5,21.9,4.3,6.5,10.1,"rgb(214,234,41)"
67.67999999999999,9.900000000000002,8.400000000000002,7.700000000000001,8.099999999999998,6.5,7.0,5.200000000000001,2.8999999999999995,5.299999999999999,4.4,8.700000000000001,16.300000000000004,5.700000000000001,4.4,8.0,"rgb(204,236,51)"
68.0,9.3,5.2,7.3,5.8,4.2,7.6,4.5,3.0,3.9,3.9,6.4,13.0,5.7,5.2,7.6,"rgb(161,240,94)"
65.188,9.900000000000002,4.799999999999999,5.799999999999999,6.0,10.900000000000002,6.200000000000001,4.0,2.0,3.6000000000000005,4.5,6.6,14.599999999999998,6.6,6.0,8.599999999999998,"rgb(153,239,102)"
63.17999999999999,12.599999999999996,5.6000000000000005,6.1000000000000005,6.299999999999998,7.4,8.900000000000002,5.1000000000000005,48.100000000000016,6.700000000000002,57.0,8.200000000000001,14.099999999999996,9.0,3.2,5.6000000000000005,"rgb(128,218,127)"
65.84727272727274,9.900000000000002,9.5,12.400000000000004,9.2,14.099999999999996,14.7,10.400000000000002,3.0,8.299999999999999,4.6000000000000005,10.7,22.800000000000008,12.099999999999996,6.700000000000002,9.900000000000002,"rgb(170,235,85)"
67.22727272727272,9.3,7.299999999999998,7.9,6.6,15.0,15.0,12.599999999999996,2.1000000000000005,6.299999999999998,3.899999999999999,6.200000000000002,28.1,8.700000000000001,8.5,14.599999999999996,"rgb(186,233,69)"
70.387,9.900000000000002,5.700000000000001,6.0,6.799999999999999,15.400000000000002,10.7,6.1000000000000005,2.1000000000000005,5.299999999999999,5.200000000000001,6.5,26.1,7.799999999999999,5.799999999999999,9.900000000000002,"rgb(192,237,63)"
65.11399999999999,12.099999999999998,7.700000000000001,7.799999999999999,8.400000000000002,7.1,5.299999999999999,5.299999999999999,2.8000000000000003,7.0,4.5,7.1,17.300000000000004,9.099999999999998,5.1000000000000005,8.299999999999999,"rgb(162,239,93)"
66.0,12.6,5.6,7.6,7.2,6.9,5.5,5.7,1.4,3.7,3.5,6.1,11.7,5.8,5.4,6.4,"rgb(152,239,103)"
67.83454545454545,13.2,13.2,15.7,9.599999999999998,14.599999999999996,15.900000000000004,23.199999999999992,2.899999999999999,13.2,4.1000000000000005,13.900000000000004,27.0,10.5,8.099999999999998,17.199999999999996,"rgb(188,230,67)"
71.25272727272727,6.0,9.400000000000002,10.7,5.5,12.900000000000004,14.8,15.8,1.6,6.799999999999998,7.799999999999998,7.6,25.1,6.299999999999998,5.200000000000001,7.700000000000002,"rgb(229,234,26)"
70.56666666666666,7.700000000000001,10.8,9.3,6.9,15.3,18.0,15.599999999999998,1.2,9.5,6.0,8.200000000000001,25.5,7.200000000000001,6.6000000000000005,13.3,"rgb(228,235,27)"
73.92125,7.700000000000001,5.2,5.2,4.7,14.0,13.900000000000002,6.9,1.5,5.3,3.7,4.9,25.0,5.700000000000001,5.9,9.8,"rgb(212,237,43)"
74.9375,7.700000000000001,5.9,5.4,5.9,12.2,8.200000000000001,8.299999999999999,1.6999999999999995,4.7,4.0,6.200000000000001,17.900000000000006,9.2,4.8,8.9,"rgb(200,235,55)"
