平均價,新北市_氣溫,臺中市_氣溫,臺南市_氣溫,高雄市_氣溫,桃園市_氣溫,新竹縣_氣溫,苗栗縣_氣溫,南投縣_氣溫,彰化縣_氣溫,雲林縣_氣溫,嘉義市_氣溫,屏東縣_氣溫,宜蘭縣_氣溫,花蓮縣_氣溫,臺東縣_氣溫,color
49.35000000000001,16.400000000000002,18.6,18.4,20.6,18.1,18.5,17.300000000000004,17.099999999999998,18.1,14.900000000000002,17.900000000000006,23.5,16.699999999999996,18.5,21.5,"rgb(226,210,29)"
48.574,17.199999999999996,19.6,19.2,20.300000000000004,17.400000000000002,17.300000000000004,18.4,17.5,19.300000000000004,14.5,19.300000000000004,22.7,19.9,18.9,21.1,"rgb(206,204,49)"
48.711111111111116,17.5,19.6,19.1,21.0,18.0,17.5,18.9,18.3,19.0,14.900000000000002,19.4,23.4,19.7,19.2,21.0,"rgb(125,56,130)"
57.0,19.3,21.7,21.4,23.5,19.1,18.7,19.9,20.7,20.9,17.4,21.9,24.9,21.1,21.1,22.5,"rgb(149,218,106)"
49.21,18.800000000000004,22.5,22.5,24.4,19.1,19.0,19.800000000000004,21.300000000000004,20.5,17.599999999999994,21.6,25.300000000000004,21.2,22.4,24.2,"rgb(142,219,113)"
49.5,16.400000000000002,19.800000000000004,20.9,22.9,17.199999999999996,16.300000000000004,18.1,19.0,18.9,15.400000000000002,20.2,24.7,19.800000000000004,20.0,22.7,"rgb(177,107,78)"
48.48,15.2,19.300000000000004,19.0,20.5,16.800000000000004,16.300000000000004,17.800000000000004,18.4,18.4,14.5,19.1,23.300000000000004,17.699999999999996,18.1,21.300000000000004,"rgb(218,194,37)"
47.30818181818182,14.3,17.599999999999994,18.1,20.1,15.900000000000004,14.599999999999996,16.400000000000002,16.800000000000004,17.099999999999998,11.599999999999996,18.0,21.699999999999992,17.0,16.300000000000004,19.2,"rgb(220,175,35)"
46.88399999999999,13.900000000000002,18.0,17.699999999999996,19.9,16.099999999999998,15.5,16.699999999999996,17.0,17.099999999999998,13.8,17.599999999999994,22.5,16.300000000000004,17.0,20.2,"rgb(222,198,33)"
48.55555555555557,16.900000000000002,18.7,18.3,21.1,17.900000000000006,16.599999999999998,17.5,17.2,17.8,15.7,18.3,23.4,19.2,17.400000000000002,21.1,"rgb(192,195,63)"
53.5,15.4,17.3,18.1,21.1,16.0,14.8,16.4,16.6,16.7,13.8,18.0,23.5,18.8,17.5,21.4,"rgb(173,110,82)"
50.721000000000004,13.7,17.900000000000006,18.1,20.300000000000004,15.2,14.2,15.900000000000002,16.699999999999996,17.400000000000002,13.900000000000002,18.0,22.2,16.800000000000004,16.599999999999998,20.0,"rgb(219,178,36)"
49.71,12.099999999999998,15.3,15.8,17.5,12.900000000000002,12.0,13.900000000000002,14.0,14.8,11.099999999999998,15.7,20.4,14.900000000000002,16.0,18.2,"rgb(227,184,28)"
48.68,11.8,16.0,15.7,18.0,13.7,12.400000000000002,14.400000000000002,14.5,15.2,11.0,15.599999999999998,21.0,14.900000000000002,14.8,18.300000000000004,"rgb(223,188,32)"
49.074,13.599999999999998,15.8,15.5,17.800000000000004,14.900000000000002,13.3,14.599999999999998,14.3,15.099999999999998,11.099999999999998,15.7,21.5,16.300000000000004,15.400000000000002,18.1,"rgb(189,167,66)"
48.35,15.5,18.6,18.6,20.4,17.900000000000006,17.300000000000004,17.800000000000004,17.699999999999996,17.900000000000006,14.5,18.6,22.800000000000004,17.199999999999996,16.699999999999996,19.2,"rgb(182,178,73)"
46.588888888888896,15.5,17.5,18.7,21.1,16.0,14.7,16.599999999999998,17.0,17.3,14.2,18.7,23.7,18.7,19.7,22.2,"rgb(171,104,84)"
55.0,12.1,16.3,16.3,18.7,13.8,12.9,14.6,14.8,15.2,12.2,16.4,21.5,14.9,14.9,19.1,"rgb(216,184,39)"
46.209,11.2,16.300000000000004,16.5,19.5,13.099999999999998,12.400000000000002,14.2,15.599999999999998,15.5,12.0,16.599999999999998,21.6,13.599999999999998,14.2,17.900000000000006,"rgb(235,194,20)"
44.56999999999999,12.900000000000002,16.5,16.900000000000002,19.4,14.3,13.599999999999998,15.3,16.0,15.900000000000002,13.8,16.800000000000004,22.4,14.2,14.900000000000002,18.9,"rgb(232,197,23)"
45.79,14.7,17.5,18.5,21.7,14.8,13.7,15.3,17.0,16.800000000000004,16.699999999999996,18.0,24.1,17.5,17.199999999999996,21.800000000000004,"rgb(184,153,71)"
46.50700000000001,13.400000000000002,16.800000000000004,18.0,20.5,14.099999999999998,13.5,15.0,16.599999999999998,16.300000000000004,15.900000000000002,17.599999999999994,23.2,16.0,16.699999999999996,20.0,"rgb(179,128,76)"
47.31,8.5,11.0,12.099999999999998,14.0,9.099999999999998,7.700000000000001,9.400000000000002,10.599999999999998,10.3,8.799999999999997,11.599999999999998,18.9,11.8,13.5,15.900000000000002,"rgb(198,134,57)"
47.06666666666667,2.0,5.799999999999999,6.4,7.899999999999999,4.7,2.6,4.3,4.8,5.1000000000000005,1.0,6.0,13.0,5.6000000000000005,8.5,10.7,"rgb(255,213,0)"
47.0,4.5,8.7,9.0,11.1,6.9,5.8,7.2,7.9,8.5,5.1,9.0,14.3,8.1,8.2,10.8,"rgb(255,214,0)"
49.32222222222222,11.900000000000002,13.3,13.900000000000002,16.099999999999998,13.5,12.099999999999998,11.8,11.7,12.900000000000002,10.1,13.3,18.7,12.900000000000002,11.8,15.5,"rgb(249,214,6)"
49.14,17.699999999999996,16.5,17.300000000000004,19.0,15.5,14.5,15.5,15.099999999999998,15.900000000000002,13.0,16.300000000000004,21.5,17.699999999999996,14.900000000000002,17.400000000000002,"rgb(222,211,33)"
49.40000000000001,17.300000000000004,16.5,18.1,20.4,15.900000000000002,14.599999999999998,15.900000000000002,15.900000000000002,16.099999999999998,14.8,17.0,22.9,19.1,18.1,20.1,"rgb(205,163,50)"
49.15,15.5,17.0,17.599999999999994,20.2,16.199999999999996,14.8,16.300000000000004,16.400000000000002,16.599999999999998,13.8,17.699999999999996,24.2,18.4,18.9,21.4,"rgb(172,101,83)"
49.59,14.599999999999998,17.0,18.0,20.5,14.599999999999998,13.8,15.400000000000002,16.5,16.599999999999998,14.099999999999998,17.699999999999996,22.9,17.5,17.699999999999996,20.5,"rgb(204,149,51)"
47.88888888888889,15.2,18.1,17.8,20.0,16.8,16.900000000000002,17.599999999999994,17.400000000000002,17.400000000000002,14.0,17.5,22.9,16.599999999999998,17.7,21.0,"rgb(216,197,39)"
49.64285714285715,12.3,15.400000000000002,16.5,19.6,11.900000000000002,11.3,13.0,15.599999999999998,14.5,13.900000000000002,16.0,22.1,15.3,15.8,19.3,"rgb(194,137,61)"
49.2,10.4,13.5,13.900000000000002,16.5,11.099999999999998,10.2,11.8,12.3,13.0,12.400000000000002,13.5,20.2,13.099999999999998,15.0,17.5,"rgb(242,188,13)"
47.55,12.0,14.7,15.400000000000002,18.1,13.099999999999998,12.400000000000002,13.5,13.7,14.3,11.3,15.099999999999998,21.2,14.099999999999998,15.900000000000002,19.0,"rgb(241,200,14)"
50.011111111111106,14.900000000000002,16.0,16.7,19.4,15.2,13.400000000000002,14.5,15.099999999999998,15.5,13.2,16.0,22.5,17.099999999999998,17.3,20.6,"rgb(229,184,26)"
49.1,12.599999999999998,15.3,15.7,17.900000000000006,12.7,11.400000000000002,13.0,15.0,14.8,12.099999999999998,15.599999999999998,20.9,15.900000000000002,16.0,19.0,"rgb(226,178,29)"
48.85555555555555,8.200000000000001,11.8,12.7,14.7,10.4,8.6,10.7,11.0,11.900000000000002,6.0,12.3,18.0,11.900000000000002,12.5,16.2,"rgb(252,218,3)"
47.2,7.5,11.900000000000002,12.2,14.7,9.8,9.7,10.900000000000002,10.7,11.5,8.299999999999999,11.599999999999998,17.7,11.7,12.099999999999998,15.5,"rgb(250,216,5)"
47.08750000000001,20.4,24.1,24.6,24.7,21.4,21.6,24.300000000000004,22.1,23.9,18.4,23.9,25.4,22.5,22.1,24.4,"rgb(93,192,162)"
46.99999999999999,14.3,19.2,21.7,24.300000000000004,14.2,14.400000000000002,17.0,18.7,18.7,16.2,20.4,24.300000000000004,17.900000000000006,18.9,22.300000000000004,"rgb(174,133,81)"
46.73333333333333,8.1,12.4,13.1,16.1,9.3,8.8,10.2,11.9,11.800000000000002,11.0,12.6,18.4,11.9,12.699999999999998,15.800000000000002,"rgb(251,211,4)"
52.3,8.9,13.4,13.3,16.5,11.6,10.0,11.6,12.1,12.8,9.8,12.8,17.6,11.9,11.8,13.9,"rgb(245,211,10)"
48.577777777777776,10.8,15.8,16.2,18.8,12.7,11.2,13.0,14.599999999999998,15.0,10.6,15.8,20.0,12.900000000000002,12.5,16.3,"rgb(239,202,16)"
49.14444444444444,13.900000000000002,17.2,17.7,20.0,15.400000000000002,15.3,15.3,16.400000000000002,16.5,12.599999999999998,17.3,21.6,15.5,15.900000000000002,19.3,"rgb(225,182,30)"
49.577777777777776,15.3,17.8,18.9,21.0,13.8,13.099999999999998,14.8,17.599999999999994,17.3,13.900000000000002,18.3,21.6,19.5,18.9,21.3,"rgb(205,196,50)"
50.62222222222222,11.0,15.599999999999998,16.400000000000002,19.3,12.900000000000002,11.599999999999998,13.5,14.3,14.900000000000002,12.3,15.7,20.4,14.7,15.0,18.6,"rgb(244,219,11)"
49.2625,12.5,17.099999999999998,17.5,20.3,14.900000000000002,13.7,15.400000000000002,16.2,15.7,13.099999999999998,17.099999999999998,19.7,14.3,14.0,17.400000000000002,"rgb(236,209,19)"
46.0,17.5,18.5,19.8,22.0,14.7,14.2,15.7,18.5,17.5,14.9,19.3,23.4,19.2,17.4,21.0,"rgb(216,203,39)"
56.0,12.6,17.0,18.2,21.8,12.2,11.8,13.5,16.9,16.1,15.7,17.4,22.5,17.1,16.8,20.4,"rgb(237,227,18)"
46.25,11.1,15.2,16.0,18.6,12.3,11.8,13.7,14.6,14.8,13.5,15.5,20.7,13.9,15.0,18.6,"rgb(253,202,2)"
49.55333333333334,11.099999999999998,16.2,16.900000000000002,19.4,13.2,12.599999999999998,14.400000000000002,15.7,15.8,12.2,16.8,20.7,13.0,15.400000000000002,18.3,"rgb(252,202,3)"
48.52555555555556,11.900000000000002,15.7,17.5,20.2,13.099999999999998,12.5,13.8,15.900000000000002,15.2,13.0,17.099999999999998,21.6,14.0,16.599999999999998,19.4,"rgb(250,199,5)"
47.288999999999994,13.5,16.0,17.0,19.6,14.0,12.5,14.0,15.599999999999998,15.7,12.900000000000002,16.800000000000004,22.2,16.900000000000002,17.800000000000004,21.2,"rgb(239,191,16)"
45.87222222222222,15.5,19.0,18.8,20.6,16.400000000000002,16.599999999999998,16.900000000000002,18.4,18.1,14.8,18.8,23.0,18.1,17.099999999999998,20.6,"rgb(221,204,34)"
56.0,12.2,18.8,18.9,21.8,14.5,14.6,16.2,17.4,17.8,14.0,18.7,21.4,15.6,15.1,19.2,"rgb(239,229,16)"
47.88500000000001,11.7,17.099999999999998,17.300000000000004,19.300000000000004,14.599999999999998,14.2,15.0,14.900000000000002,15.8,12.0,16.599999999999998,19.4,14.400000000000002,14.5,17.300000000000004,"rgb(240,216,15)"
47.857,15.0,17.300000000000004,17.800000000000004,20.0,16.5,15.400000000000002,16.099999999999998,15.599999999999998,16.5,11.599999999999998,17.300000000000004,20.6,16.400000000000002,15.400000000000002,18.2,"rgb(226,210,29)"
47.593,16.400000000000002,18.6,18.800000000000004,21.0,17.800000000000004,17.199999999999996,17.800000000000004,16.599999999999998,17.800000000000004,13.400000000000002,18.7,22.2,18.5,17.199999999999996,20.2,"rgb(216,208,39)"
49.423,17.300000000000004,20.5,21.4,22.7,18.300000000000004,18.7,19.1,18.5,19.7,15.400000000000002,20.5,23.800000000000004,19.9,19.4,22.1,"rgb(165,212,90)"
49.718,20.1,22.5,22.7,23.300000000000004,18.300000000000004,20.1,19.7,21.1,21.300000000000004,16.800000000000004,22.0,23.4,21.4,20.4,22.2,"rgb(136,211,119)"
54.12857142857143,20.0,22.800000000000004,23.300000000000004,24.5,18.3,19.8,20.1,21.1,21.5,17.2,22.800000000000004,23.4,22.0,21.5,23.300000000000004,"rgb(133,218,122)"
57.0,19.6,22.4,22.4,23.8,17.8,19.4,20.1,20.3,21.4,16.4,22.2,23.9,22.1,21.0,23.1,"rgb(136,225,119)"
51.97000000000001,19.7,23.4,24.4,25.1,19.9,20.0,21.7,21.9,22.9,17.0,24.2,25.0,22.7,21.800000000000004,23.4,"rgb(108,196,147)"
52.43899999999999,14.900000000000002,19.7,21.7,24.6,15.3,15.400000000000002,17.699999999999996,18.9,19.0,16.199999999999996,20.4,24.5,18.300000000000004,18.5,21.800000000000004,"rgb(169,120,86)"
52.56299999999999,11.0,13.099999999999998,14.400000000000002,19.300000000000004,10.900000000000002,9.8,11.5,12.7,12.099999999999998,12.400000000000002,13.7,21.6,13.900000000000002,14.5,17.800000000000004,"rgb(183,113,72)"
52.80222222222221,10.2,12.099999999999998,12.599999999999998,16.0,11.2,9.9,11.3,11.3,11.5,10.6,12.400000000000002,19.1,12.5,13.5,15.400000000000002,"rgb(202,141,53)"
51.588888888888896,13.599999999999998,15.8,17.400000000000002,20.1,13.599999999999998,12.3,13.900000000000002,15.400000000000002,15.3,12.8,16.7,22.0,14.7,15.599999999999998,18.1,"rgb(200,169,55)"
52.625,16.599999999999998,18.4,20.5,22.300000000000004,15.7,14.7,16.400000000000002,18.0,17.8,17.099999999999998,19.2,24.6,18.6,20.2,21.5,"rgb(172,113,83)"
56.0,11.3,15.3,15.9,18.8,13.1,11.7,13.6,14.0,14.7,14.3,15.3,21.0,14.7,15.1,18.0,"rgb(209,155,46)"
54.28,12.400000000000002,14.8,15.3,19.0,13.400000000000002,11.5,12.900000000000002,14.2,14.2,12.2,15.0,20.4,14.099999999999998,14.7,16.8,"rgb(198,169,57)"
54.375,14.400000000000002,17.0,19.7,21.9,14.900000000000002,13.7,15.3,16.800000000000004,16.800000000000004,15.0,18.300000000000004,23.6,17.800000000000004,17.300000000000004,19.6,"rgb(185,168,70)"
54.903,17.900000000000006,19.7,21.4,23.4,17.5,16.699999999999996,17.5,19.800000000000004,19.0,17.099999999999998,20.6,25.300000000000004,19.4,20.6,22.4,"rgb(144,224,111)"
55.11899999999999,18.6,22.800000000000004,25.0,25.6,19.6,18.9,20.6,22.800000000000004,22.9,19.6,24.800000000000004,26.4,21.2,22.7,24.800000000000004,"rgb(172,113,83)"
54.34,18.4,22.7,24.2,25.9,18.5,18.2,20.9,22.300000000000004,22.300000000000004,17.800000000000004,23.6,26.2,21.9,22.9,24.6,"rgb(135,150,120)"
55.09333333333333,16.599999999999998,19.4,21.7,24.4,17.599999999999994,16.599999999999998,18.0,19.1,18.7,15.599999999999998,20.0,24.0,19.2,18.8,21.800000000000004,"rgb(179,169,76)"
60.0,15.7,17.7,19.3,22.8,16.9,15.4,16.9,17.3,17.4,14.5,18.3,23.8,17.6,17.8,20.7,"rgb(193,165,62)"
56.273999999999994,18.1,19.300000000000004,20.2,23.6,17.5,16.5,17.599999999999994,19.300000000000004,18.7,15.0,19.7,24.300000000000004,19.9,18.7,20.1,"rgb(182,171,73)"
57.04900000000002,15.900000000000002,18.5,20.6,24.1,15.5,15.099999999999998,16.300000000000004,18.4,17.900000000000006,15.7,19.6,24.800000000000004,18.1,19.2,22.300000000000004,"rgb(172,112,83)"
55.56909090909091,10.099999999999998,13.900000000000004,14.2,17.300000000000004,11.599999999999996,10.3,12.2,12.8,12.900000000000004,14.0,13.900000000000004,20.1,13.3,14.099999999999996,17.099999999999998,"rgb(212,154,43)"
55.18899999999999,9.400000000000002,12.0,12.400000000000002,14.900000000000002,10.5,9.099999999999998,10.900000000000002,11.0,11.599999999999998,9.7,12.400000000000002,17.900000000000006,12.400000000000002,12.8,15.099999999999998,"rgb(198,135,57)"
57.615,10.599999999999998,15.5,15.7,17.699999999999996,12.7,12.2,14.0,14.400000000000002,14.900000000000002,10.2,15.2,19.2,14.0,13.0,15.5,"rgb(240,225,15)"
57.75666666666666,10.3,15.400000000000002,16.0,19.0,12.900000000000002,12.099999999999998,13.7,14.3,15.0,9.6,15.400000000000002,20.1,14.0,13.5,17.5,"rgb(242,222,13)"
60.0,12.7,16.5,17.0,19.5,15.0,14.5,15.2,14.6,15.9,11.7,16.2,20.5,15.1,14.9,17.8,"rgb(232,224,23)"
56.08300000000001,16.300000000000004,19.1,19.9,21.2,16.900000000000002,16.800000000000004,17.300000000000004,17.099999999999998,18.1,14.099999999999998,18.5,22.2,18.5,16.5,19.0,"rgb(215,216,40)"
57.68599999999999,17.800000000000004,21.7,22.5,23.800000000000004,17.900000000000006,18.9,19.800000000000004,20.0,20.6,16.599999999999998,21.4,24.4,20.300000000000004,17.800000000000004,20.4,"rgb(164,222,91)"
57.063,17.800000000000004,23.4,23.9,24.800000000000004,17.699999999999996,18.2,19.800000000000004,22.2,22.300000000000004,18.2,23.7,25.0,21.5,21.300000000000004,23.2,"rgb(132,223,123)"
56.92700000000001,18.1,23.0,23.2,24.800000000000004,20.1,20.1,21.300000000000004,21.6,21.5,17.199999999999996,22.7,24.1,20.4,20.0,22.5,"rgb(136,225,119)"
56.892,20.4,24.1,24.7,25.5,21.1,21.4,22.1,23.2,23.2,18.2,24.300000000000004,25.800000000000004,23.2,22.0,23.1,"rgb(132,221,123)"
55.86899999999999,21.9,24.9,25.6,26.2,23.0,22.6,25.2,23.300000000000004,24.300000000000004,18.800000000000004,25.5,26.4,23.800000000000004,23.5,24.800000000000004,"rgb(97,201,158)"
43.66,21.2,24.6,25.5,26.0,21.6,22.2,24.0,23.5,24.2,20.1,25.0,25.9,22.9,23.3,25.5,"rgb(104,184,151)"
58.0,22.2,24.8,25.6,26.0,21.0,21.5,22.1,23.7,23.3,19.9,24.9,26.3,24.0,24.1,25.2,"rgb(120,215,135)"
58.73666666666665,23.5,25.7,27.2,27.4,22.7,22.6,24.6,24.6,25.300000000000004,21.6,26.2,27.800000000000004,25.2,25.5,26.2,"rgb(101,200,154)"
58.71222222222222,24.4,27.2,28.2,28.1,25.2,24.4,27.300000000000004,25.5,26.7,22.2,27.5,28.5,26.300000000000004,26.0,26.800000000000004,"rgb(95,199,160)"
58.134444444444455,21.9,25.9,27.1,27.2,21.800000000000004,22.1,23.800000000000004,24.6,25.300000000000004,21.1,26.6,28.0,24.0,26.1,26.800000000000004,"rgb(104,202,151)"
58.46,22.0,25.2,25.9,27.4,20.8,21.2,22.800000000000004,24.1,24.2,20.4,25.5,27.2,22.6,25.0,26.1,"rgb(106,204,149)"
58.529,21.5,24.300000000000004,25.7,26.4,20.9,20.300000000000004,22.800000000000004,23.1,23.4,19.300000000000004,25.0,27.1,22.6,24.4,25.7,"rgb(128,85,127)"
57.0,18.3,22.6,23.5,24.5,19.4,18.8,20.6,21.7,21.6,17.4,22.8,24.8,20.7,21.2,23.3,"rgb(116,70,139)"
58.36,20.5,23.6,24.5,26.0,21.0,20.0,21.1,23.0,23.0,18.6,24.1,26.5,23.0,23.300000000000004,23.9,"rgb(128,132,127)"
55.35,20.2,22.800000000000004,24.9,25.6,20.800000000000004,19.7,23.4,21.4,22.9,18.2,24.9,26.0,22.4,22.9,26.6,"rgb(175,112,80)"
52.46600000000001,19.800000000000004,23.9,24.800000000000004,25.6,20.5,20.0,22.1,23.0,23.5,19.1,24.7,26.1,21.1,21.9,24.300000000000004,"rgb(122,54,133)"
51.828,20.1,22.5,24.5,26.0,20.800000000000004,19.4,20.7,22.300000000000004,21.7,18.6,23.300000000000004,26.9,21.300000000000004,22.2,23.6,"rgb(121,61,134)"
49.232,22.800000000000004,26.300000000000004,27.1,27.6,23.4,23.4,25.800000000000004,25.2,25.7,21.6,26.6,27.7,24.6,25.0,26.1,"rgb(83,182,172)"
49.023999999999994,20.6,26.7,27.6,28.300000000000004,22.6,22.1,25.6,24.800000000000004,26.1,20.9,26.800000000000004,28.4,22.2,24.300000000000004,26.800000000000004,"rgb(96,186,159)"
48.0,17.3,22.3,24.8,27.4,18.0,17.4,19.7,21.8,21.8,19.3,23.7,27.4,21.2,22.7,25.5,"rgb(160,122,95)"
47.93600000000001,19.800000000000004,23.0,23.5,25.300000000000004,21.4,21.5,21.5,22.6,22.2,20.1,22.9,25.800000000000004,20.2,21.5,24.1,"rgb(145,205,110)"
48.49100000000001,23.9,24.7,25.7,27.800000000000004,22.5,22.5,23.6,23.5,23.9,20.6,24.6,27.9,24.300000000000004,24.1,26.4,"rgb(117,187,138)"
48.582,24.4,27.300000000000004,28.2,28.9,25.7,25.300000000000004,27.7,26.2,27.0,22.800000000000004,28.0,28.9,26.1,26.800000000000004,28.0,"rgb(82,181,173)"
48.55777777777778,22.6,27.5,28.0,28.1,24.800000000000004,24.2,27.0,25.6,27.0,21.6,27.6,28.4,25.1,25.6,27.7,"rgb(21,132,234)"
47.17,23.5,27.4,28.2,28.300000000000004,24.800000000000004,24.5,26.800000000000004,25.6,26.9,21.5,27.5,28.300000000000004,25.800000000000004,26.1,27.5,"rgb(31,133,224)"
46.93,22.5,25.300000000000004,26.4,27.4,24.1,23.7,25.5,23.4,24.9,18.9,25.6,27.7,24.9,24.7,26.800000000000004,"rgb(119,118,136)"
46.0,22.5,25.4,27.8,28.1,23.4,23.3,24.5,24.5,24.8,19.9,26.1,27.7,24.6,24.9,26.5,"rgb(100,181,155)"
47.521,24.2,27.1,28.2,28.300000000000004,25.0,24.1,26.0,25.7,26.800000000000004,20.7,27.300000000000004,28.2,25.4,25.800000000000004,27.4,"rgb(75,148,180)"
45.79900000000001,23.800000000000004,26.4,27.9,28.2,24.800000000000004,24.9,26.9,24.6,25.7,19.800000000000004,27.4,28.800000000000004,25.300000000000004,25.1,27.6,"rgb(136,108,119)"
43.66454545454546,19.2,25.699999999999992,27.699999999999992,28.199999999999992,21.800000000000008,21.300000000000004,23.6,25.1,24.800000000000008,19.9,26.6,26.6,21.5,22.4,25.199999999999992,"rgb(130,131,125)"
41.77090909090909,18.5,24.699999999999992,25.300000000000008,27.0,21.0,21.2,22.800000000000008,23.5,23.199999999999992,19.4,24.1,24.4,21.1,19.300000000000004,22.4,"rgb(128,179,127)"
43.13,20.7,23.4,25.300000000000004,26.7,21.300000000000004,20.300000000000004,21.6,21.9,22.4,17.699999999999996,23.6,25.800000000000004,22.4,20.9,23.6,"rgb(111,176,144)"
43.31099999999999,20.800000000000004,22.9,25.2,27.6,22.0,20.7,22.2,21.5,22.2,18.2,23.300000000000004,27.6,22.9,23.800000000000004,25.7,"rgb(123,129,132)"
43.0,23.9,26.4,27.7,28.6,26.0,25.5,26.6,24.4,26.0,21.4,26.7,28.9,25.1,25.5,26.8,"rgb(73,145,182)"
43.062,24.1,27.800000000000004,28.1,28.800000000000004,26.5,26.2,28.2,25.800000000000004,27.1,21.2,27.5,29.0,26.300000000000004,26.5,28.6,"rgb(66,141,189)"
41.63636363636363,24.5,27.300000000000008,28.6,28.9,26.1,25.199999999999992,26.9,25.0,27.0,20.800000000000004,27.699999999999992,29.300000000000008,25.800000000000008,25.5,28.300000000000008,"rgb(77,147,178)"
41.648999999999994,24.0,28.2,29.1,29.300000000000004,26.2,25.9,27.9,26.9,28.2,21.6,29.0,29.6,26.1,26.300000000000004,28.4,"rgb(6,140,249)"
41.13636363636364,26.0,29.1,29.5,29.6,27.1,26.699999999999992,28.9,27.6,28.6,23.5,28.800000000000008,29.6,27.6,27.9,28.9,"rgb(73,143,182)"
40.29818181818182,25.699999999999992,29.1,29.6,29.4,27.4,26.800000000000008,28.199999999999992,27.5,28.300000000000008,22.699999999999992,28.800000000000008,29.6,27.199999999999992,27.800000000000008,29.0,"rgb(69,144,186)"
39.94222222222222,24.2,28.7,29.800000000000004,29.800000000000004,26.2,26.1,27.5,27.2,28.2,21.9,28.4,29.4,26.800000000000004,26.800000000000004,28.800000000000004,"rgb(18,133,237)"
42.0,23.7,29.2,30.0,30.0,27.5,26.5,28.8,27.0,29.0,22.0,29.8,29.8,26.8,27.6,29.1,"rgb(17,132,238)"
38.262,24.6,28.1,28.6,29.2,26.0,25.4,28.4,26.4,27.4,22.4,29.1,29.5,27.1,27.6,29.800000000000004,"rgb(118,102,137)"
35.9290909090909,18.6,25.6,25.699999999999992,27.0,20.800000000000004,20.6,22.6,24.699999999999992,24.699999999999992,19.9,26.1,26.1,21.300000000000004,21.300000000000004,24.199999999999992,"rgb(172,109,83)"
38.365,23.5,27.5,27.5,28.1,24.6,24.1,25.7,25.7,26.6,19.9,26.5,27.7,24.9,22.2,24.7,"rgb(68,118,187)"
35.93,24.4,28.300000000000004,28.300000000000004,28.7,26.6,25.9,27.6,26.1,27.6,20.7,28.0,28.5,26.5,25.1,27.300000000000004,"rgb(66,136,189)"
35.22181818181818,25.300000000000008,28.5,28.300000000000008,28.4,27.9,25.800000000000008,28.0,25.6,28.199999999999992,20.800000000000004,28.5,29.1,26.300000000000008,25.699999999999992,27.6,"rgb(17,73,238)"
35.501999999999995,24.9,28.800000000000004,28.4,29.0,26.7,26.2,27.800000000000004,25.6,27.800000000000004,21.0,28.5,29.300000000000004,26.800000000000004,25.800000000000004,27.800000000000004,"rgb(42,122,213)"
40.0,18.8,24.7,26.4,28.5,20.5,20.1,22.1,24.1,23.8,20.0,25.7,27.2,21.6,22.7,26.3,"rgb(130,125,125)"
34.508,16.900000000000002,22.800000000000004,24.5,27.5,19.7,18.7,20.5,22.1,22.1,19.7,23.300000000000004,26.5,19.800000000000004,21.4,24.4,"rgb(88,138,167)"
33.91090909090909,20.7,24.699999999999992,25.9,28.4,22.300000000000008,21.6,23.0,24.300000000000008,24.1,20.0,25.300000000000008,27.9,24.6,23.9,26.1,"rgb(77,130,178)"
35.908,21.2,26.7,27.5,28.800000000000004,23.0,23.4,24.9,25.4,25.9,20.7,26.800000000000004,28.0,25.0,24.0,26.0,"rgb(69,116,186)"
36.438,22.7,26.6,27.6,28.9,22.9,23.9,25.1,25.4,25.800000000000004,20.5,26.800000000000004,28.5,24.800000000000004,24.7,26.2,"rgb(63,114,192)"
34.63363636363636,23.199999999999992,25.699999999999992,26.1,27.1,24.199999999999992,23.4,25.0,24.199999999999992,25.199999999999992,19.6,25.699999999999992,27.5,25.1,24.4,26.0,"rgb(70,107,185)"
35.928888888888885,24.0,25.6,26.800000000000004,27.4,24.800000000000004,23.5,24.9,24.6,26.0,20.2,26.800000000000004,27.5,25.6,25.300000000000004,26.9,"rgb(102,67,153)"
36.0,24.3,26.8,27.3,27.9,25.7,25.1,26.6,25.5,27.4,21.4,28.1,27.3,25.9,25.6,27.6,"rgb(112,97,143)"
35.313,23.4,28.1,27.4,28.300000000000004,25.0,24.7,27.0,25.9,27.5,21.300000000000004,27.9,28.300000000000004,25.6,25.2,27.9,"rgb(64,101,191)"
34.762,23.800000000000004,27.9,28.5,28.7,25.300000000000004,24.9,26.9,26.300000000000004,27.5,21.4,28.300000000000004,28.9,25.6,25.1,28.1,"rgb(63,111,192)"
35.476000000000006,25.300000000000004,28.9,29.800000000000004,29.800000000000004,26.800000000000004,26.4,28.0,26.6,28.2,21.800000000000004,28.7,29.6,27.0,26.2,27.800000000000004,"rgb(55,109,200)"
33.800000000000004,25.699999999999992,30.6,30.9,31.0,28.0,26.699999999999992,29.699999999999992,28.0,29.9,23.4,30.9,30.4,28.1,27.9,29.699999999999992,"rgb(99,122,156)"
35.05,26.6,30.5,30.5,30.4,28.4,27.7,30.6,28.6,29.9,23.800000000000004,31.4,30.2,28.6,28.800000000000004,30.1,"rgb(8,131,247)"
32.93454545454545,27.800000000000008,30.199999999999992,30.1,30.199999999999992,28.9,28.6,30.4,28.5,29.6,22.1,30.5,30.199999999999992,29.5,28.800000000000008,30.0,"rgb(19,30,236)"
36.0,26.4,30.0,30.2,30.3,28.5,28.3,30.2,27.7,29.6,21.9,30.0,30.3,28.4,27.9,30.1,"rgb(18,131,237)"
34.229,27.5,30.2,30.4,30.6,28.9,28.7,30.800000000000004,28.0,30.1,22.9,30.6,30.4,28.9,27.800000000000004,29.800000000000004,"rgb(19,22,236)"
34.833,28.6,30.5,30.300000000000004,30.5,29.5,29.2,31.2,29.0,29.800000000000004,23.2,30.7,30.300000000000004,29.4,29.300000000000004,29.800000000000004,"rgb(18,27,237)"
32.522,24.4,29.7,30.1,30.2,26.300000000000004,26.9,29.800000000000004,28.5,29.2,22.300000000000004,30.1,30.300000000000004,26.9,27.4,29.300000000000004,"rgb(150,111,105)"
33.2775,26.600000000000005,29.899999999999995,30.199999999999992,30.600000000000005,27.899999999999995,28.0,30.5,28.800000000000008,30.199999999999992,23.6,30.800000000000008,30.600000000000005,28.399999999999995,29.399999999999995,30.100000000000005,"rgb(22,33,233)"
33.158,28.1,30.4,30.6,30.800000000000004,29.1,29.0,31.0,29.0,30.2,22.300000000000004,30.800000000000004,30.800000000000004,29.2,29.1,30.1,"rgb(19,29,236)"
32.89700000000001,24.2,28.300000000000004,28.800000000000004,29.800000000000004,27.300000000000004,26.6,28.6,26.800000000000004,27.0,21.4,28.800000000000004,30.6,26.6,26.800000000000004,29.4,"rgb(25,166,230)"
36.0,23.9,26.2,28.2,29.4,25.5,25.0,27.0,25.2,25.7,20.9,27.7,29.4,26.4,26.1,28.3,"rgb(114,122,141)"
31.236666666666665,24.0,28.1,28.9,29.5,26.800000000000004,26.6,27.9,26.5,28.0,20.9,28.9,29.300000000000004,26.6,25.300000000000004,27.800000000000004,"rgb(63,99,192)"
28.14,23.6,28.5,28.5,28.2,27.7,26.7,28.800000000000004,25.7,28.7,21.4,28.2,27.5,26.800000000000004,25.1,27.6,"rgb(10,73,245)"
28.8375,24.800000000000004,28.2,27.9,27.9,27.4,26.4,28.7,25.7,27.9,21.0,27.9,27.2,26.9,25.6,28.1,"rgb(14,67,241)"
30.0,24.4,24.8,25.1,26.0,26.0,24.7,26.5,24.0,25.0,19.6,25.8,26.5,27.0,24.2,25.6,"rgb(117,51,138)"
28.225000000000005,25.0,25.9,26.1,27.4,27.2,26.300000000000004,28.2,24.4,26.0,20.1,26.7,28.4,27.2,26.300000000000004,29.1,"rgb(96,38,159)"
29.0,24.6,26.3,25.2,26.7,27.2,26.9,28.0,24.3,25.9,20.1,26.7,28.5,26.6,24.0,27.1,"rgb(120,52,135)"
26.68090909090909,22.199999999999992,26.6,28.300000000000008,28.6,25.6,24.1,28.199999999999992,24.199999999999992,27.699999999999992,21.4,28.800000000000008,29.9,24.699999999999992,25.6,27.800000000000008,"rgb(153,110,102)"
28.084,26.300000000000004,28.800000000000004,29.1,30.1,28.800000000000004,28.5,30.5,25.9,28.6,23.2,30.0,30.4,27.7,28.2,29.6,"rgb(29,18,226)"
26.59454545454545,27.6,29.9,29.5,30.0,29.0,29.0,30.9,28.199999999999992,29.199999999999992,22.9,30.300000000000008,30.300000000000008,29.1,28.699999999999992,30.0,"rgb(44,30,211)"
26.60636363636364,25.4,29.4,30.0,29.9,28.1,27.9,29.9,26.699999999999992,29.199999999999992,22.800000000000008,29.699999999999992,30.199999999999992,28.5,28.199999999999992,30.1,"rgb(6,136,249)"
29.149,24.6,29.5,30.5,30.5,28.0,27.800000000000004,29.6,26.4,29.4,22.4,29.4,29.9,27.4,28.5,29.9,"rgb(4,139,251)"
29.19818181818182,25.800000000000008,29.800000000000008,29.1,30.5,28.300000000000008,28.0,29.4,27.300000000000008,29.1,22.0,28.199999999999992,29.9,28.4,27.9,29.699999999999992,"rgb(77,34,178)"
28.811,25.4,29.300000000000004,29.9,30.1,29.0,28.2,30.4,25.7,29.300000000000004,22.6,29.300000000000004,30.2,28.6,27.7,30.0,"rgb(10,71,245)"
27.679090909090906,27.4,29.800000000000008,30.699999999999992,30.300000000000008,29.300000000000008,28.6,30.699999999999992,28.4,29.9,23.300000000000008,30.5,30.300000000000008,29.4,28.5,30.1,"rgb(19,7,236)"
28.014000000000006,27.300000000000004,29.7,30.5,30.6,29.300000000000004,28.4,30.5,26.9,30.0,22.2,29.2,30.6,30.0,28.9,30.300000000000004,"rgb(12,71,243)"
25.811818181818186,26.6,28.800000000000008,30.6,30.6,29.199999999999992,27.4,30.699999999999992,26.5,29.800000000000008,22.699999999999992,29.0,30.4,29.5,28.6,29.800000000000008,"rgb(11,69,244)"
26.38888888888889,26.1,29.800000000000004,30.9,31.1,29.300000000000004,27.9,30.7,27.6,30.300000000000004,23.800000000000004,29.6,30.6,29.5,28.300000000000004,29.800000000000004,"rgb(16,10,239)"
25.6,25.9,30.5,30.7,30.800000000000004,29.5,28.6,30.5,27.800000000000004,30.2,22.5,29.6,30.2,28.300000000000004,28.1,30.1,"rgb(29,6,226)"
25.0,26.8,30.7,30.7,31.2,29.7,29.0,30.5,27.9,29.8,23.1,29.5,30.2,29.1,28.8,30.7,"rgb(43,11,212)"
23.764000000000006,26.5,29.800000000000004,31.5,31.800000000000004,28.300000000000004,27.2,29.2,28.0,29.4,23.0,30.4,30.2,29.9,29.1,30.0,"rgb(122,119,133)"
23.777000000000005,26.4,29.7,31.1,31.6,28.7,28.2,29.6,27.6,30.0,23.300000000000004,30.7,30.0,29.4,28.9,30.1,"rgb(12,72,243)"
23.700000000000006,25.7,28.7,30.4,31.300000000000004,28.300000000000004,28.1,30.2,26.9,28.1,22.0,29.1,30.2,28.300000000000004,28.4,30.2,"rgb(30,0,225)"
22.548,26.6,29.0,30.300000000000004,31.300000000000004,29.2,28.4,29.9,27.300000000000004,29.4,22.6,29.0,30.300000000000004,29.4,28.2,30.300000000000004,"rgb(27,0,228)"
22.618,25.6,27.9,31.0,31.300000000000004,28.4,26.6,29.4,26.800000000000004,29.1,22.2,29.800000000000004,30.300000000000004,29.2,28.9,30.2,"rgb(106,115,149)"
22.434545454545454,26.5,27.800000000000008,30.300000000000008,30.9,28.5,26.800000000000008,29.199999999999992,26.4,28.800000000000008,22.199999999999992,29.6,30.199999999999992,29.800000000000008,28.9,30.4,"rgb(24,44,231)"
21.0,27.0,28.3,30.3,32.0,28.8,27.1,29.4,26.6,28.9,22.8,28.8,30.5,30.1,28.8,30.7,"rgb(38,11,217)"
22.10666666666667,27.6,29.6,30.4,31.4,29.9,28.6,29.7,27.9,29.5,22.5,29.7,30.1,29.6,28.2,29.6,"rgb(41,9,214)"
20.695,27.9,29.9,30.4,30.9,30.7,29.1,30.800000000000004,27.6,29.7,22.7,29.1,30.0,29.6,28.9,30.800000000000004,"rgb(45,13,210)"
21.272,25.5,29.800000000000004,30.2,30.7,29.0,28.1,30.4,27.7,29.4,21.800000000000004,29.300000000000004,29.1,28.6,26.9,29.5,"rgb(19,114,236)"
19.6025,26.0,28.1,27.0,27.9,27.6,27.4,28.300000000000004,27.4,27.2,21.6,27.800000000000004,27.800000000000004,27.5,24.800000000000004,26.5,"rgb(98,79,157)"
20.756666666666668,25.9,27.0,27.800000000000004,29.0,27.9,27.300000000000004,28.800000000000004,25.800000000000004,26.1,21.4,27.2,29.2,28.2,27.1,29.0,"rgb(79,39,176)"
19.9,25.4,28.7,26.800000000000004,27.800000000000004,27.6,28.1,30.7,27.300000000000004,28.0,20.8,27.7,28.300000000000004,27.6,27.7,28.300000000000004,"rgb(91,50,164)"
20.0,25.2,28.6,25.8,28.5,28.1,27.7,30.2,26.2,27.6,20.8,27.0,28.8,27.8,27.9,28.8,"rgb(99,44,156)"
21.050909090909084,25.4,29.0,26.9,28.800000000000008,29.1,28.800000000000008,30.800000000000008,27.199999999999992,28.5,21.1,27.800000000000008,28.9,27.9,28.1,28.800000000000008,"rgb(69,31,186)"
23.011999999999997,26.2,30.5,29.5,29.1,29.2,28.9,31.2,28.5,29.9,22.800000000000004,30.4,29.7,28.800000000000004,28.4,30.0,"rgb(23,24,232)"
23.181,26.300000000000004,30.4,30.300000000000004,30.0,29.300000000000004,28.800000000000004,31.0,28.2,30.1,22.6,30.6,30.1,28.9,28.6,30.6,"rgb(1,133,254)"
22.588999999999995,27.300000000000004,30.6,30.2,30.4,29.6,29.1,31.300000000000004,28.800000000000004,30.1,23.2,30.2,30.300000000000004,29.800000000000004,29.300000000000004,30.6,"rgb(17,26,238)"
23.421,27.5,30.5,30.7,30.800000000000004,29.9,29.2,31.4,28.7,30.0,23.0,30.4,30.7,29.9,29.4,30.800000000000004,"rgb(17,22,238)"
22.868000000000002,25.800000000000004,30.300000000000004,30.300000000000004,30.5,29.5,28.5,31.300000000000004,27.9,29.9,22.1,29.9,30.5,29.6,28.2,31.0,"rgb(11,113,244)"
26.0,24.6,28.7,29.1,29.3,29.0,27.5,29.6,25.2,28.1,21.5,28.7,29.8,28.3,26.7,30.3,"rgb(2,132,253)"
24.09222222222223,25.6,27.7,29.300000000000004,29.7,28.2,26.9,29.300000000000004,25.9,29.2,21.3,28.4,29.7,28.6,27.300000000000004,30.6,"rgb(25,42,230)"
24.038888888888888,25.7,28.7,30.1,30.1,28.800000000000004,27.9,29.9,26.6,29.5,23.0,29.5,30.1,29.4,28.300000000000004,30.4,"rgb(16,62,239)"
23.569000000000006,26.6,29.4,30.300000000000004,30.6,28.9,27.800000000000004,30.1,27.5,29.6,23.6,30.1,30.1,29.5,28.1,30.1,"rgb(20,2,235)"
22.57181818181818,26.6,29.9,30.5,30.699999999999992,29.199999999999992,28.5,30.4,28.4,29.5,23.4,30.199999999999992,30.0,29.300000000000008,28.4,30.4,"rgb(29,4,226)"
23.761000000000006,26.5,30.1,30.2,30.5,29.300000000000004,28.6,30.300000000000004,28.5,29.6,23.5,30.300000000000004,30.6,29.4,28.2,30.7,"rgb(24,6,231)"
25.073,26.5,30.5,30.6,30.6,29.4,29.1,30.6,28.5,29.800000000000004,22.9,30.5,30.4,29.0,28.1,30.7,"rgb(25,5,230)"
26.0,27.1,30.1,31.2,31.1,28.7,28.3,29.9,28.6,29.4,22.4,30.8,30.5,29.2,28.0,30.8,"rgb(31,11,224)"
25.979000000000006,26.5,30.4,31.0,31.1,29.1,28.300000000000004,30.4,28.5,29.7,22.5,30.6,30.7,29.5,27.300000000000004,30.1,"rgb(30,11,225)"
27.811,27.300000000000004,30.5,30.800000000000004,30.9,29.6,28.300000000000004,30.9,28.4,30.2,22.300000000000004,30.7,31.1,29.800000000000004,27.300000000000004,30.6,"rgb(19,14,236)"
27.656999999999996,27.5,30.5,30.4,30.800000000000004,30.2,29.1,31.300000000000004,29.5,30.6,22.800000000000004,30.5,31.2,30.0,28.6,31.0,"rgb(25,11,230)"
26.82,27.4,29.1,30.1,30.300000000000008,29.699999999999992,28.5,30.6,28.1,30.1,23.1,29.699999999999992,30.300000000000008,30.0,28.199999999999992,30.6,"rgb(25,9,230)"
27.77,26.9,29.4,29.6,29.800000000000004,30.300000000000004,29.300000000000004,30.5,27.7,29.5,22.9,28.4,30.1,29.4,27.4,30.5,"rgb(50,18,205)"
29.28,27.7,31.2,29.5,29.800000000000004,30.5,30.0,31.4,28.9,30.6,23.5,30.800000000000004,30.0,29.7,28.0,29.9,"rgb(72,89,183)"
28.0,27.3,29.5,28.1,29.3,30.1,27.3,29.5,26.8,28.5,22.4,28.1,29.3,29.7,24.0,27.4,"rgb(92,85,163)"
29.465,26.300000000000008,28.100000000000005,30.300000000000008,30.899999999999995,28.800000000000008,26.300000000000008,28.600000000000005,27.0,28.199999999999992,22.300000000000008,28.899999999999995,28.5,29.5,27.0,28.800000000000008,"rgb(111,119,144)"
30.482,25.800000000000004,29.2,29.9,30.2,29.0,27.9,29.800000000000004,27.7,28.7,23.0,29.1,29.0,29.1,27.7,29.4,"rgb(28,4,227)"
32.63666666666666,27.1,29.9,30.4,30.6,29.800000000000004,28.5,30.1,28.5,29.300000000000004,23.4,29.9,29.800000000000004,29.800000000000004,28.4,30.0,"rgb(25,8,230)"
32.90777777777778,27.0,29.7,30.0,30.5,28.800000000000004,28.2,30.1,28.2,28.9,23.0,29.7,30.2,29.800000000000004,28.7,30.4,"rgb(34,20,221)"
32.79799999999999,26.4,30.0,30.0,30.0,29.2,29.0,30.300000000000004,26.9,29.5,22.2,30.0,29.9,30.300000000000004,27.2,30.300000000000004,"rgb(66,90,189)"
32.731,26.5,30.1,30.0,30.2,29.6,28.5,29.800000000000004,27.4,29.300000000000004,22.9,30.6,29.5,29.1,26.800000000000004,30.2,"rgb(33,62,222)"
28.0,26.5,30.2,29.6,29.9,29.2,28.7,30.0,28.4,29.7,22.6,30.3,29.4,30.0,28.2,30.5,"rgb(92,59,163)"
33.168000000000006,26.7,29.800000000000004,29.300000000000004,30.2,29.2,28.2,29.9,27.800000000000004,29.6,22.6,29.2,28.6,30.1,28.1,30.4,"rgb(58,55,197)"
32.99363636363637,26.800000000000008,28.1,28.9,29.4,29.800000000000008,28.300000000000008,29.699999999999992,27.6,29.800000000000008,22.5,29.300000000000008,29.800000000000008,29.300000000000008,27.699999999999992,30.0,"rgb(69,92,186)"
36.18900000000001,26.4,27.800000000000004,28.5,28.9,27.0,25.9,27.6,27.6,28.2,22.0,28.5,28.9,28.7,26.7,28.300000000000004,"rgb(135,106,120)"
35.664,26.300000000000004,26.1,26.9,27.0,28.6,26.0,26.9,25.800000000000004,26.800000000000004,20.4,26.4,26.7,28.7,25.9,26.4,"rgb(99,66,156)"
33.75090909090908,25.5,26.800000000000008,26.4,27.1,27.1,25.699999999999992,27.300000000000008,26.199999999999992,27.0,21.5,28.1,26.6,27.5,25.5,26.1,"rgb(84,61,171)"
39.09200000000001,27.5,29.1,28.5,28.5,28.9,27.9,29.1,27.800000000000004,28.7,22.4,29.0,27.2,28.7,27.300000000000004,28.6,"rgb(65,50,190)"
36.6875,27.7,29.3,29.0,28.6,28.5,28.1,29.2,27.2,28.1,21.7,28.2,26.6,29.2,27.5,28.1,"rgb(69,52,186)"
38.57272727272728,27.300000000000008,27.9,27.300000000000008,27.1,28.199999999999992,26.699999999999992,28.1,26.300000000000008,27.4,21.4,28.0,27.4,29.300000000000008,28.199999999999992,27.6,"rgb(88,63,167)"
39.11727272727273,25.6,27.6,27.300000000000008,28.1,28.300000000000008,26.6,28.0,26.800000000000008,27.5,22.1,28.199999999999992,28.4,28.9,27.0,28.1,"rgb(89,61,166)"
39.655,24.9,27.5,27.8,28.4,28.8,27.1,28.8,25.5,27.9,21.8,27.9,28.9,27.5,26.6,28.2,"rgb(7,158,248)"
40.78,25.4,28.5,29.0,29.1,28.7,27.9,29.2,27.1,28.5,22.7,28.9,28.800000000000004,28.300000000000004,26.800000000000004,29.300000000000004,"rgb(45,60,210)"
40.03363636363636,26.699999999999992,28.6,29.699999999999992,29.6,28.9,28.1,29.199999999999992,28.0,28.9,22.5,29.1,29.300000000000008,29.0,27.4,29.800000000000008,"rgb(49,52,206)"
46.0,26.4,29.9,30.1,30.0,29.4,28.7,30.0,28.9,29.4,22.7,30.0,29.8,29.1,27.5,29.9,"rgb(45,53,210)"
40.5790909090909,26.199999999999992,30.300000000000008,30.300000000000008,30.0,29.0,28.4,29.800000000000008,29.0,29.6,23.300000000000008,30.199999999999992,29.4,29.699999999999992,27.800000000000008,29.800000000000008,"rgb(48,53,207)"
40.44272727272728,25.9,30.4,30.1,30.4,28.9,28.800000000000008,30.0,28.9,29.699999999999992,23.4,29.9,29.4,29.6,28.199999999999992,30.300000000000008,"rgb(54,44,201)"
41.597,26.5,30.2,30.0,30.2,28.9,28.4,30.0,28.9,29.300000000000004,23.1,29.7,29.5,29.800000000000004,28.7,30.7,"rgb(50,56,205)"
39.905454545454546,27.1,30.1,30.0,30.4,29.1,29.1,30.199999999999992,28.5,29.5,22.9,30.0,29.4,29.9,28.5,30.4,"rgb(47,53,208)"
40.35999999999999,24.800000000000008,30.199999999999992,30.1,30.6,28.1,26.699999999999992,28.9,28.800000000000008,29.800000000000008,22.9,29.800000000000008,29.5,28.5,27.5,30.4,"rgb(15,123,240)"
42.669,23.1,28.4,30.0,30.300000000000004,25.800000000000004,24.9,26.9,27.9,28.300000000000004,22.7,29.5,29.5,26.300000000000004,25.5,28.9,"rgb(24,128,231)"
47.0,23.3,28.6,27.8,29.5,26.9,26.8,28.2,27.4,27.6,21.9,28.5,28.6,26.6,24.1,26.3,"rgb(58,43,197)"
41.014545454545456,23.6,27.4,27.9,28.199999999999992,27.0,26.699999999999992,27.800000000000008,25.5,26.199999999999992,19.7,27.300000000000008,28.5,26.800000000000008,23.6,25.800000000000008,"rgb(51,64,204)"
43.71454545454546,24.300000000000008,28.300000000000008,28.4,29.5,26.800000000000008,26.6,28.4,26.699999999999992,27.9,21.4,28.4,28.699999999999992,27.199999999999992,24.5,27.0,"rgb(48,57,207)"
42.36363636363637,24.9,29.199999999999992,29.199999999999992,29.5,27.800000000000008,27.1,29.6,27.300000000000008,28.5,22.300000000000008,29.6,29.6,27.800000000000008,26.1,28.5,"rgb(42,54,213)"
42.645,25.2,28.300000000000004,26.0,26.7,27.7,26.9,29.300000000000004,26.4,27.6,21.2,27.5,27.1,28.1,26.2,27.4,"rgb(107,56,148)"
44.69000000000001,25.4,27.6,27.5,28.1,26.300000000000004,25.800000000000004,27.0,26.4,27.0,21.7,27.4,27.4,28.2,26.7,28.1,"rgb(143,108,112)"
44.99888888888889,26.9,28.7,27.800000000000004,28.4,28.4,27.7,28.800000000000004,27.300000000000004,28.6,21.6,28.0,28.4,28.6,26.9,28.2,"rgb(18,67,237)"
47.0,25.4,29.2,28.1,28.6,28.5,28.3,29.9,27.2,28.7,22.2,27.8,27.2,28.1,26.6,29.1,"rgb(75,36,180)"
44.355,24.7,27.6,26.2,26.800000000000004,26.4,26.0,27.300000000000004,26.2,26.800000000000004,20.800000000000004,26.4,27.300000000000004,28.1,25.800000000000004,28.300000000000004,"rgb(105,44,150)"
42.127,24.300000000000004,27.300000000000004,28.2,28.5,26.1,25.0,27.6,26.0,27.4,21.6,28.2,28.800000000000004,26.6,26.1,28.5,"rgb(3,154,252)"
41.677,23.800000000000004,27.6,28.9,29.2,26.800000000000004,25.5,28.0,25.6,27.1,21.6,28.5,29.1,26.300000000000004,25.9,28.7,"rgb(11,160,244)"
39.15222222222222,25.300000000000004,29.0,29.6,29.9,27.9,27.2,28.6,27.1,28.5,22.6,29.0,29.2,27.2,27.0,29.300000000000004,"rgb(27,135,228)"
40.8,24.4,28.8,29.4,30.1,26.0,25.7,27.6,27.5,28.4,22.1,28.7,29.2,27.8,27.0,29.5,"rgb(22,132,233)"
38.25272727272728,25.6,28.800000000000008,28.4,29.800000000000008,27.5,26.9,27.699999999999992,27.4,27.9,21.4,28.300000000000008,28.9,27.6,26.300000000000008,29.1,"rgb(42,140,213)"
38.485833333333346,25.4,28.399999999999995,26.199999999999992,26.399999999999995,27.600000000000005,27.399999999999995,27.399999999999995,26.300000000000008,26.899999999999995,21.0,26.699999999999992,26.0,27.100000000000005,24.1,26.100000000000005,"rgb(106,68,149)"
36.37125,25.6,26.1,27.1,28.2,26.7,26.1,27.1,24.800000000000004,25.800000000000004,20.6,27.2,28.7,27.5,22.9,26.800000000000004,"rgb(106,57,149)"
25.49,26.6,28.4,28.7,29.8,27.6,27.3,28.6,25.9,27.9,21.7,28.1,29.6,28.0,25.9,28.4,"rgb(32,24,223)"
33.395,23.6,26.5,28.4,29.1,25.5,24.0,26.1,25.0,26.8,19.9,28.0,28.9,27.0,25.1,29.0,"rgb(3,153,252)"
38.51600000000001,22.300000000000004,27.4,28.4,29.4,25.9,25.0,26.9,26.0,27.1,21.5,28.0,29.0,27.7,26.0,28.0,"rgb(3,134,252)"
36.65,22.5,27.5,27.8,27.4,25.2,24.6,26.4,25.9,26.8,21.0,27.6,26.9,26.0,23.1,25.2,"rgb(84,105,171)"
35.62000000000001,21.3,27.4,27.7,28.300000000000004,24.7,24.800000000000004,26.5,25.800000000000004,26.4,21.5,27.1,28.2,24.2,23.800000000000004,26.9,"rgb(57,152,198)"
37.129090909090905,22.9,28.1,27.9,28.699999999999992,26.1,26.1,26.800000000000008,25.6,27.1,21.6,27.300000000000008,28.6,24.9,23.5,27.4,"rgb(68,155,187)"
38.471,22.800000000000004,28.300000000000004,28.0,28.300000000000004,26.4,25.9,27.2,26.5,27.6,22.1,27.7,28.300000000000004,24.6,25.0,27.6,"rgb(39,151,216)"
36.94818181818181,22.5,28.699999999999992,28.300000000000008,28.800000000000008,26.4,25.9,27.4,27.1,27.5,21.6,28.0,28.699999999999992,24.9,24.4,26.5,"rgb(70,97,185)"
37.195,23.4,28.300000000000004,28.2,29.0,26.2,26.0,26.800000000000004,27.0,27.4,21.800000000000004,27.9,28.9,25.800000000000004,25.6,27.9,"rgb(65,138,190)"
36.524,23.0,28.5,28.300000000000004,29.4,26.5,26.300000000000004,27.300000000000004,27.300000000000004,27.4,21.9,27.800000000000004,29.1,25.6,25.800000000000004,28.2,"rgb(56,132,199)"
35.0,23.6,29.0,28.7,29.9,26.0,26.5,27.4,27.3,27.8,21.7,28.5,29.5,27.5,27.0,29.7,"rgb(9,129,246)"
36.85111111111111,24.7,26.800000000000004,26.4,27.4,26.7,25.300000000000004,26.800000000000004,24.9,26.300000000000004,20.5,26.7,27.9,26.5,25.2,28.0,"rgb(3,157,252)"
28.514285714285712,26.300000000000004,26.300000000000004,25.800000000000004,27.6,27.1,25.7,27.5,25.300000000000004,24.7,21.4,26.2,29.6,28.6,25.6,28.300000000000004,"rgb(117,52,138)"
37.239000000000004,26.2,27.6,27.7,29.1,26.800000000000004,25.6,27.0,25.5,24.800000000000004,22.0,28.4,28.9,28.0,25.9,26.7,"rgb(87,44,168)"
35.70545454545454,24.5,28.5,28.9,28.5,26.6,26.4,27.800000000000008,27.1,29.4,22.300000000000008,28.5,28.9,27.300000000000008,25.9,28.0,"rgb(61,107,194)"
35.377272727272725,25.4,27.699999999999992,27.699999999999992,28.0,27.800000000000008,26.800000000000008,27.800000000000008,26.1,27.5,21.1,27.800000000000008,27.0,27.199999999999992,24.6,25.9,"rgb(88,89,167)"
33.18833333333333,24.1,26.699999999999992,27.699999999999992,27.199999999999992,25.899999999999995,24.199999999999992,26.5,24.6,26.699999999999992,19.6,26.899999999999995,27.0,25.6,22.9,24.300000000000008,"rgb(99,80,156)"
33.434999999999995,23.9,26.0,25.5,26.6,25.4,24.2,26.1,24.4,25.7,20.0,25.9,26.0,26.300000000000004,23.300000000000004,24.300000000000004,"rgb(103,74,152)"
35.55299999999999,20.800000000000004,25.0,24.4,26.5,21.7,21.5,23.4,23.5,24.1,20.300000000000004,24.7,25.9,23.5,23.0,23.9,"rgb(102,77,153)"
30.0,21.3,25.3,24.4,26.7,22.1,21.4,23.3,24.0,24.7,20.8,24.7,25.7,24.0,23.9,25.0,"rgb(90,89,165)"
35.71272727272728,23.199999999999992,26.6,26.300000000000008,27.5,23.5,22.699999999999992,24.300000000000008,25.699999999999992,26.6,20.9,26.5,27.800000000000008,25.800000000000008,25.300000000000008,26.4,"rgb(68,114,187)"
34.158181818181816,21.6,26.699999999999992,26.9,28.0,22.9,22.4,24.199999999999992,25.1,26.199999999999992,20.9,26.800000000000008,28.4,25.0,25.800000000000008,27.6,"rgb(2,149,253)"
33.973333333333336,21.6,26.5,26.300000000000008,28.100000000000005,24.1,23.5,24.9,25.0,26.199999999999992,20.300000000000004,26.100000000000005,28.199999999999992,25.300000000000008,22.800000000000008,27.0,"rgb(72,125,183)"
36.38818181818182,22.6,26.9,26.4,28.4,24.300000000000008,24.6,25.6,25.300000000000008,26.300000000000008,21.1,26.1,28.300000000000008,25.699999999999992,24.699999999999992,27.1,"rgb(63,130,192)"
36.589090909090906,23.6,27.9,27.4,28.4,26.5,26.9,27.5,26.1,27.5,21.699999999999992,27.6,28.699999999999992,25.6,25.0,28.0,"rgb(10,150,245)"
37.669,25.0,28.1,27.9,28.6,28.300000000000004,27.0,28.0,26.300000000000004,27.6,22.7,28.2,28.9,26.7,24.4,27.300000000000004,"rgb(64,133,191)"
30.0,25.1,28.7,28.2,28.7,27.9,27.9,28.7,26.9,27.9,22.7,28.5,28.7,26.5,25.4,27.6,"rgb(26,165,229)"
39.547,25.1,28.7,28.300000000000004,29.0,28.1,27.300000000000004,28.5,27.1,28.1,21.800000000000004,28.4,29.2,26.800000000000004,25.300000000000004,27.7,"rgb(59,138,196)"
36.370909090909095,25.199999999999992,28.699999999999992,28.0,28.6,28.1,26.800000000000008,28.0,27.0,27.6,22.300000000000008,28.0,29.0,26.9,25.5,28.1,"rgb(44,138,211)"
38.965,25.9,28.7,28.5,29.7,29.300000000000004,27.4,29.0,27.0,28.4,23.5,28.5,28.7,28.0,24.4,27.5,"rgb(86,88,169)"
38.769,25.9,28.1,28.7,30.1,27.5,27.1,29.0,26.4,27.800000000000004,22.1,28.9,29.5,27.6,25.2,28.9,"rgb(73,93,182)"
38.567,25.300000000000004,28.6,29.300000000000004,29.4,27.4,26.6,28.6,27.4,28.1,23.0,29.4,29.300000000000004,27.7,26.800000000000004,28.1,"rgb(82,118,173)"
38.994,24.300000000000004,28.7,28.5,29.0,26.6,26.0,28.300000000000004,26.7,28.4,22.300000000000004,28.7,28.9,26.5,26.5,28.5,"rgb(45,137,210)"
41.85,23.1,28.5,28.3,29.2,26.1,26.1,27.9,27.1,28.0,21.7,28.2,28.4,25.1,24.6,27.5,"rgb(74,142,181)"
37.68636363636364,25.1,27.9,27.699999999999992,28.800000000000008,26.199999999999992,26.300000000000008,27.4,26.300000000000008,27.4,21.800000000000008,27.9,28.5,26.9,25.800000000000008,27.699999999999992,"rgb(85,159,170)"
39.552,25.9,28.1,28.4,29.2,26.1,25.7,26.800000000000004,26.9,27.4,21.5,28.4,28.800000000000004,28.0,26.6,28.2,"rgb(93,167,162)"
40.356363636363646,25.4,27.300000000000008,28.1,29.5,25.300000000000008,25.1,26.6,25.9,26.5,22.0,27.5,29.0,27.699999999999992,26.699999999999992,28.5,"rgb(98,170,157)"
37.260909090909095,24.9,27.6,27.4,29.1,26.1,25.9,26.9,25.800000000000008,27.0,21.6,27.1,28.9,27.6,26.4,28.4,"rgb(93,167,162)"
39.0,21.0,26.9,27.0,28.6,22.9,23.800000000000004,25.2,25.2,26.4,20.9,26.800000000000004,28.5,23.300000000000004,24.1,27.1,"rgb(154,186,101)"
40.11,18.800000000000004,25.7,25.9,27.0,22.2,21.9,23.800000000000004,24.5,25.0,21.1,25.4,26.6,20.7,22.0,25.2,"rgb(167,196,88)"
37.44700000000001,18.300000000000004,24.5,24.5,27.0,21.2,20.800000000000004,22.7,22.7,23.800000000000004,19.0,24.0,26.800000000000004,21.1,22.4,25.300000000000004,"rgb(167,192,88)"
37.375,16.400000000000002,22.7,23.2,25.9,19.800000000000004,19.1,21.1,21.5,22.300000000000004,18.1,22.7,25.7,19.1,20.9,24.2,"rgb(169,198,86)"
39.914,16.900000000000002,23.0,23.7,25.6,20.6,19.6,21.5,21.5,22.800000000000004,17.0,23.0,25.300000000000004,19.2,20.800000000000004,23.800000000000004,"rgb(166,194,89)"
37.79272727272728,18.300000000000004,24.199999999999992,24.199999999999992,26.199999999999992,21.5,21.300000000000004,22.800000000000008,22.6,23.0,17.5,23.6,25.699999999999992,20.6,21.5,24.300000000000008,"rgb(107,171,148)"
38.38272727272727,20.0,24.5,24.4,26.199999999999992,22.5,22.199999999999992,23.5,22.699999999999992,23.6,18.0,23.9,25.4,23.199999999999992,21.9,24.9,"rgb(106,173,149)"
39.233636363636364,21.6,24.800000000000008,25.199999999999992,26.4,23.0,22.800000000000008,24.0,23.0,24.199999999999992,18.800000000000004,24.6,26.9,23.9,22.1,25.5,"rgb(111,176,144)"
36.0,21.6,25.5,25.7,27.0,24.0,23.3,24.8,23.8,25.1,18.7,25.0,25.8,23.5,21.2,24.3,"rgb(117,182,138)"
41.326,18.800000000000004,24.4,25.1,26.7,21.0,20.7,22.800000000000004,22.9,24.1,18.5,24.5,25.2,22.300000000000004,22.1,25.0,"rgb(162,187,93)"
38.310833333333335,15.800000000000002,22.1,23.1,25.4,18.300000000000004,18.0,20.1,21.6,21.800000000000008,18.2,22.5,24.699999999999992,19.2,19.5,23.1,"rgb(166,191,89)"
40.787272727272736,16.800000000000004,21.1,22.300000000000008,25.1,18.6,17.300000000000004,19.1,20.0,20.6,16.599999999999998,21.4,25.4,20.0,20.800000000000004,23.699999999999992,"rgb(166,181,89)"
43.78300000000001,18.1,22.2,23.2,24.800000000000004,20.5,19.5,21.4,21.5,21.800000000000004,17.5,22.6,25.1,20.4,19.300000000000004,23.0,"rgb(151,200,104)"
44.16545454545455,21.2,25.0,25.5,26.699999999999992,22.300000000000008,21.699999999999992,23.4,23.9,24.4,18.300000000000004,25.199999999999992,26.199999999999992,23.300000000000008,21.5,24.4,"rgb(131,195,124)"
45.38818181818183,21.5,24.699999999999992,24.9,26.4,22.800000000000008,23.199999999999992,23.800000000000008,23.5,24.300000000000008,19.6,24.5,26.4,24.300000000000008,22.4,25.0,"rgb(127,195,128)"
40.8,22.5,25.0,25.5,26.4,23.0,23.5,24.3,23.6,24.3,19.8,25.0,26.0,24.7,22.7,25.3,"rgb(114,179,141)"
45.01818181818182,20.6,25.199999999999992,25.199999999999992,26.4,23.0,22.9,24.4,23.800000000000008,24.5,20.800000000000004,24.800000000000008,26.4,24.1,22.9,25.699999999999992,"rgb(131,190,124)"
49.37,21.0,24.6,24.800000000000004,26.7,23.0,23.0,24.1,22.9,23.9,19.2,24.300000000000004,26.800000000000004,23.2,23.6,25.6,"rgb(133,197,122)"
47.44181818181819,22.699999999999992,24.800000000000008,24.800000000000008,26.4,22.6,23.0,24.1,22.6,23.699999999999992,19.2,24.4,26.699999999999992,24.300000000000008,23.1,25.4,"rgb(125,192,130)"
48.335,21.9,24.800000000000004,25.1,26.7,22.800000000000004,22.300000000000004,24.2,22.7,24.0,19.7,24.800000000000004,27.4,24.2,22.0,25.800000000000004,"rgb(112,185,143)"
48.28454545454545,22.5,25.800000000000008,26.199999999999992,27.300000000000008,23.0,23.699999999999992,24.9,23.300000000000008,24.699999999999992,21.300000000000004,25.300000000000008,27.699999999999992,25.300000000000008,23.6,26.5,"rgb(112,185,143)"
50.193000000000005,21.7,25.7,25.9,27.6,23.5,22.7,24.2,23.2,25.2,20.9,25.4,27.2,24.300000000000004,21.6,23.800000000000004,"rgb(92,115,163)"
50.0,20.1,23.4,25.3,27.6,21.7,20.5,22.5,23.1,23.8,19.6,24.8,27.2,23.0,21.4,23.8,"rgb(130,136,125)"
49.176,20.0,23.4,24.1,26.5,21.800000000000004,20.9,22.7,22.5,23.0,18.9,24.1,25.800000000000004,22.800000000000004,21.2,23.5,"rgb(30,164,225)"
48.08727272727272,17.800000000000004,20.800000000000004,21.9,25.0,18.6,17.900000000000006,19.6,20.5,20.2,16.900000000000002,21.6,24.9,20.2,20.4,22.9,"rgb(177,116,78)"
45.36416666666667,15.800000000000002,21.2,21.5,24.0,17.400000000000002,17.699999999999996,19.4,20.0,20.300000000000004,18.1,21.2,24.300000000000008,18.4,19.300000000000004,22.6,"rgb(170,198,85)"
51.051,18.7,22.9,23.0,24.800000000000004,21.300000000000004,20.800000000000004,22.1,21.0,22.300000000000004,18.1,22.6,24.6,20.300000000000004,21.0,23.4,"rgb(39,173,216)"
50.40090909090909,20.300000000000004,22.5,23.4,25.1,21.4,19.9,21.5,21.4,22.1,16.900000000000002,23.0,25.4,23.1,22.0,23.9,"rgb(139,201,116)"
53.222,16.300000000000004,19.7,19.2,20.800000000000004,17.599999999999994,16.800000000000004,18.7,18.300000000000004,19.1,14.599999999999998,19.7,22.5,19.0,18.6,20.1,"rgb(103,79,152)"
47.5,16.3,20.6,20.3,22.399999999999995,18.6,17.6,19.4,19.3,19.6,15.300000000000002,20.5,22.3,19.3,18.0,20.6,"rgb(182,208,73)"
54.153,17.5,21.7,21.6,24.1,20.300000000000004,19.9,20.4,20.2,20.9,15.5,21.5,23.6,19.1,19.0,21.6,"rgb(193,218,62)"
52.75666666666667,19.1,22.1,22.0,24.0,21.5,20.1,21.5,20.7,21.7,15.900000000000002,22.1,24.1,21.0,20.2,21.800000000000004,"rgb(163,214,92)"
55.698888888888895,17.0,21.5,21.5,24.300000000000004,18.6,17.900000000000006,19.7,20.7,20.7,18.4,21.6,24.9,19.6,19.6,22.5,"rgb(184,215,71)"
54.59090909090909,16.5,21.5,20.9,23.6,18.9,18.7,20.6,20.2,20.6,18.2,21.300000000000004,24.800000000000008,18.5,20.300000000000004,22.800000000000008,"rgb(186,215,69)"
55.82909090909091,19.0,22.1,21.6,24.0,20.9,20.7,21.5,20.4,21.699999999999992,19.6,21.9,25.800000000000008,20.300000000000004,21.2,24.0,"rgb(172,221,83)"
56.27700000000001,20.800000000000004,23.300000000000004,22.800000000000004,25.0,21.0,20.7,22.2,22.300000000000004,22.7,19.6,23.2,26.300000000000004,23.0,22.7,25.300000000000004,"rgb(137,221,118)"
56.0,19.1,23.4,22.9,25.9,20.9,20.7,22.3,22.8,23.0,19.7,23.7,26.5,21.4,22.7,25.3,"rgb(145,218,110)"
52.40090909090909,16.300000000000004,20.6,21.1,23.800000000000008,18.6,17.599999999999994,19.6,19.7,20.1,17.300000000000004,21.0,23.5,19.2,18.6,22.5,"rgb(185,215,70)"
56.27600000000001,16.099999999999998,20.7,21.5,23.9,18.9,18.2,19.800000000000004,19.5,20.300000000000004,16.199999999999996,21.6,24.300000000000004,18.2,19.2,22.0,"rgb(169,227,86)"
55.60363636363636,17.099999999999998,20.800000000000004,21.2,23.699999999999992,19.1,18.5,19.5,19.5,20.7,16.599999999999998,21.1,24.4,18.9,20.4,23.1,"rgb(153,224,102)"
60.265,17.800000000000004,21.7,21.2,23.5,20.4,19.9,20.9,19.7,21.2,17.599999999999994,20.800000000000004,24.6,19.7,20.2,22.9,"rgb(159,233,96)"
59.02090909090908,17.800000000000004,22.0,21.9,23.800000000000008,21.0,20.2,20.9,19.7,21.0,17.0,21.2,24.800000000000008,19.1,19.800000000000004,22.9,"rgb(30,167,225)"
63.31400000000001,16.900000000000002,21.9,21.5,23.6,19.800000000000004,18.9,21.1,19.800000000000004,20.800000000000004,15.900000000000002,21.5,24.6,18.6,18.6,22.0,"rgb(34,170,221)"
69.0,19.2,21.8,22.1,24.1,19.9,19.2,20.4,19.9,21.0,15.5,21.9,25.0,21.3,19.8,23.2,"rgb(153,239,102)"
60.58363636363636,17.199999999999996,22.199999999999992,22.5,25.300000000000008,18.7,18.800000000000004,19.5,19.6,21.1,18.2,21.800000000000008,25.300000000000008,19.9,19.800000000000004,23.5,"rgb(143,233,112)"
63.36,14.8,20.1,20.5,23.300000000000004,17.599999999999994,16.599999999999998,18.3,18.3,19.7,16.5,20.2,23.9,18.5,18.4,22.0,"rgb(180,231,75)"
65.70666666666665,11.0,16.599999999999998,17.5,20.4,14.0,12.8,14.7,16.2,16.3,14.2,17.400000000000002,21.5,14.7,15.099999999999998,18.8,"rgb(232,234,23)"
64.91799999999999,10.5,15.7,15.900000000000002,18.6,13.900000000000002,12.900000000000002,14.5,14.599999999999998,15.5,11.599999999999998,16.300000000000004,19.7,14.099999999999998,13.900000000000002,16.800000000000004,"rgb(233,233,22)"
66.05222222222223,14.099999999999998,18.6,18.1,20.7,17.599999999999994,16.8,17.400000000000002,17.0,17.900000000000006,12.400000000000002,18.3,21.2,16.5,15.7,18.8,"rgb(214,234,41)"
67.67999999999999,18.800000000000004,19.0,19.7,22.4,18.2,17.599999999999994,18.300000000000004,17.0,18.2,14.900000000000002,19.2,23.6,19.5,17.599999999999994,21.0,"rgb(204,236,51)"
68.0,19.9,20.1,20.4,22.9,18.9,18.5,19.4,18.1,19.6,18.4,19.9,24.7,20.9,19.2,22.8,"rgb(161,240,94)"
65.188,21.300000000000004,22.9,21.800000000000004,24.4,22.6,21.6,22.300000000000004,20.800000000000004,21.9,20.300000000000004,22.0,25.9,22.2,21.5,24.0,"rgb(153,239,102)"
63.17999999999999,22.199999999999992,23.199999999999992,23.0,24.9,22.1,21.6,22.699999999999992,21.800000000000008,22.5,19.5,23.5,26.199999999999992,23.9,21.1,23.300000000000008,"rgb(128,218,127)"
65.84727272727274,18.1,22.4,22.699999999999992,25.1,19.4,18.7,20.7,20.4,21.699999999999992,17.900000000000006,22.699999999999992,25.699999999999992,21.1,20.6,23.6,"rgb(170,235,85)"
67.22727272727272,14.900000000000004,20.9,21.1,23.300000000000008,17.5,16.800000000000004,18.7,19.7,20.0,17.400000000000002,20.9,22.6,18.2,17.699999999999996,20.9,"rgb(186,233,69)"
70.387,16.0,21.4,21.0,23.9,18.7,18.2,19.4,19.4,20.1,15.400000000000002,20.7,22.4,18.300000000000004,17.099999999999998,20.5,"rgb(192,237,63)"
65.11399999999999,19.9,21.6,21.4,23.300000000000004,21.5,19.6,20.7,20.1,20.9,15.8,21.1,24.2,21.1,19.1,22.7,"rgb(162,239,93)"
66.0,20.7,20.4,21.3,23.3,19.3,18.7,20.0,18.5,20.5,17.3,20.7,25.3,22.3,20.1,23.5,"rgb(152,239,103)"
67.83454545454545,12.900000000000004,17.699999999999996,18.2,20.9,14.099999999999996,13.900000000000004,15.8,16.800000000000004,17.300000000000004,16.199999999999996,18.0,22.699999999999992,17.099999999999998,16.099999999999998,21.0,"rgb(188,230,67)"
71.25272727272727,11.3,14.400000000000004,14.599999999999996,17.900000000000006,13.8,12.2,13.7,13.599999999999996,13.599999999999996,12.2,14.400000000000004,19.300000000000004,14.3,14.7,16.900000000000002,"rgb(229,234,26)"
70.56666666666666,12.3,16.5,16.3,18.7,14.900000000000002,13.8,15.400000000000002,15.099999999999998,15.8,13.900000000000002,16.5,20.5,15.7,15.400000000000002,18.0,"rgb(228,235,27)"
73.92125,14.099999999999998,18.3,17.5,20.4,17.400000000000002,16.599999999999998,17.099999999999998,17.7,17.5,14.3,18.0,21.4,16.400000000000002,16.599999999999998,19.4,"rgb(212,237,43)"
74.9375,17.7,19.5,19.2,22.0,20.0,18.4,18.4,18.8,19.1,15.5,19.3,23.6,19.2,18.4,21.6,"rgb(200,235,55)"
