平均價,新北市_風速,臺中市_風速,臺南市_風速,高雄市_風速,桃園市_風速,新竹縣_風速,苗栗縣_風速,南投縣_風速,彰化縣_風速,雲林縣_風速,嘉義市_風速,屏東縣_風速,宜蘭縣_風速,花蓮縣_風速,臺東縣_風速,color
75.28375,2.1,0.7000000000000001,1.3,1.6999999999999995,2.0,1.1,1.2,0.2,0.5,1.3,0.7000000000000001,4.7,1.6999999999999995,0.5,1.8000000000000005,"rgb(86,105,169)"
70.0,1.0,1.0,2.2,1.9,1.9,1.4,1.4,0.3,0.5,1.5,1.4,3.3,1.7,0.4,1.4,"rgb(85,110,170)"
74.45666666666666,1.9,0.7000000000000001,1.6,1.8000000000000005,3.5,1.3,1.3,0.3,0.5,1.4,1.2,3.7,2.3000000000000003,0.5,1.3,"rgb(84,112,171)"
72.99111111111111,1.3,0.6,1.8000000000000005,1.6,2.0,1.0,0.7000000000000001,0.2,0.4,1.0,0.9000000000000001,3.3999999999999995,2.0,0.5,1.1,"rgb(82,116,173)"
73.03454545454545,0.29999999999999993,0.7999999999999999,2.3000000000000003,2.1000000000000005,0.9000000000000002,0.7000000000000001,0.5999999999999999,0.2,0.7000000000000001,1.0,1.1999999999999995,2.2,1.8000000000000005,0.7000000000000001,0.5999999999999999,"rgb(78,118,177)"
75.309,0.7999999999999999,0.9000000000000001,2.5,1.6999999999999995,1.6,1.1,1.3000000000000005,0.29999999999999993,0.5999999999999999,1.1,1.6999999999999995,1.8000000000000005,1.4,0.5999999999999999,0.7999999999999999,"rgb(76,121,179)"
74.07375,0.2,0.7000000000000001,1.8000000000000005,1.5,1.1,1.2,0.7999999999999999,0.3,0.4,1.2,1.2,1.6,1.5,0.6,0.9000000000000001,"rgb(73,126,182)"
75.22111111111111,1.5,1.1,2.8999999999999995,2.0,2.1,1.4,1.6,0.4,0.7000000000000001,1.2,1.6,1.4,2.8000000000000003,0.7000000000000001,1.6999999999999995,"rgb(74,122,181)"
70.0,2.5,1.6,3.1,1.7,3.6,1.9,2.5,0.3,0.9,1.2,1.6,6.4,1.7,1.1,1.7,"rgb(74,107,181)"
72.32454545454544,2.2,1.1,2.8000000000000003,1.8000000000000005,2.7,1.4,1.4,0.29999999999999993,0.7999999999999999,1.5,1.6,5.9,1.3000000000000005,0.5,1.6,"rgb(80,105,175)"
74.24000000000002,3.0,1.0,2.6000000000000005,1.9,3.9,1.3000000000000005,1.5,0.29999999999999993,0.7999999999999999,1.1999999999999995,1.4,5.6000000000000005,1.0,0.4,1.8000000000000005,"rgb(81,107,174)"
74.65272727272728,1.6999999999999995,1.3000000000000005,2.8000000000000003,2.2,3.0,1.3000000000000005,1.8000000000000005,0.29999999999999993,0.7999999999999999,1.3000000000000005,1.8000000000000005,2.2,1.9,0.2,0.7000000000000001,"rgb(75,118,180)"
74.32666666666667,1.6,2.0,3.9,2.3000000000000003,3.6000000000000005,2.0,2.8999999999999995,0.4,0.9000000000000001,1.6,2.7,3.9,2.8999999999999995,0.9000000000000001,1.3,"rgb(66,104,189)"
77.19555555555554,2.3000000000000003,1.9,3.9,2.3000000000000003,3.2,2.7,2.8999999999999995,0.3,1.0,1.4,2.4,6.700000000000001,1.9,1.0,1.2,"rgb(58,104,197)"
78.134,1.6999999999999995,1.6999999999999995,3.0,2.2,3.5,1.9,2.3999999999999995,0.2,0.9000000000000001,1.4,2.1000000000000005,6.6,1.8000000000000005,0.7999999999999999,1.3000000000000005,"rgb(81,98,174)"
70.8,2.0,1.2,3.0,2.2,3.8,1.8,2.0,0.2,0.8,1.2,1.6,5.7,2.1,0.9,2.1,"rgb(82,98,173)"
74.73363636363636,1.6,1.1,3.0,2.3999999999999995,2.3000000000000003,1.1999999999999995,1.1,0.4,0.7000000000000001,1.5,1.8000000000000005,4.0,1.0,0.5,1.6999999999999995,"rgb(87,102,168)"
76.514,0.7000000000000001,1.3000000000000005,3.3999999999999995,2.0,1.3000000000000005,1.4,1.8000000000000005,0.4,0.7999999999999999,1.1999999999999995,2.3999999999999995,2.0,1.4,0.4,0.7999999999999999,"rgb(88,107,167)"
81.161,0.7000000000000001,1.3000000000000005,3.3,2.3999999999999995,0.0,1.1999999999999995,1.9,0.4,0.7999999999999999,1.4,2.3000000000000003,0.9000000000000001,1.6,0.5,1.4,"rgb(88,109,167)"
80.165,1.6999999999999995,2.7,5.0,2.6000000000000005,4.1000000000000005,3.1000000000000005,3.3999999999999995,0.5,1.4,1.1999999999999995,3.3,5.4,3.1000000000000005,1.1999999999999995,2.8999999999999995,"rgb(86,92,169)"
79.756,1.1,2.0,4.4,2.3999999999999995,3.0,2.0,2.7,0.29999999999999993,1.1999999999999995,1.1,3.0,5.9,1.5,0.29999999999999993,1.6999999999999995,"rgb(89,90,166)"
80.91,1.6999999999999995,2.2,3.7,2.0,4.200000000000001,2.0,2.7,0.4,1.3000000000000005,1.3000000000000005,2.3999999999999995,6.4,2.6000000000000005,0.7999999999999999,2.1000000000000005,"rgb(90,91,165)"
86.5,2.6,1.2,2.3,1.8,4.3,2.1,1.9,0.3,0.8,1.1,1.5,7.7,1.5,0.5,1.6,"rgb(90,90,165)"
81.113,2.2,1.3000000000000005,3.3,2.2,3.9,1.9,1.8000000000000005,0.4,0.7999999999999999,1.0,1.9,6.4,1.9,0.5999999999999999,2.1000000000000005,"rgb(91,91,164)"
77.58699999999997,1.5,2.1000000000000005,4.4,2.2,3.5,1.8000000000000005,2.5,0.29999999999999993,1.0,1.3000000000000005,3.1000000000000005,4.700000000000001,1.8000000000000005,0.5999999999999999,1.5,"rgb(90,93,165)"
79.545,1.9,1.6,3.7,2.3999999999999995,3.3,2.0,2.3000000000000003,0.4,0.9000000000000001,1.3000000000000005,2.2,6.700000000000001,1.6999999999999995,1.0,2.3999999999999995,"rgb(88,93,167)"
82.63000000000002,1.5,1.1999999999999995,4.1000000000000005,2.3000000000000003,2.3999999999999995,1.3000000000000005,1.4,0.4,0.7000000000000001,1.3000000000000005,2.0,4.4,1.9,0.5,1.8000000000000005,"rgb(87,97,168)"
80.47555555555556,3.1000000000000005,2.0,3.5,2.2,4.4,2.8999999999999995,2.8000000000000003,0.3,1.0,1.2,2.3000000000000003,9.0,1.8000000000000005,1.3,2.8999999999999995,"rgb(87,92,168)"
79.49,1.6999999999999995,1.2,2.8000000000000003,2.3000000000000003,2.4,1.2,1.2,0.4,0.5,1.3,1.6,5.3,1.2,0.4,1.8000000000000005,"rgb(84,104,171)"
80.66333333333333,0.7999999999999999,0.7000000000000001,2.3000000000000003,1.6999999999999995,1.5,1.1,1.0,0.3,0.5,1.2,1.4,1.9,1.2,0.5,1.2,"rgb(77,116,178)"
87.08999999999997,1.5,1.2,3.2000000000000006,1.9,2.5,2.2,2.1,0.4000000000000001,0.8000000000000002,1.3999999999999997,2.0,3.2999999999999994,2.6,0.6999999999999998,1.8,"rgb(75,107,180)"
88.0,3.3,1.7,2.9,2.0,4.8,2.7,2.8,0.4,1.0,1.3,2.0,8.7,2.5,1.0,2.7,"rgb(75,103,180)"
83.096,3.0,0.9000000000000001,2.0,1.8000000000000005,3.5,1.6999999999999995,1.1999999999999995,0.2,0.7000000000000001,1.1,1.1,4.700000000000001,1.6999999999999995,0.9000000000000001,2.0,"rgb(78,104,177)"
80.15090909090908,0.7000000000000001,1.4,3.5,3.100000000000001,2.1000000000000005,1.1999999999999995,1.1999999999999995,0.29999999999999993,0.7999999999999999,1.3000000000000005,2.0,2.1000000000000005,2.3999999999999995,0.5,1.3000000000000005,"rgb(76,111,179)"
83.355,1.8000000000000005,3.2,6.799999999999999,4.0,3.5,2.3000000000000003,3.7,0.4,1.6,1.4,4.799999999999999,4.200000000000001,4.0,0.7999999999999999,2.8000000000000003,"rgb(79,96,176)"
79.85900000000002,0.7000000000000001,2.3000000000000003,4.0,2.0,3.8,2.7,3.5,0.29999999999999993,1.4,1.5,3.0,6.9,2.5,0.5,1.5,"rgb(86,91,169)"
81.96666666666667,1.1,2.0,2.8000000000000003,2.1,3.6000000000000005,2.8000000000000003,2.8999999999999995,0.1,1.0,1.6,1.6,8.299999999999999,1.5,0.4,1.6,"rgb(89,89,166)"
59.4,0.9,1.0,2.7,1.9,3.0,1.7,1.5,0.3,0.7,1.2,1.5,6.6,1.4,0.3,1.5,"rgb(88,95,167)"
82.0,1.9,0.9,2.7,1.8,3.2,1.4,1.4,0.4,0.8,1.4,1.5,6.0,1.4,0.5,1.9,"rgb(92,90,163)"
81.64285714285714,2.5,1.0,2.3000000000000003,2.0,3.3000000000000003,1.5,1.4,0.3,0.6,1.1,1.1,5.5,1.9,0.7000000000000001,2.2,"rgb(91,91,164)"
83.20555555555556,1.8000000000000005,1.0,2.2,1.9,1.6,1.3,0.9000000000000001,0.4,0.6,1.4,1.2,5.0,2.0,0.7000000000000001,1.5,"rgb(92,92,163)"
84.13333333333334,0.7999999999999999,0.7000000000000001,2.2,1.9,1.6999999999999995,1.3,0.9000000000000001,0.4,0.4,1.5,1.4,1.6999999999999995,1.6999999999999995,0.7000000000000001,1.0,"rgb(89,105,166)"
82.516,0.7999999999999999,0.9000000000000001,2.3000000000000003,2.2,1.5,1.6,0.9000000000000001,0.5,0.5999999999999999,1.1999999999999995,1.6,1.6,1.9,0.5,1.0,"rgb(88,106,167)"
83.31,2.3000000000000003,1.6999999999999995,3.8,2.2,3.5,1.9,2.1,0.5,1.0,1.5,2.4,3.8,3.6000000000000005,1.2,2.2,"rgb(88,100,167)"
82.75399999999998,1.8000000000000005,0.7999999999999999,2.0,1.6999999999999995,1.8000000000000005,1.3000000000000005,1.0,0.4,0.5999999999999999,1.5,1.1999999999999995,5.4,1.6999999999999995,0.7000000000000001,1.3000000000000005,"rgb(80,104,175)"
83.0,0.7,0.9,2.3,1.7,1.6,1.5,1.3,0.4,0.6,1.9,1.8,2.4,1.9,0.6,1.1,"rgb(76,121,179)"
81.59899999999999,2.8000000000000003,1.5,3.5,2.0,3.5,2.0,2.1000000000000005,0.5,1.0,1.6,2.3000000000000003,7.6,1.8000000000000005,0.9000000000000001,2.0,"rgb(76,104,179)"
82.73299999999999,0.7000000000000001,0.7999999999999999,2.2,2.3999999999999995,1.6,1.5,1.0,0.29999999999999993,0.7999999999999999,1.8000000000000005,1.8000000000000005,2.8999999999999995,1.1999999999999995,0.4,1.6,"rgb(56,103,199)"
82.03200000000001,2.0,2.1000000000000005,3.8,2.3000000000000003,4.1000000000000005,2.0,2.8999999999999995,0.5,1.1,1.5,2.5,3.8,3.5,1.5,2.8999999999999995,"rgb(74,103,181)"
77.4090909090909,0.5999999999999999,2.1000000000000005,4.299999999999999,2.1000000000000005,4.1000000000000005,2.3000000000000003,3.0,0.29999999999999993,1.1999999999999995,2.0,2.899999999999999,3.600000000000001,1.6,0.7999999999999999,1.5,"rgb(58,104,197)"
83.18444444444445,0.4,1.8000000000000005,4.1000000000000005,2.1,3.9,2.0,2.6,0.3,1.2,1.6999999999999995,2.8999999999999995,1.9,1.1,0.7000000000000001,1.3,"rgb(56,103,199)"
80.682,0.5,2.5,5.299999999999999,3.0,3.3,2.2,2.8999999999999995,0.4,1.3000000000000005,1.6999999999999995,3.7,3.9,2.0,0.5999999999999999,2.0,"rgb(57,105,198)"
64.23,0.7,1.2,2.6,2.0,2.7,2.1,1.9,0.3,0.8,1.5,1.5,6.6,2.0,0.4,1.6,"rgb(85,98,170)"
80.90777777777778,2.1,1.2,3.0,2.4,2.3000000000000003,1.1,1.4,0.4,0.7999999999999999,1.4,1.5,3.1000000000000005,1.4,0.7999999999999999,1.8000000000000005,"rgb(81,101,174)"
80.20500000000001,0.4,1.3000000000000005,4.0,3.0,1.0,1.1,1.1999999999999995,0.4,0.9000000000000001,1.4,2.3000000000000003,1.1,1.5,0.5999999999999999,1.8000000000000005,"rgb(79,111,176)"
82.59818181818183,1.8000000000000005,2.1000000000000005,4.5,2.899999999999999,3.100000000000001,2.3999999999999995,2.3000000000000003,0.4,0.9000000000000002,1.4,2.8000000000000003,7.0,1.9,0.7000000000000001,1.9,"rgb(79,99,176)"
78.4718181818182,1.6,0.9000000000000002,2.5,1.8000000000000005,1.8000000000000005,0.9000000000000002,1.0,0.4,0.7000000000000001,1.4,1.5,5.200000000000001,1.3000000000000005,0.29999999999999993,1.6999999999999995,"rgb(79,104,176)"
75.94090909090909,0.5999999999999999,0.7999999999999999,1.9,1.6999999999999995,0.7999999999999999,0.9000000000000002,0.7000000000000001,0.5,0.5,1.5,1.1,2.6000000000000005,1.6,0.29999999999999993,0.9000000000000002,"rgb(77,118,178)"
75.7366666666667,1.1,0.9000000000000001,2.4,2.0,0.7999999999999999,1.1,1.2,0.5,1.0,1.5,1.6,1.9,1.9,0.7000000000000001,1.5,"rgb(74,124,181)"
78.0,1.2,2.2,4.2,2.8,3.5,2.1,2.7,0.6,1.1,1.5,2.8,3.2,2.5,0.9,2.1,"rgb(54,104,201)"
73.286,0.7000000000000001,1.5,3.2,1.5,2.7,1.6,2.1000000000000005,0.29999999999999993,0.9000000000000001,1.6,2.1000000000000005,4.4,1.6,1.0,1.1999999999999995,"rgb(64,103,191)"
73.811,0.1,0.9000000000000001,3.1000000000000005,2.0,1.6999999999999995,1.3000000000000005,1.3000000000000005,0.2,0.5999999999999999,1.4,1.6,3.9,1.6999999999999995,0.7000000000000001,1.1999999999999995,"rgb(52,108,203)"
72.49,1.1999999999999995,0.5999999999999999,1.6,1.8000000000000005,2.8999999999999995,1.3000000000000005,0.5,0.29999999999999993,0.4,1.6,1.0,4.9,1.1,0.29999999999999993,1.5,"rgb(79,108,176)"
72.05,1.1,1.0,2.7,2.2,2.3000000000000003,0.7999999999999999,0.9000000000000002,0.4,0.7999999999999999,2.3000000000000003,1.9,2.2,1.4,0.5999999999999999,1.6999999999999995,"rgb(53,102,202)"
70.498,1.0,1.4,3.3999999999999995,2.6000000000000005,2.3000000000000003,1.3000000000000005,1.6,0.5,0.9000000000000001,1.6,2.1000000000000005,2.0,1.6,1.3000000000000005,1.6,"rgb(74,122,181)"
72.878,1.3000000000000005,1.1,2.5,1.8000000000000005,1.5,0.1,0.9000000000000001,0.4,0.7000000000000001,1.3000000000000005,1.6999999999999995,3.0,1.4,0.5999999999999999,1.0,"rgb(73,125,182)"
84.75,0.7,1.4,2.6,2.9,2.1,0.3,2.0,0.6,0.9,1.4,1.6,2.4,1.4,0.5,1.2,"rgb(73,124,182)"
71.86333333333333,0.7000000000000001,2.7,4.6000000000000005,2.1,3.3999999999999995,2.3000000000000003,3.2,0.5,1.5,1.8000000000000005,3.3999999999999995,4.7,3.2,1.4,3.2,"rgb(66,103,189)"
69.99799999999999,1.4,1.1999999999999995,2.0,1.5,3.0,1.6999999999999995,1.9,0.4,0.7999999999999999,1.5,1.8000000000000005,5.700000000000001,1.6,1.0,1.8000000000000005,"rgb(80,103,175)"
73.57,0.29999999999999993,1.1,2.8999999999999995,1.8000000000000005,1.9,0.7999999999999999,1.3000000000000005,0.4,0.9000000000000001,1.4,2.1000000000000005,3.3,1.1,0.5,0.9000000000000001,"rgb(56,103,199)"
71.37545454545456,1.6,1.1999999999999995,3.0,2.2,2.8000000000000003,0.7000000000000001,1.5,0.29999999999999993,0.7999999999999999,1.1,2.0,2.7,1.0,0.4,1.0,"rgb(81,113,174)"
72.20700000000002,0.5,1.0,2.2,1.3000000000000005,1.9,0.29999999999999993,1.1999999999999995,0.5,0.7000000000000001,1.1999999999999995,1.4,2.5,1.4,0.4,0.9000000000000001,"rgb(82,115,173)"
71.66300000000003,1.6,1.3000000000000005,2.8999999999999995,1.9,2.3000000000000003,0.5999999999999999,1.4,0.5,0.9000000000000001,1.4,1.8000000000000005,1.8000000000000005,1.1999999999999995,0.5999999999999999,1.1,"rgb(79,116,176)"
70.0,0.7,0.9,2.2,1.7,1.1,0.8,1.0,0.4,0.7,1.5,1.3,2.0,1.4,0.5,1.1,"rgb(70,125,185)"
71.59727272727272,2.6000000000000005,1.6999999999999995,3.3,2.3000000000000003,3.399999999999999,1.6,2.0,0.5999999999999999,1.0,1.3000000000000005,2.1000000000000005,4.1000000000000005,3.3,1.1,2.3999999999999995,"rgb(74,107,181)"
69.18727272727273,1.0,1.6,3.2,2.3999999999999995,2.1000000000000005,0.5,1.3000000000000005,0.5,0.9000000000000002,1.5,2.1000000000000005,5.4,1.3000000000000005,0.29999999999999993,1.1,"rgb(70,122,185)"
71.404,1.1,1.6999999999999995,4.299999999999999,2.8999999999999995,0.9000000000000001,0.7000000000000001,1.8000000000000005,0.5,1.0,1.3000000000000005,3.1000000000000005,2.8999999999999995,4.200000000000001,0.5999999999999999,1.1999999999999995,"rgb(74,119,181)"
66.9890909090909,1.6,1.1,2.7,2.1000000000000005,1.9,1.1999999999999995,1.3000000000000005,0.5999999999999999,0.7999999999999999,1.4,1.6,3.600000000000001,1.3000000000000005,0.5,0.9000000000000002,"rgb(72,120,183)"
72.58000000000001,0.7999999999999999,2.6000000000000005,4.4,3.1000000000000005,2.6000000000000005,1.1999999999999995,2.3000000000000003,0.5999999999999999,1.4,1.3000000000000005,3.3999999999999995,2.7,2.6000000000000005,1.1,2.3999999999999995,"rgb(56,102,199)"
73.93999999999998,0.29999999999999993,1.5,3.8,2.1000000000000005,1.9,1.9,2.2,0.4,0.9000000000000001,1.6,2.3000000000000003,5.6000000000000005,1.5,1.1,1.1999999999999995,"rgb(53,108,202)"
71.24333333333334,2.1,0.9,2.1,1.9,2.6,1.2,1.3999999999999997,0.4000000000000001,0.6999999999999998,1.2,1.3,6.0,1.9,0.6,1.8,"rgb(88,100,167)"
71.418,2.8000000000000003,1.1,1.8000000000000005,1.9,1.4,1.4,1.0,0.4,0.7999999999999999,1.4,1.3000000000000005,5.0,2.0,0.5,1.1,"rgb(87,105,168)"
71.27600000000002,1.0,1.1,2.3999999999999995,1.5,1.1,1.4,0.9000000000000001,0.5,0.7000000000000001,1.6,1.9,3.3999999999999995,1.9,0.29999999999999993,0.9000000000000001,"rgb(85,111,170)"
74.19999999999997,0.6,0.9000000000000001,1.6999999999999995,1.6999999999999995,1.0,1.2,1.2,0.4,0.6,1.4,1.0,2.5,2.1,0.5,0.5,"rgb(82,116,173)"
71.32636363636362,1.1999999999999995,2.0,3.8,2.6000000000000005,3.3,2.0,2.6000000000000005,0.5,1.4,1.5,2.7,2.899999999999999,2.6000000000000005,1.0,2.6000000000000005,"rgb(54,102,201)"
70.8881818181818,1.1999999999999995,2.3999999999999995,5.4,2.8000000000000003,2.2,2.1000000000000005,3.100000000000001,0.5,1.3000000000000005,1.1999999999999995,3.8,5.1000000000000005,2.5,0.5999999999999999,1.8000000000000005,"rgb(55,107,200)"
66.77272727272727,1.6999999999999995,1.4,2.8000000000000003,1.9,2.8000000000000003,1.9,2.2,0.4,0.9000000000000002,1.8000000000000005,1.6999999999999995,5.299999999999999,2.8000000000000003,1.0,2.0,"rgb(86,99,169)"
74.46111111111112,2.6,1.0,2.6,2.2,2.4,1.6999999999999995,1.1,0.4,0.7999999999999999,1.1,1.5,4.6000000000000005,2.5,0.7999999999999999,1.5,"rgb(87,103,168)"
79.6,2.3,1.1,1.9,2.0,1.5,1.2,1.2,0.5,0.9,1.2,1.6,4.1,2.5,0.8,1.3,"rgb(85,106,170)"
74.0,0.7,1.2,2.1,1.8,1.1,1.5,1.1,0.5,0.6,1.2,1.4,3.8,1.9,0.6,1.1,"rgb(76,121,179)"
70.73222222222222,0.4,0.7999999999999999,1.8000000000000005,2.5,1.0,1.2,0.9000000000000001,0.4,0.5,1.4,0.9000000000000001,2.8000000000000003,1.5,0.6,0.7000000000000001,"rgb(68,128,187)"
64.82900000000001,0.7999999999999999,0.9000000000000001,2.5,2.8999999999999995,1.3000000000000005,1.0,1.6,0.4,0.9000000000000001,1.6999999999999995,1.8000000000000005,2.3999999999999995,1.5,0.7999999999999999,0.9000000000000001,"rgb(60,131,195)"
66.25833333333333,0.5,1.1999999999999995,2.5,1.8000000000000005,1.3000000000000005,1.4,1.5,0.5,0.9000000000000002,1.1999999999999995,2.0,2.0,1.8000000000000005,0.5999999999999999,1.0,"rgb(56,133,199)"
69.72399999999999,1.0,1.9,3.0,1.6,3.3,1.6999999999999995,3.3,0.4,1.6,1.5,3.0,1.6999999999999995,2.1000000000000005,0.5,1.1,"rgb(56,136,199)"
72.2,1.0,2.7,2.6,1.2,4.9,4.3,5.5,0.6,2.0,2.1,3.8,2.8,1.6,1.2,1.5,"rgb(55,137,200)"
69.63909090909091,2.3999999999999995,1.5,3.0,1.8000000000000005,3.3,2.2,2.899999999999999,0.4,1.1999999999999995,2.3000000000000003,3.0,2.8000000000000003,2.0,1.1,2.2,"rgb(51,104,204)"
64.96363636363637,2.6000000000000005,1.6999999999999995,3.0,1.6,3.2,1.8000000000000005,2.3999999999999995,0.5,1.0,1.8000000000000005,2.1000000000000005,3.7,2.3999999999999995,1.4,1.3000000000000005,"rgb(45,108,210)"
67.38181818181819,1.1,0.7000000000000001,2.3999999999999995,1.5,2.0,0.9000000000000002,0.9000000000000002,0.29999999999999993,0.5,1.9,1.1,3.100000000000001,1.4,0.5999999999999999,1.1999999999999995,"rgb(49,108,206)"
64.37615384615384,0.5,0.5999999999999999,1.6999999999999995,1.8000000000000005,0.9000000000000002,0.7,0.8,0.4,0.5,1.1999999999999995,1.1,1.6,1.6,0.2,0.9000000000000002,"rgb(64,128,191)"
66.93666666666665,0.5999999999999999,0.7000000000000001,1.5,1.5,0.7999999999999999,1.1999999999999995,0.7999999999999999,0.4,0.5,1.0,1.0,2.3000000000000003,1.4,0.4,0.9000000000000002,"rgb(59,130,196)"
67.259,0.4,1.1,1.8000000000000005,1.6,1.0,1.1999999999999995,1.1,0.5,0.7000000000000001,1.0,1.1999999999999995,3.3999999999999995,1.9,0.7999999999999999,1.0,"rgb(57,131,198)"
70.0,0.2,1.6,2.2,1.6,2.5,2.0,3.2,0.5,1.2,1.8,2.1,2.3,1.4,0.8,1.5,"rgb(55,136,200)"
65.06833333333334,0.5,2.0,2.7,2.6000000000000005,2.2,1.8000000000000005,3.600000000000001,0.5,1.5,1.4,2.6000000000000005,2.3999999999999995,1.0,0.7000000000000001,1.3000000000000005,"rgb(54,136,201)"
65.73818181818181,0.4,1.5,2.8000000000000003,2.1000000000000005,1.0,1.6999999999999995,1.1,0.5999999999999999,1.0,1.5,2.6000000000000005,1.8000000000000005,1.6,0.4,1.1,"rgb(51,132,204)"
63.62416666666667,0.29999999999999993,1.4,2.1000000000000005,2.3999999999999995,1.9,1.6,2.5,0.29999999999999993,0.9000000000000002,2.0,1.8000000000000005,1.8000000000000005,1.0,0.4,1.1999999999999995,"rgb(54,135,201)"
62.50090909090908,0.9000000000000002,2.0,2.3000000000000003,1.9,2.8000000000000003,2.5,3.100000000000001,0.4,1.3000000000000005,1.8000000000000005,2.6000000000000005,2.7,2.2,0.7999999999999999,1.1999999999999995,"rgb(50,104,205)"
63.324,0.29999999999999993,1.9,3.3999999999999995,1.8000000000000005,2.2,1.9,2.1000000000000005,0.5,1.1,2.0,2.3000000000000003,2.8999999999999995,1.9,0.9000000000000001,2.1000000000000005,"rgb(48,109,207)"
63.49499999999999,1.1999999999999995,1.0,1.6,1.1999999999999995,1.9,1.5,1.1999999999999995,0.2,0.7000000000000001,1.9,1.6999999999999995,3.5,1.6999999999999995,0.29999999999999993,1.1999999999999995,"rgb(68,123,187)"
59.0,0.7,0.6,1.8,1.7,1.1,0.7,0.7,0.3,0.6,1.1,1.0,3.1,1.1,0.4,1.1,"rgb(64,128,191)"
61.43818181818181,0.7000000000000001,0.7999999999999999,1.9,1.4,0.9000000000000002,0.4,0.7999999999999999,0.4,0.4,1.1999999999999995,1.1,3.0,1.8000000000000005,0.29999999999999993,1.0,"rgb(60,130,195)"
61.31454545454546,0.7999999999999999,0.9000000000000002,2.3000000000000003,2.3000000000000003,2.0,1.6999999999999995,1.6999999999999995,0.4,0.7999999999999999,1.1999999999999995,1.4,1.9,2.3000000000000003,0.9000000000000002,1.9,"rgb(50,130,205)"
60.32545454545455,1.1,1.9,3.899999999999999,2.3999999999999995,2.8000000000000003,2.2,2.7,0.4,1.1,1.6,2.2,4.1000000000000005,1.4,1.3000000000000005,1.9,"rgb(47,107,208)"
59.54818181818182,1.4,1.8000000000000005,3.8,1.6,2.7,2.1000000000000005,2.3999999999999995,0.29999999999999993,1.0,1.8000000000000005,1.6999999999999995,3.3,2.3999999999999995,0.4,1.3000000000000005,"rgb(69,122,186)"
61.92333333333334,1.1999999999999995,1.0,1.6999999999999995,1.6999999999999995,1.8000000000000005,1.6,1.4,0.5,0.5999999999999999,1.1999999999999995,1.0,2.3999999999999995,2.2,0.4,1.3000000000000005,"rgb(66,125,189)"
59.731,0.7000000000000001,0.9000000000000001,1.5,1.9,1.1999999999999995,1.5,1.1,0.4,0.5999999999999999,1.5,1.1999999999999995,1.8000000000000005,1.8000000000000005,0.4,1.1999999999999995,"rgb(62,129,193)"
61.13,0.7,0.9,1.6,1.9,1.0,1.4,1.1,0.4,0.5,1.2,1.3,2.9,2.0,0.4,1.1,"rgb(58,130,197)"
59.48545454545454,0.7000000000000001,0.7999999999999999,1.8000000000000005,1.6,1.0,1.4,0.7999999999999999,0.4,0.5,1.4,0.9000000000000002,1.8000000000000005,1.5,0.5999999999999999,1.1,"rgb(55,132,200)"
58.4275,0.9000000000000002,0.9000000000000002,1.8000000000000005,1.8000000000000005,1.5,1.1,1.1,0.5,0.5999999999999999,1.4,1.1999999999999995,1.1999999999999995,1.8000000000000005,0.7000000000000001,1.1,"rgb(52,132,203)"
57.26499999999999,0.7999999999999999,1.1,2.1000000000000005,1.9,1.1,0.7999999999999999,1.5,0.5,0.7000000000000001,1.1,1.3000000000000005,1.4,2.0,0.5999999999999999,0.7999999999999999,"rgb(53,132,202)"
58.685,0.5,0.9000000000000002,2.0,1.5,1.1999999999999995,1.4,1.1,0.4,0.5999999999999999,1.1999999999999995,1.1999999999999995,1.6999999999999995,1.9,0.7000000000000001,1.3000000000000005,"rgb(30,120,225)"
58.17363636363637,1.6,1.1999999999999995,2.7,2.1000000000000005,2.3000000000000003,1.4,1.4,0.5,0.7999999999999999,0.9000000000000002,1.4,1.3000000000000005,1.9,0.7000000000000001,1.4,"rgb(58,128,197)"
58.17666666666667,2.7,1.2,2.6,2.1,2.6,1.6999999999999995,1.6999999999999995,0.6,0.6,1.3,1.3,3.0,1.4,0.9000000000000001,1.6999999999999995,"rgb(54,131,201)"
58.3,0.7,1.6,2.3,2.0,1.3,1.2,1.3,0.5,0.8,1.2,1.5,2.2,1.6,0.5,1.1,"rgb(52,134,203)"
57.35750000000001,0.4,1.6,2.899999999999999,2.6000000000000005,1.4,1.4,2.5,0.5,0.7999999999999999,1.8000000000000005,2.2,1.8000000000000005,1.5,1.0,2.3000000000000003,"rgb(52,134,203)"
57.18846153846154,1.1,0.9000000000000002,2.0,1.9,1.1999999999999995,1.5,1.0,0.4,0.5,1.3000000000000005,1.1,1.8000000000000005,1.6,0.8,1.9,"rgb(53,130,202)"
57.979000000000006,0.4,1.0,1.9,2.0,1.1,1.1,1.1,0.4,0.5,1.4,1.0,3.3,2.1000000000000005,0.7000000000000001,1.1,"rgb(54,130,201)"
53.51083333333333,0.4,1.4,2.7,1.5,1.5,1.3000000000000005,1.6,0.4,0.7000000000000001,2.8000000000000003,1.8000000000000005,1.3000000000000005,1.1,1.1999999999999995,1.5,"rgb(42,107,213)"
43.8,1.3,1.3,2.4,2.0,1.5,1.1,0.9,0.4,0.8,1.1,2.1,1.6,1.3,0.4,1.4,"rgb(30,128,225)"
45.68818181818181,0.29999999999999993,1.9,1.6999999999999995,2.1000000000000005,1.5,1.1999999999999995,2.5,0.4,0.7999999999999999,1.1,1.4,1.0,1.5,0.29999999999999993,0.7999999999999999,"rgb(29,132,226)"
43.97090909090909,0.7999999999999999,1.6,2.3999999999999995,2.1000000000000005,2.3999999999999995,2.2,2.8000000000000003,0.29999999999999993,1.0,1.6,2.3999999999999995,2.2,1.8000000000000005,0.7000000000000001,1.6,"rgb(24,128,231)"
44.06333333333333,0.4,1.3000000000000005,2.3999999999999995,1.3000000000000005,1.9,1.6,2.1000000000000005,0.4,0.7999999999999999,1.6,1.1999999999999995,2.2,1.4,0.7000000000000001,1.0,"rgb(17,123,238)"
43.36333333333334,0.5999999999999999,1.3000000000000005,2.0,1.6999999999999995,2.3999999999999995,1.1999999999999995,1.6999999999999995,0.4,0.5999999999999999,1.3000000000000005,1.1,3.100000000000001,1.6999999999999995,0.9000000000000002,1.4,"rgb(31,131,224)"
43.36181818181819,2.0,0.7999999999999999,1.8000000000000005,1.9,2.5,1.5,0.7999999999999999,0.2,0.5999999999999999,1.1,0.9000000000000002,5.0,1.1,0.7000000000000001,1.6,"rgb(31,130,224)"
43.05545454545455,1.6,0.9000000000000002,2.0,1.6999999999999995,2.0,1.1999999999999995,1.1,0.29999999999999993,0.5999999999999999,1.1999999999999995,0.7999999999999999,4.5,0.7999999999999999,1.0,1.8000000000000005,"rgb(29,130,226)"
44.18636363636365,1.0,1.1,1.6,1.6999999999999995,2.1000000000000005,1.1,1.1,0.4,0.5999999999999999,0.7999999999999999,1.1,3.399999999999999,1.1,0.9000000000000002,1.6,"rgb(30,131,225)"
42.493,0.29999999999999993,0.9000000000000001,2.0,1.6,1.3000000000000005,1.0,1.1999999999999995,0.29999999999999993,0.7999999999999999,1.6,1.1,2.2,1.5,0.2,0.5999999999999999,"rgb(29,114,226)"
38.55666666666667,0.6,2.0,3.2999999999999994,2.0,5.5,3.5,4.5,0.3,1.5,2.2,2.3,4.1,1.5,0.6,1.2,"rgb(20,119,235)"
41.07454545454546,0.5999999999999999,2.5,5.1000000000000005,3.100000000000001,3.899999999999999,3.5,3.7,0.7000000000000001,2.6000000000000005,2.3999999999999995,4.0,4.4,1.0,0.4,1.1999999999999995,"rgb(36,110,219)"
39.830909090909095,0.29999999999999993,1.0,5.200000000000001,3.100000000000001,0.29999999999999993,0.2,1.4,0.4,1.6,2.1000000000000005,3.600000000000001,3.2,1.1999999999999995,0.2,0.7000000000000001,"rgb(35,110,220)"
40.48181818181818,0.5999999999999999,0.7000000000000001,1.8000000000000005,1.8000000000000005,1.1,0.5999999999999999,1.6,0.29999999999999993,1.0,2.5,1.9,2.1000000000000005,1.4,0.7000000000000001,0.9000000000000002,"rgb(34,107,221)"
36.8,0.4,0.8,2.0,1.2,0.7,0.8,1.3,0.4,0.5,1.5,1.1,1.4,1.3,0.6,1.2,"rgb(24,131,231)"
37.87636363636364,0.5,1.3000000000000005,2.2,1.6,1.1999999999999995,1.3000000000000005,2.0,0.4,1.0,1.6,1.9,1.5,1.6,0.5,0.7000000000000001,"rgb(25,130,230)"
38.74272727272728,0.4,1.1999999999999995,2.3000000000000003,1.6999999999999995,1.3000000000000005,0.5999999999999999,2.3000000000000003,0.4,0.7999999999999999,1.1,1.4,1.6,1.9,0.7000000000000001,0.9000000000000002,"rgb(29,119,226)"
40.625454545454545,0.5,1.0,1.8000000000000005,2.1000000000000005,1.1999999999999995,1.0,1.0,0.5999999999999999,0.5999999999999999,1.4,1.1999999999999995,2.2,1.6999999999999995,0.4,1.0,"rgb(30,130,225)"
38.85833333333333,0.5,1.1,1.8000000000000005,2.2,0.2,0.1,1.3000000000000005,0.29999999999999993,0.5999999999999999,1.1999999999999995,1.4,2.6000000000000005,1.6,0.4,1.0,"rgb(29,131,226)"
37.51545454545454,0.5,1.1999999999999995,3.2,3.2,1.5,0.2,2.7,0.4,1.1,1.6999999999999995,2.0,2.7,2.0,1.0,1.5,"rgb(27,119,228)"
38.909000000000006,0.4,1.4,3.7,2.8000000000000003,1.4,0.0,2.3999999999999995,0.4,1.1,1.4,2.8000000000000003,2.3999999999999995,2.1000000000000005,0.9000000000000001,1.4,"rgb(28,117,227)"
40.0,0.3,1.3,4.3,2.6,1.2,0.3,2.5,0.4,1.5,1.7,3.4,1.5,1.5,0.6,2.1,"rgb(34,116,221)"
35.29333333333333,0.7999999999999999,1.8000000000000005,4.4,2.3999999999999995,2.2,2.3999999999999995,3.2999999999999994,0.5,1.6999999999999995,3.600000000000001,3.2999999999999994,2.0,1.5,0.7999999999999999,3.0,"rgb(12,133,243)"
33.69454545454545,0.5,1.4,3.3,2.3999999999999995,3.100000000000001,2.899999999999999,3.3,0.2,1.4,3.3,2.3000000000000003,3.600000000000001,1.0,0.2,1.8000000000000005,"rgb(37,108,218)"
31.985454545454544,1.1999999999999995,0.7999999999999999,2.3000000000000003,1.8000000000000005,1.3000000000000005,1.0,0.7000000000000001,0.2,1.1999999999999995,4.0,1.6,1.6999999999999995,1.1999999999999995,0.9000000000000002,1.1999999999999995,"rgb(37,107,218)"
29.09363636363637,0.2,0.9000000000000002,2.3000000000000003,2.1000000000000005,1.1,1.9,3.399999999999999,0.4,1.4,3.100000000000001,2.3000000000000003,3.600000000000001,1.1,0.7999999999999999,1.1999999999999995,"rgb(38,108,217)"
27.481818181818177,0.29999999999999993,0.7999999999999999,2.5,2.5,1.4,1.6,1.6,0.2,1.1,2.3000000000000003,1.9,3.600000000000001,1.6,0.4,0.7999999999999999,"rgb(35,107,220)"
28.01727272727273,0.5999999999999999,0.7000000000000001,3.600000000000001,1.6999999999999995,2.0,1.0,2.3000000000000003,0.2,0.9000000000000002,3.8,1.6999999999999995,2.2,0.7999999999999999,0.5,0.9000000000000002,"rgb(38,108,217)"
35.0,0.3,0.9,3.3,1.3,2.4,2.0,3.4,0.2,1.1,2.5,2.5,2.2,1.0,0.6,1.6,"rgb(14,132,241)"
27.335,0.4,1.9,3.0,1.0,3.899999999999999,3.2,4.700000000000001,0.4,1.5,2.3000000000000003,3.2,2.2,1.1,0.4,1.1999999999999995,"rgb(12,132,243)"
27.10833333333333,0.5999999999999999,1.9,3.600000000000001,1.6,3.5,1.5,4.0,0.5,1.3000000000000005,2.1000000000000005,3.5,2.1000000000000005,1.1999999999999995,0.5999999999999999,1.4,"rgb(12,133,243)"
25.715454545454545,0.5,1.9,2.7,1.6,2.5,1.1999999999999995,3.5,0.5,1.1999999999999995,1.5,3.0,1.8000000000000005,0.5999999999999999,0.5999999999999999,1.6999999999999995,"rgb(11,133,244)"
27.13666666666667,0.5,1.6999999999999995,2.3999999999999995,1.8000000000000005,2.1000000000000005,1.0,3.2,0.5,1.1999999999999995,1.5,2.2,2.0,1.6999999999999995,0.5999999999999999,1.6,"rgb(13,129,242)"
26.259166666666665,0.5,2.1000000000000005,3.0,2.0,3.7000000000000006,1.9,3.7000000000000006,0.29999999999999993,1.3000000000000005,2.0,2.7,2.3999999999999995,1.8000000000000005,0.7000000000000001,1.4,"rgb(12,130,243)"
26.617000000000008,0.29999999999999993,2.3999999999999995,2.8999999999999995,2.1000000000000005,4.799999999999999,3.3,4.5,0.5,1.6999999999999995,1.9,3.1000000000000005,3.3,1.6,0.7000000000000001,1.3000000000000005,"rgb(11,133,244)"
26.0,0.5,2.4,2.7,2.7,4.5,3.0,4.6,0.5,1.4,1.6,3.1,3.1,1.7,0.4,1.2,"rgb(12,132,243)"
25.74230769230769,0.7,1.6999999999999995,2.0,2.8,2.2,1.6999999999999995,2.899999999999999,0.4,1.1,1.3000000000000005,1.9,2.3000000000000003,1.8000000000000005,0.5999999999999999,1.3000000000000005,"rgb(20,131,235)"
24.75181818181818,0.4,1.3000000000000005,1.8000000000000005,2.3999999999999995,1.1,1.5,1.1,0.5,0.7000000000000001,1.5,1.6,1.1,1.6999999999999995,0.5,1.4,"rgb(0,118,255)"
23.949090909090916,0.29999999999999993,1.1999999999999995,1.8000000000000005,1.9,0.9000000000000002,1.1999999999999995,1.1999999999999995,0.5,0.7000000000000001,1.8000000000000005,1.5,1.6999999999999995,2.2,0.5999999999999999,1.5,"rgb(14,121,241)"
23.92750000000001,0.4,1.1,2.1000000000000005,2.8000000000000003,1.3000000000000005,1.6,1.3000000000000005,0.4,1.0,1.8000000000000005,1.4,2.899999999999999,1.9,0.5999999999999999,1.5,"rgb(28,114,227)"
21.14583333333333,0.4,1.0,4.0,3.899999999999999,1.5,1.6,1.6,0.4,1.1999999999999995,2.0,2.3999999999999995,2.3999999999999995,1.6999999999999995,0.5999999999999999,1.3000000000000005,"rgb(32,115,223)"
21.76,0.5999999999999999,1.0,2.7,2.7,1.3000000000000005,1.5,1.4,0.5,1.4,1.5,2.1000000000000005,1.9,2.6000000000000005,0.5,1.3000000000000005,"rgb(20,116,235)"
20.0,0.2,1.4,2.6,2.4,1.2,1.5,2.2,0.4,1.2,1.5,2.1,1.5,1.9,0.5,1.6,"rgb(27,117,228)"
19.740833333333327,0.29999999999999993,0.7999999999999999,1.5,2.6000000000000005,1.6,1.8000000000000005,1.3000000000000005,0.29999999999999993,1.0,1.9,1.5,2.899999999999999,2.3000000000000003,0.4,1.5,"rgb(11,116,244)"
19.356666666666666,0.5,1.3000000000000005,2.0,2.7,1.1,1.5,1.1,0.4,0.5999999999999999,1.6,1.8000000000000005,3.2,1.6999999999999995,0.5999999999999999,1.1,"rgb(1,116,254)"
19.300833333333333,0.7000000000000001,0.7999999999999999,2.6000000000000005,3.0,1.5,1.4,1.5,0.29999999999999993,1.0,1.4,1.5,2.2,2.3000000000000003,0.7000000000000001,1.5,"rgb(22,116,233)"
19.3825,0.5,0.9000000000000002,3.399999999999999,3.399999999999999,1.5,1.6999999999999995,1.6,0.29999999999999993,1.1,2.3999999999999995,1.6999999999999995,2.3999999999999995,1.9,0.5,0.9000000000000002,"rgb(30,116,225)"
18.30727272727273,0.7999999999999999,1.3000000000000005,2.3999999999999995,3.7,1.5,1.5,2.0,0.4,1.1999999999999995,1.1999999999999995,1.6999999999999995,2.5,2.6000000000000005,0.7000000000000001,1.3000000000000005,"rgb(26,118,229)"
17.64153846153846,0.29999999999999993,1.0,1.6,2.0,1.5,1.4,1.6,0.4,0.8,1.6,1.6,2.3999999999999995,2.5,0.5,1.1999999999999995,"rgb(2,117,253)"
18.022727272727273,0.4,1.0,1.6999999999999995,1.9,1.1999999999999995,1.3000000000000005,1.6999999999999995,0.5,0.7999999999999999,1.1999999999999995,1.6,2.3000000000000003,2.3000000000000003,0.5999999999999999,1.1999999999999995,"rgb(4,118,251)"
17.40818181818182,0.7999999999999999,1.0,1.6,2.3000000000000003,1.3000000000000005,1.3000000000000005,1.4,0.4,0.7999999999999999,1.4,1.4,2.8000000000000003,2.1000000000000005,0.5999999999999999,1.3000000000000005,"rgb(23,118,232)"
17.556666666666665,1.6999999999999995,1.6,1.6,2.2,1.4,1.4,1.5,0.5999999999999999,0.9000000000000002,1.3000000000000005,1.9,3.2,2.3000000000000003,0.5999999999999999,1.6,"rgb(7,120,248)"
17.41,1.9,1.3000000000000005,1.6999999999999995,2.3000000000000003,1.6,1.3000000000000005,1.4,0.5,0.7999999999999999,1.4,1.9,3.7,3.0,0.5,1.4,"rgb(14,118,241)"
22.5,0.6,0.6,1.6,2.3,1.0,1.3,1.0,0.2,0.4,1.4,0.9,4.0,1.9,0.5,1.1,"rgb(5,116,250)"
17.906363636363633,0.5999999999999999,1.0,1.6,1.9,1.0,1.1999999999999995,1.3000000000000005,0.5,0.5999999999999999,1.4,1.5,2.8000000000000003,2.3999999999999995,0.5,1.1,"rgb(0,118,255)"
17.18583333333333,0.7000000000000001,1.0,1.6999999999999995,2.0,1.1999999999999995,1.6999999999999995,1.3000000000000005,0.5,0.7000000000000001,1.8000000000000005,1.6,2.6000000000000005,2.3000000000000003,0.5999999999999999,1.1999999999999995,"rgb(19,117,236)"
16.687500000000004,0.5999999999999999,1.1999999999999995,1.5,2.3000000000000003,1.3000000000000005,1.6,1.1999999999999995,0.5999999999999999,0.7000000000000001,1.3000000000000005,1.6999999999999995,2.5,2.3999999999999995,0.5999999999999999,1.1999999999999995,"rgb(4,118,251)"
17.37818181818182,0.9000000000000002,1.3000000000000005,1.8000000000000005,2.2,1.3000000000000005,1.1999999999999995,1.4,0.5999999999999999,0.5999999999999999,1.1,1.5,2.6000000000000005,2.5,0.7000000000000001,1.5,"rgb(5,116,250)"
16.535833333333333,2.1000000000000005,1.1,2.5,2.3000000000000003,1.1,1.1,1.4,0.2,0.5,0.9000000000000002,1.5,4.0,2.7,0.4,0.9000000000000002,"rgb(6,116,249)"
16.682727272727274,0.9000000000000002,1.1999999999999995,2.1000000000000005,1.6,1.0,1.6,1.8000000000000005,0.5,0.5999999999999999,1.1,1.4,1.8000000000000005,2.7,0.5,1.1,"rgb(10,127,245)"
16.6525,0.5999999999999999,1.1,1.9,1.6,1.5,1.3000000000000005,1.9,0.4,1.0,1.6,1.6,1.1999999999999995,1.8000000000000005,0.5999999999999999,1.1999999999999995,"rgb(4,125,251)"
16.34166666666667,0.7000000000000001,0.9000000000000002,1.6,1.8000000000000005,1.1,1.3000000000000005,1.3000000000000005,0.4,0.7000000000000001,1.4,1.1999999999999995,1.6999999999999995,2.2,0.5,1.1999999999999995,"rgb(19,120,236)"
16.55,1.0,1.3000000000000005,1.9,2.1000000000000005,1.4,1.3000000000000005,1.4,0.5999999999999999,0.7000000000000001,1.1,1.6,2.0,2.2,0.5999999999999999,1.4,"rgb(4,126,251)"
16.347692307692302,2.0,0.8,1.9,2.0,2.7,1.6,1.1,0.4,0.5999999999999999,1.1,1.1,1.1999999999999995,2.8,0.9000000000000002,2.0,"rgb(6,126,249)"
15.972307692307695,4.700000000000001,1.6,2.899999999999999,2.899999999999999,4.1000000000000005,3.100000000000001,2.7,0.5,1.1,1.4,2.3999999999999995,3.0,7.599999999999999,1.5,2.899999999999999,"rgb(36,112,219)"
15.649999999999995,5.0,2.3999999999999995,5.6000000000000005,5.799999999999999,2.3000000000000003,2.1000000000000005,3.0,0.7999999999999999,1.3000000000000005,1.8000000000000005,3.3,5.299999999999999,6.200000000000001,1.0,3.1000000000000005,"rgb(13,116,242)"
18.0,1.3,1.8,4.9,4.7,1.5,1.0,4.0,0.2,2.0,5.3,3.2,3.2,2.3,0.8,1.7,"rgb(34,108,221)"
16.634545454545453,0.7000000000000001,1.3000000000000005,3.3,2.1000000000000005,1.1,1.1999999999999995,3.100000000000001,0.4,1.9,3.600000000000001,2.5,2.1000000000000005,1.4,0.7000000000000001,2.3000000000000003,"rgb(13,123,242)"
15.829999999999998,0.5999999999999999,1.3000000000000005,1.9,1.3000000000000005,1.5,0.9000000000000002,2.0,0.29999999999999993,1.0,1.6,2.0,1.3000000000000005,1.8000000000000005,0.5999999999999999,1.0,"rgb(15,122,240)"
16.067272727272726,0.5,0.9000000000000002,2.1000000000000005,1.4,1.4,1.1999999999999995,1.6,0.4,1.0,1.3000000000000005,1.5,1.4,2.0,0.5,1.0,"rgb(12,124,243)"
15.394166666666667,0.2,1.1999999999999995,2.1000000000000005,1.4,2.1000000000000005,1.3000000000000005,2.1000000000000005,0.4,1.0,1.6,2.1000000000000005,1.6,1.8000000000000005,0.4,1.1,"rgb(5,127,250)"
16.713333333333335,0.29999999999999993,1.6,2.2,1.9,3.7000000000000006,1.6999999999999995,3.2999999999999994,0.4,1.0,1.3000000000000005,2.3999999999999995,2.5,1.9,0.7000000000000001,0.9000000000000002,"rgb(6,126,249)"
18.350833333333327,0.2,2.2,2.3999999999999995,2.3999999999999995,4.5,1.9,3.7000000000000006,0.5,1.3000000000000005,1.4,2.7,2.899999999999999,1.6,0.7999999999999999,0.9000000000000002,"rgb(5,127,250)"
13.3,0.4,2.2,3.1,2.0,4.3,2.0,3.7,0.6,1.5,1.3,3.4,3.0,2.0,0.9,1.2,"rgb(8,127,247)"
16.4425,0.5,2.3000000000000003,3.0,1.9,4.6000000000000005,2.6000000000000005,4.4,0.5,1.6,2.3999999999999995,3.2,3.2999999999999994,1.6999999999999995,0.7000000000000001,1.1999999999999995,"rgb(10,128,245)"
15.087692307692311,0.5999999999999999,1.6999999999999995,2.3000000000000003,2.3000000000000003,2.899999999999999,1.8000000000000005,3.0,0.5,1.0,1.1999999999999995,2.3000000000000003,1.8000000000000005,1.9,0.7,1.3000000000000005,"rgb(3,124,252)"
15.897692307692306,0.5,1.6999999999999995,2.2,1.6999999999999995,1.8000000000000005,1.1999999999999995,2.2,0.4,1.0,1.4,2.2,1.3000000000000005,2.2,0.4,1.1,"rgb(2,123,253)"
15.844545454545456,0.5,0.9000000000000002,1.6,1.6,1.1999999999999995,1.0,1.3000000000000005,0.5999999999999999,0.5999999999999999,1.1,1.5,1.3000000000000005,2.1000000000000005,0.29999999999999993,1.0,"rgb(1,120,254)"
15.82,0.5999999999999999,1.1,2.0,1.9,0.9000000000000002,1.4,1.0,0.5,0.4,1.1999999999999995,1.1999999999999995,1.6999999999999995,1.9,0.5999999999999999,1.1,"rgb(0,117,255)"
15.595,0.9000000000000002,0.9000000000000002,2.3000000000000003,2.5,1.1999999999999995,1.1,1.1999999999999995,0.5999999999999999,0.4,1.1,1.1999999999999995,1.5,1.9,0.7999999999999999,1.1999999999999995,"rgb(1,117,254)"
15.459090909090907,0.9000000000000002,1.0,2.2,2.5,1.3000000000000005,1.1999999999999995,1.1999999999999995,0.5,0.5999999999999999,1.1,1.3000000000000005,1.6,2.0,0.9000000000000002,1.3000000000000005,"rgb(3,123,252)"
16.3,1.2,0.9,2.7999999999999994,2.5,2.7999999999999994,1.9,2.3,0.5,0.6999999999999998,1.2,1.5,2.4,2.2,1.2,2.3,"rgb(7,126,248)"
15.559166666666668,3.600000000000001,0.7999999999999999,1.6,3.600000000000001,2.899999999999999,1.1,1.0,0.4,0.9000000000000002,1.9,1.3000000000000005,4.799999999999999,3.100000000000001,0.9000000000000002,2.3000000000000003,"rgb(13,117,242)"
15.41181818181818,0.5999999999999999,0.5999999999999999,3.600000000000001,3.899999999999999,0.7000000000000001,0.9000000000000002,1.0,0.4,0.7000000000000001,1.1999999999999995,1.6999999999999995,3.399999999999999,2.6000000000000005,0.5999999999999999,0.5,"rgb(8,117,247)"
15.739166666666668,0.5999999999999999,0.9000000000000002,1.5,1.6999999999999995,1.6,1.1,1.3000000000000005,0.4,0.7999999999999999,1.0,1.4,1.1999999999999995,2.3000000000000003,0.7000000000000001,0.7999999999999999,"rgb(28,113,227)"
14.75,1.3000000000000005,1.0,2.0,2.2,1.3000000000000005,1.0,1.1,0.5999999999999999,0.4,1.3000000000000005,1.1,2.3999999999999995,2.6000000000000005,0.7999999999999999,1.1,"rgb(6,117,249)"
15.411818181818182,2.3000000000000003,0.7999999999999999,1.6,1.1,1.4,0.9000000000000002,1.0,0.5,0.5999999999999999,1.1999999999999995,1.1,4.0,3.399999999999999,0.7000000000000001,1.1999999999999995,"rgb(5,117,250)"
15.462,1.0,1.1999999999999995,1.8000000000000005,2.2,1.8000000000000005,1.5,1.1999999999999995,0.5999999999999999,0.7000000000000001,1.4,1.6,2.0,2.6000000000000005,0.7999999999999999,0.7999999999999999,"rgb(28,114,227)"
15.15,0.8,1.5,2.4,2.4,2.0,1.3,1.8,0.6,0.7,1.4,1.5,2.2,2.0,1.0,1.6,"rgb(1,119,254)"
15.021666666666668,2.1000000000000005,1.3000000000000005,1.8000000000000005,2.0,2.6000000000000005,1.6,1.1,0.5,0.5999999999999999,1.1999999999999995,1.3000000000000005,3.600000000000001,2.3000000000000003,1.0,2.1000000000000005,"rgb(2,121,253)"
15.5675,1.8000000000000005,1.1999999999999995,2.2,1.6,2.8000000000000003,1.6999999999999995,1.3000000000000005,0.4,0.7000000000000001,1.0,1.6999999999999995,4.6000000000000005,2.3000000000000003,0.9000000000000002,1.9,"rgb(6,123,249)"
15.505833333333333,2.5,0.9000000000000002,1.6999999999999995,1.4,3.2999999999999994,1.6999999999999995,1.1,0.2,0.5,1.1999999999999995,0.9000000000000002,6.1000000000000005,3.7000000000000006,0.4,0.9000000000000002,"rgb(7,116,248)"
19.74363636363636,2.0,1.6,3.600000000000001,2.5,3.600000000000001,1.8000000000000005,2.7,0.5,1.0,1.5,2.0,7.0,1.8000000000000005,1.1999999999999995,2.2,"rgb(147,248,108)"
20.876666666666672,1.1,2.1,3.6000000000000005,2.4,3.5,1.6999999999999995,3.0,0.3,1.1,1.3,2.5,3.7,1.6,1.2,2.2,"rgb(146,248,109)"
20.15,1.6,2.9,3.9,2.1,3.8,2.1,3.2,0.5,1.2,2.3,2.9,5.9,2.6,0.7,2.6,"rgb(142,252,113)"
20.318333333333328,1.1,2.7,3.7000000000000006,1.9,3.5,2.3000000000000003,3.2,0.4,1.1,1.4,2.7,8.200000000000001,1.8000000000000005,1.0,2.0,"rgb(143,251,112)"
20.05272727272727,2.0,0.7999999999999999,3.2,2.5,2.5,1.1,1.4,0.4,0.5,1.4,1.9,6.6,1.6999999999999995,0.9000000000000002,1.8000000000000005,"rgb(142,250,113)"
18.96818181818181,0.29999999999999993,1.6999999999999995,4.200000000000001,3.2,2.3000000000000003,1.3000000000000005,1.6,0.5,0.7000000000000001,1.3000000000000005,3.2,3.100000000000001,1.0,0.7000000000000001,1.6,"rgb(143,248,112)"
20.227500000000006,0.9000000000000002,2.899999999999999,5.700000000000002,3.399999999999999,3.8,2.3000000000000003,3.7000000000000006,0.4,1.4,1.1999999999999995,4.1000000000000005,8.400000000000002,2.7,1.0,3.2,"rgb(140,246,115)"
18.98818181818182,0.5999999999999999,0.7000000000000001,2.5,2.2,2.0,1.1,1.1999999999999995,0.29999999999999993,0.5,1.8000000000000005,1.0,4.6000000000000005,1.6,0.7000000000000001,1.1999999999999995,"rgb(140,253,115)"
19.36,0.5999999999999999,1.1,3.3,2.6000000000000005,1.6999999999999995,0.5,1.6,0.29999999999999993,0.5,1.6999999999999995,1.5,2.0,2.0,0.9000000000000002,1.4,"rgb(140,255,115)"
18.0,2.5,1.7,3.3,1.9,3.8,2.4,2.7,0.4,0.9,1.5,1.7,8.1,1.4,1.2,1.7,"rgb(143,253,112)"
20.2725,1.9,0.9000000000000002,3.2999999999999994,2.3000000000000003,3.0,1.3000000000000005,1.1999999999999995,0.29999999999999993,0.5999999999999999,1.6,1.9,5.9,2.0,0.7000000000000001,1.4,"rgb(147,247,108)"
20.328181818181818,2.899999999999999,0.9000000000000002,2.3000000000000003,1.9,3.899999999999999,1.6,1.5,0.29999999999999993,0.5,1.4,1.1,6.1000000000000005,2.7,1.1999999999999995,2.3000000000000003,"rgb(147,246,108)"
19.969166666666666,1.8000000000000005,0.9000000000000002,2.1000000000000005,1.8000000000000005,3.899999999999999,1.1,1.1,0.4,0.5,1.4,1.1,5.700000000000002,1.0,1.0,1.8000000000000005,"rgb(141,254,114)"
20.864166666666666,1.1,0.9000000000000002,2.5,2.3000000000000003,2.0,1.1,1.0,0.4,0.4,1.3000000000000005,1.3000000000000005,4.700000000000001,1.4,0.7000000000000001,1.4,"rgb(141,255,114)"
21.582727272727276,1.8000000000000005,3.3,5.4,3.5,4.200000000000001,2.5,4.0,0.4,1.3000000000000005,1.1,3.8,5.0,1.6,1.1,2.6000000000000005,"rgb(141,248,114)"
21.736666666666665,1.9,2.5,4.6000000000000005,2.7,3.7,3.3000000000000003,3.8,0.2,1.3,1.5,2.7,9.6,2.1,1.6999999999999995,2.4,"rgb(140,246,115)"
18.0,1.6,2.5,4.0,2.9,3.2,2.7,3.1,0.4,1.1,1.3,2.7,6.5,2.3,1.3,2.3,"rgb(142,246,113)"
22.494545454545456,1.8000000000000005,3.0,5.9,3.7,3.899999999999999,3.100000000000001,4.200000000000001,0.4,1.5,1.4,3.899999999999999,9.2,1.6,1.5,2.8000000000000003,"rgb(140,246,115)"
22.635,1.9,2.8000000000000003,4.200000000000001,2.5,3.9,2.8000000000000003,3.8,0.4,1.3000000000000005,1.3000000000000005,2.7,7.9,2.3999999999999995,1.1999999999999995,2.5,"rgb(139,247,116)"
22.03363636363636,2.6000000000000005,1.5,2.7,1.6999999999999995,4.200000000000001,1.8000000000000005,2.1000000000000005,0.4,0.7999999999999999,1.3000000000000005,1.8000000000000005,5.6000000000000005,1.5,0.9000000000000002,2.7,"rgb(140,249,115)"
21.63666666666667,2.6000000000000005,0.5,1.5,1.9,2.0,0.5,0.9000000000000002,0.4,0.29999999999999993,1.3000000000000005,0.7999999999999999,5.299999999999999,1.6999999999999995,0.9000000000000002,2.0,"rgb(138,253,117)"
22.80090909090909,2.3000000000000003,0.7000000000000001,1.8000000000000005,2.3999999999999995,1.4,0.0,0.7999999999999999,0.4,0.5999999999999999,1.5,1.4,3.5,1.9,1.0,1.8000000000000005,"rgb(139,255,116)"
22.68555555555556,1.2,1.8000000000000005,4.1000000000000005,3.2,2.3000000000000003,0.6,1.9,0.4,0.9000000000000001,1.5,2.8000000000000003,2.6,3.1000000000000005,1.0,2.2,"rgb(143,252,112)"
18.65,2.1,2.2,3.2,1.4,4.0,2.1,2.7,0.4,1.0,1.7,1.9,9.1,2.4,1.2,2.4,"rgb(142,251,113)"
23.771538461538462,2.3999999999999995,0.9000000000000002,2.3000000000000003,1.6,3.100000000000001,1.1,1.5,0.4,0.5,1.1,1.1999999999999995,5.799999999999998,1.3000000000000005,0.8,1.5,"rgb(139,252,116)"
23.976666666666667,2.7,0.5999999999999999,1.6999999999999995,2.0,3.600000000000001,1.3000000000000005,0.7999999999999999,0.29999999999999993,0.4,0.9000000000000002,0.9000000000000002,5.9,1.1999999999999995,1.1999999999999995,2.5,"rgb(138,253,117)"
23.441666666666666,1.1,0.7999999999999999,1.5,2.0,1.8000000000000005,0.7999999999999999,0.7999999999999999,0.29999999999999993,0.5,1.3000000000000005,1.3000000000000005,4.4,1.6999999999999995,0.7999999999999999,1.3000000000000005,"rgb(139,254,116)"
24.40416666666667,1.1999999999999995,1.8000000000000005,3.600000000000001,2.6000000000000005,2.899999999999999,1.4,2.3000000000000003,0.5,0.7999999999999999,1.4,2.7,3.2999999999999994,2.3000000000000003,1.1,1.9,"rgb(146,248,109)"
23.549166666666668,1.6999999999999995,1.1999999999999995,3.0,2.3999999999999995,2.8000000000000003,1.5,1.5,0.4,0.7000000000000001,1.3000000000000005,1.4,2.899999999999999,2.2,0.9000000000000002,1.4,"rgb(147,247,108)"
24.938000000000002,1.1999999999999995,2.6000000000000005,3.7,2.8000000000000003,3.3999999999999995,2.3999999999999995,3.5,0.29999999999999993,1.0,1.6999999999999995,2.1000000000000005,4.4,1.1999999999999995,1.5,2.2,"rgb(141,249,114)"
