DateTime,臺北市,嘉義市,新竹市,基隆市,新北市,桃園市,臺中市,彰化縣,高雄市,臺南市,金門縣,澎湖縣,雲林縣,連江縣,新竹縣,苗栗縣,屏東縣,嘉義縣,宜蘭縣,南投縣,花蓮縣,臺東縣
2012-01-01,26315.0,0,0,0,0.0,0.0,100.0,400.0,0.0,0,0,0,0,0,0,0,0.0,0,0.0,687.0,635.0,0.0
2012-01-08,30876.0,0,0,0,0.0,0.0,153.0,0.0,0.0,0,0,0,0,0,0,0,0.0,0,0.0,0.0,695.0,0.0
2012-01-15,39967.0,0,0,0,0.0,0.0,290.0,0.0,0.0,0,0,0,0,0,0,0,0.0,0,0.0,172.0,2508.0,0.0
2012-01-22,9940.0,0,0,0,0.0,0.0,0.0,0.0,0.0,0,0,0,0,0,0,0,0.0,0,0.0,0.0,241.0,0.0
2012-01-29,22260.0,0,0,0,0.0,0.0,83.0,0.0,200.0,0,0,0,0,0,0,0,0.0,0,0.0,0.0,676.5,0.0
2012-02-05,22703.0,0,0,0,0.0,0.0,114.0,0.0,0.0,0,0,0,0,0,0,0,0.0,0,0.0,0.0,350.5,0.0
2012-02-12,25802.0,0,0,0,0.0,0.0,150.0,0.0,183.0,0,0,0,0,0,0,0,0.0,0,0.0,0.0,472.5,0.0
2012-02-19,23996.0,0,0,0,0.0,0.0,136.0,0.0,0.0,0,0,0,0,0,0,0,0.0,0,0.0,0.0,490.5,0.0
2012-02-26,28364.0,0,0,0,0.0,0.0,0.0,0.0,0.0,0,0,0,0,0,0,0,0.0,0,0.0,0.0,714.0,0.0
2012-03-04,29500.0,0,0,0,0.0,0.0,0.0,500.0,0.0,0,0,0,0,0,0,0,0.0,0,0.0,0.0,911.5,0.0
2012-03-11,26690.0,0,0,0,0.0,0.0,159.0,0.0,0.0,0,0,0,0,0,0,0,0.0,0,0.0,0.0,1064.0,0.0
2012-03-18,32140.0,0,0,0,0.0,0.0,139.0,0.0,2084.0,0,0,0,0,0,0,0,0.0,0,0.0,0.0,998.0,0.0
2012-03-25,24260.0,0,0,0,0.0,0.0,122.0,0.0,0.0,0,0,0,0,0,0,0,0.0,0,0.0,0.0,1504.0,0.0
2012-04-01,19607.0,0,0,0,0.0,0.0,131.0,800.0,0.0,0,0,0,0,0,0,0,0.0,0,0.0,0.0,1284.0,0.0
2012-04-08,27703.0,0,0,0,0.0,0.0,118.0,0.0,0.0,0,0,0,0,0,0,0,0.0,0,0.0,1276.0,1272.5,0.0
2012-04-15,29850.0,0,0,0,0.0,0.0,110.0,0.0,0.0,0,0,0,0,0,0,0,0.0,0,0.0,1121.0,2058.5,0.0
2012-04-22,24485.0,0,0,0,0.0,0.0,130.0,0.0,1101.0,0,0,0,0,0,0,0,0.0,0,0.0,1976.0,1242.0,0.0
2012-04-29,26588.0,0,0,0,0.0,0.0,133.0,800.0,0.0,0,0,0,0,0,0,0,0.0,0,0.0,1758.0,1018.0,0.0
2012-05-06,36086.0,0,0,0,0.0,0.0,149.0,0.0,0.0,0,0,0,0,0,0,0,0.0,0,0.0,1660.0,868.0,0.0
2012-05-13,48066.0,0,0,0,0.0,0.0,121.0,0.0,3539.0,0,0,0,0,0,0,0,0.0,0,0.0,2347.0,0.0,0.0
2012-05-20,55661.0,0,0,0,0.0,0.0,150.0,0.0,0.0,0,0,0,0,0,0,0,0.0,0,0.0,1950.0,0.0,0.0
2012-05-27,68792.0,0,0,0,0.0,0.0,134.0,0.0,318.0,0,0,0,0,0,0,0,0.0,0,0.0,1433.0,0.0,0.0
2012-06-03,80288.0,0,0,0,0.0,0.0,141.0,1000.0,0.0,0,0,0,0,0,0,0,0.0,0,0.0,1247.0,0.0,0.0
2012-06-10,81290.0,0,0,0,0.0,0.0,142.0,4682.0,0.0,0,0,0,0,0,0,0,0.0,0,0.0,1117.0,256.5,0.0
2012-06-17,104636.0,0,0,0,0.0,0.0,223.0,0.0,0.0,0,0,0,0,0,0,0,0.0,0,0.0,0.0,0.0,0.0
2012-06-24,57182.0,0,0,0,0.0,0.0,49.0,0.0,0.0,0,0,0,0,0,0,0,0.0,0,0.0,1095.0,189.5,0.0
2012-07-01,101509.0,0,0,0,0.0,0.0,143.0,0.0,990.0,0,0,0,0,0,0,0,0.0,0,0.0,378.0,0.0,0.0
2012-07-08,107002.0,0,0,0,0.0,0.0,143.0,0.0,0.0,0,0,0,0,0,0,0,0.0,0,0.0,409.0,0.0,0.0
2012-07-15,111350.0,0,0,0,0.0,0.0,259.0,0.0,0.0,0,0,0,0,0,0,0,0.0,0,0.0,0.0,0.0,0.0
2012-07-22,105242.0,0,0,0,0.0,0.0,175.0,0.0,95.0,0,0,0,0,0,0,0,0.0,0,0.0,114.0,0.0,0.0
2012-07-29,117582.0,0,0,0,0.0,0.0,365.0,0.0,510.0,0,0,0,0,0,0,0,0.0,0,0.0,133.0,0.0,0.0
2012-08-05,92048.0,0,0,0,0.0,0.0,260.0,0.0,0.0,0,0,0,0,0,0,0,0.0,0,0.0,0.0,0.0,0.0
2012-08-12,91520.0,0,0,0,0.0,0.0,243.0,0.0,0.0,0,0,0,0,0,0,0,0.0,0,0.0,63.0,0.0,0.0
2012-08-19,99183.0,0,0,0,0.0,0.0,568.0,0.0,0.0,0,0,0,0,0,0,0,0.0,0,0.0,279.0,0.0,0.0
2012-08-26,64104.0,0,0,0,0.0,0.0,160.0,0.0,0.0,0,0,0,0,0,0,0,0.0,0,0.0,413.0,0.0,0.0
2012-09-02,62603.0,0,0,0,0.0,0.0,155.0,200.0,0.0,0,0,0,0,0,0,0,0.0,0,0.0,0.0,401.0,0.0
2012-09-09,70125.0,0,0,0,0.0,0.0,234.0,0.0,0.0,0,0,0,0,0,0,0,0.0,0,0.0,128.0,193.0,0.0
2012-09-16,70922.0,0,0,0,0.0,0.0,141.0,0.0,0.0,0,0,0,0,0,0,0,0.0,0,0.0,499.0,1508.0,0.0
2012-09-23,91229.0,0,0,0,0.0,0.0,836.0,0.0,0.0,0,0,0,0,0,0,0,0.0,0,0.0,710.0,3236.5,0.0
2012-09-30,64084.0,0,0,0,0.0,20.0,876.0,400.0,2122.0,0,0,0,0,0,0,0,0.0,0,0.0,563.0,2017.0,0.0
2012-10-07,61911.0,0,0,0,0.0,0.0,399.0,0.0,1965.0,0,0,0,0,0,0,0,0.0,0,0.0,513.0,2205.5,0.0
2012-10-14,51497.0,0,0,0,0.0,0.0,331.0,0.0,80.0,0,0,0,0,0,0,0,0.0,0,0.0,801.0,1672.1,0.0
2012-10-21,40604.0,0,0,0,0.0,60.0,300.0,0.0,0.0,0,0,0,0,0,0,0,0.0,0,0.0,427.0,1756.0,0.0
2012-10-28,44028.0,0,0,0,0.0,0.0,193.0,0.0,0.0,0,0,0,0,0,0,0,0.0,0,0.0,569.0,2658.5,0.0
2012-11-04,43749.0,0,0,0,0.0,0.0,119.0,500.0,0.0,0,0,0,0,0,0,0,0.0,0,0.0,447.0,2809.5,0.0
2012-11-11,39168.0,0,0,0,0.0,0.0,112.0,0.0,710.0,0,0,0,0,0,0,0,0.0,0,0.0,482.0,2132.0,0.0
2012-11-18,41018.0,0,0,0,0.0,0.0,145.0,0.0,0.0,0,0,0,0,0,0,0,0.0,0,0.0,811.0,1845.5,0.0
2012-11-25,41691.0,0,0,0,0.0,20.0,147.0,0.0,0.0,0,0,0,0,0,0,0,0.0,0,0.0,989.0,893.0,0.0
2012-12-02,42785.0,0,0,0,0.0,0.0,146.0,0.0,0.0,0,0,0,0,0,0,0,0.0,0,0.0,653.0,800.5,0.0
2012-12-09,34179.0,0,0,0,0.0,0.0,138.0,0.0,0.0,0,0,0,0,0,0,0,0.0,0,0.0,1465.0,523.0,0.0
2012-12-16,36624.0,0,0,0,0.0,0.0,165.0,0.0,11.0,0,0,0,0,0,0,0,0.0,0,0.0,773.0,361.5,0.0
2012-12-23,29178.0,0,0,0,0.0,0.0,121.0,0.0,30.0,0,0,0,0,0,0,0,0.0,0,0.0,656.0,149.0,0.0
2012-12-30,29406.0,0,0,0,0.0,0.0,154.0,0.0,0.0,0,0,0,0,0,0,0,0.0,0,0.0,1000.0,254.5,0.0
2013-01-06,36015.0,0,0,0,0.0,0.0,125.0,815.0,0.0,0,0,0,0,0,0,0,0.0,0,0.0,1096.0,156.5,0.0
2013-01-13,26935.0,0,0,0,0.0,0.0,126.0,0.0,0.0,0,0,0,0,0,0,0,0.0,0,0.0,886.0,0.0,0.0
2013-01-20,35605.0,0,0,0,0.0,0.0,104.0,0.0,0.0,0,0,0,0,0,0,0,0.0,0,0.0,982.0,0.0,0.0
2013-01-27,38615.0,0,0,0,0.0,0.0,111.0,0.0,4864.0,0,0,0,0,0,0,0,0.0,0,0.0,1073.0,743.0,0.0
2013-02-03,69600.0,0,0,0,0.0,0.0,188.0,1000.0,0.0,0,0,0,0,0,0,0,0.0,0,0.0,1340.0,2721.0,0.0
2013-02-10,19795.0,0,0,0,0.0,44.0,122.0,0.0,0.0,0,0,0,0,0,0,0,0.0,0,0.0,192.0,303.0,0.0
2013-02-17,47560.0,0,0,0,0.0,0.0,128.0,0.0,5125.0,0,0,0,0,0,0,0,0.0,0,0.0,995.0,2011.0,0.0
2013-02-24,34507.0,0,0,0,0.0,0.0,119.0,0.0,0.0,0,0,0,0,0,0,0,0.0,0,0.0,914.0,903.5,0.0
2013-03-03,41125.0,0,0,0,0.0,0.0,116.0,0.0,120.0,0,0,0,0,0,0,0,0.0,0,0.0,1373.0,1106.5,0.0
2013-03-10,36303.0,0,0,0,0.0,0.0,102.0,0.0,0.0,0,0,0,0,0,0,0,0.0,0,0.0,1199.0,2721.0,0.0
2013-03-17,39782.0,0,0,0,0.0,0.0,121.0,0.0,0.0,0,0,0,0,0,0,0,0.0,0,0.0,1488.0,1034.0,0.0
2013-03-24,38762.0,0,0,0,0.0,0.0,105.0,0.0,0.0,0,0,0,0,0,0,0,0.0,0,0.0,1588.0,1741.0,0.0
2013-03-31,35430.0,0,0,0,0.0,0.0,122.0,0.0,5431.0,0,0,0,0,0,0,0,0.0,0,0.0,778.0,1105.5,0.0
2013-04-07,47471.0,0,0,0,0.0,0.0,132.0,1000.0,0.0,0,0,0,0,0,0,0,0.0,0,0.0,1389.0,3037.0,0.0
2013-04-14,42682.0,0,0,0,0.0,0.0,117.0,0.0,2472.0,0,0,0,0,0,0,0,0.0,0,0.0,1163.0,1899.0,0.0
2013-04-21,48520.0,0,0,0,0.0,0.0,119.0,0.0,0.0,0,0,0,0,0,0,0,0.0,0,0.0,959.0,2483.0,0.0
2013-04-28,58695.0,0,0,0,0.0,0.0,118.0,0.0,2799.0,0,0,0,0,0,0,0,0.0,0,27830.0,857.0,5151.0,0.0
2013-05-05,70695.0,0,0,0,0.0,0.0,130.0,0.0,0.0,0,0,0,0,0,0,0,0.0,0,48420.0,1391.0,2922.5,0.0
2013-05-12,65171.0,0,0,0,0.0,0.0,201.0,0.0,0.0,0,0,0,0,0,0,0,0.0,0,32120.0,805.0,2839.0,0.0
2013-05-19,67633.0,0,0,0,0.0,0.0,553.0,0.0,0.0,0,0,0,0,0,0,0,0.0,0,47380.0,384.0,1602.0,5514.0
2013-05-26,82295.0,0,0,0,0.0,0.0,343.0,0.0,0.0,0,0,0,0,0,0,0,0.0,0,45000.0,739.0,420.0,6875.0
2013-06-02,111402.0,0,0,0,0.0,0.0,118.0,0.0,0.0,0,0,0,0,0,0,0,0.0,0,49540.0,898.0,1726.5,7505.0
2013-06-09,102071.0,0,0,0,0.0,0.0,161.0,0.0,0.0,0,0,0,0,0,0,0,0.0,0,33000.0,971.0,2742.0,7290.0
2013-06-16,154067.0,0,0,0,0.0,0.0,150.0,0.0,0.0,0,0,0,0,0,0,0,0.0,0,48080.0,1496.0,2991.5,7980.0
2013-06-23,152217.0,0,0,0,0.0,0.0,146.0,0.0,0.0,0,0,0,0,0,0,0,0.0,0,50900.0,1247.0,1169.0,6305.0
2013-06-30,157435.0,0,0,0,0.0,0.0,169.0,322.0,0.0,0,0,0,0,0,0,0,0.0,0,52840.0,0.0,1847.5,7625.0
2013-07-07,168738.0,0,0,0,0.0,0.0,300.0,0.0,0.0,0,0,0,0,0,0,0,0.0,0,42230.0,356.0,2081.5,10075.0
2013-07-14,108504.0,0,0,0,0.0,0.0,0.0,0.0,2870.0,0,0,0,0,0,0,0,0.0,0,45380.0,0.0,3400.0,5380.0
2013-07-21,126608.0,0,0,0,0.0,0.0,30.0,0.0,0.0,0,0,0,0,0,0,0,0.0,0,48710.0,560.0,2541.0,6250.0
2013-07-28,132220.0,0,0,0,0.0,0.0,0.0,0.0,0.0,0,0,0,0,0,0,0,0.0,0,49520.0,923.0,530.0,7037.0
2013-08-04,118230.0,0,0,0,0.0,0.0,0.0,0.0,0.0,0,0,0,0,0,0,0,0.0,0,48900.0,997.0,2619.0,7210.0
2013-08-11,110405.0,0,0,0,0.0,0.0,57.0,0.0,3783.0,0,0,0,0,0,0,0,0.0,0,48940.0,1402.0,2316.5,6985.0
2013-08-18,92106.0,0,0,0,0.0,0.0,0.0,0.0,6102.0,0,0,0,0,0,0,0,0.0,0,33310.0,1216.0,1219.0,6070.0
2013-08-25,100477.0,0,0,0,0.0,0.0,250.0,0.0,0.0,0,0,0,0,0,0,0,0.0,0,49440.0,1243.0,2100.0,7460.0
2013-09-01,97092.0,0,0,0,0.0,0.0,0.0,0.0,0.0,0,0,0,0,0,0,0,0.0,0,51000.0,963.0,2875.0,6465.0
2013-09-08,113952.0,0,0,0,0.0,48.0,0.0,0.0,0.0,0,0,0,0,0,0,0,0.0,0,51540.0,0.0,2997.0,4845.0
2013-09-15,113075.0,0,0,0,0.0,0.0,0.0,0.0,0.0,0,0,0,0,0,0,0,0.0,0,37850.0,0.0,0.0,4950.0
2013-09-22,123457.0,0,0,0,0.0,0.0,0.0,0.0,0.0,0,0,0,0,0,0,0,0.0,0,52000.0,450.0,499.0,5969.0
2013-09-29,102442.0,0,0,0,0.0,0.0,0.0,0.0,0.0,0,0,0,0,0,0,0,0.0,0,51920.0,0.0,2561.0,5748.0
2013-10-06,104871.0,0,0,0,0.0,0.0,0.0,0.0,0.0,0,0,0,0,0,0,0,0.0,0,52370.0,0.0,2065.5,5800.0
2013-10-13,85835.0,0,0,0,0.0,0.0,0.0,0.0,0.0,0,0,0,0,0,0,0,0.0,0,53120.0,0.0,2115.0,5125.0
2013-10-20,71810.0,0,0,0,0.0,0.0,0.0,0.0,0.0,0,0,0,0,0,0,0,0.0,0,53230.0,0.0,1996.5,5545.0
2013-10-27,61433.0,0,0,0,0.0,0.0,0.0,0.0,0.0,0,0,0,0,0,0,0,0.0,0,52190.0,0.0,1672.0,6355.0
2013-11-03,59116.0,0,0,0,0.0,0.0,0.0,0.0,0.0,0,0,0,0,0,0,0,0.0,0,48900.0,571.0,1189.5,6765.0
2013-11-10,53016.0,0,0,0,0.0,0.0,0.0,0.0,0.0,0,0,0,0,0,0,0,0.0,0,49500.0,0.0,902.0,7320.0
2013-11-17,47554.0,0,0,0,0.0,0.0,0.0,0.0,0.0,0,0,0,0,0,0,0,0.0,0,48640.0,0.0,757.5,6830.0
2013-11-24,47839.0,0,0,0,0.0,0.0,25.0,0.0,14.0,0,0,0,0,0,0,0,0.0,0,45460.0,805.0,1685.0,6520.0
2013-12-01,41301.0,0,0,0,0.0,0.0,0.0,0.0,0.0,0,0,0,0,0,0,0,0.0,0,43690.0,0.0,2429.5,5815.0
2013-12-08,36670.0,0,0,0,0.0,0.0,0.0,0.0,0.0,0,0,0,0,0,0,0,0.0,0,39630.0,0.0,734.5,6050.0
2013-12-15,38170.0,0,0,0,0.0,0.0,0.0,0.0,0.0,0,0,0,0,0,0,0,0.0,0,13520.0,1019.0,0.0,6835.0
2013-12-22,39673.0,0,0,0,0.0,0.0,0.0,0.0,0.0,0,0,0,0,0,0,0,0.0,0,41110.0,997.0,0.0,5645.0
2013-12-29,30734.0,0,0,0,0.0,80.0,0.0,0.0,0.0,0,0,0,0,0,0,0,0.0,0,32550.0,1174.0,826.0,6475.0
2014-01-05,30081.0,0,0,0,0.0,0.0,0.0,0.0,0.0,0,0,0,0,0,0,0,0.0,0,39830.0,933.0,883.5,6285.0
2014-01-12,37278.0,0,0,0,0.0,0.0,0.0,0.0,0.0,0,0,0,0,0,0,0,0.0,0,43410.0,1373.0,1546.5,6775.0
2014-01-19,34763.0,0,0,0,0.0,0.0,0.0,0.0,0.0,0,0,0,0,0,0,0,0.0,0,44900.0,1289.0,745.0,7520.0
2014-01-26,45110.0,0,0,0,0.0,120.0,200.0,0.0,0.0,0,0,0,0,0,0,0,0.0,0,37790.0,1141.0,1297.0,13585.0
2014-02-02,21778.0,0,0,0,0.0,0.0,0.0,0.0,0.0,0,0,0,0,0,0,0,0.0,0,29680.0,714.0,336.0,3750.0
2014-02-09,35104.0,0,0,0,0.0,0.0,60.0,0.0,0.0,0,0,0,0,0,0,0,0.0,0,36250.0,983.0,1057.0,6875.0
2014-02-16,34295.0,0,0,0,0.0,0.0,44.0,0.0,0.0,0,0,0,0,0,0,0,0.0,0,19440.0,807.0,1048.5,7075.0
2014-02-23,31117.0,0,0,0,0.0,0.0,0.0,0.0,0.0,0,0,0,0,0,0,0,0.0,0,41660.0,854.0,1045.0,7245.0
2014-03-02,30049.0,0,0,0,0.0,0.0,200.0,0.0,0.0,0,0,0,0,0,0,0,0.0,0,42540.0,415.0,964.0,7685.0
2014-03-09,30669.0,0,0,0,0.0,0.0,0.0,0.0,0.0,0,0,0,0,0,0,0,0.0,0,41480.0,1039.0,43.0,8185.0
2014-03-16,27259.0,0,0,0,0.0,0.0,0.0,0.0,0.0,0,0,0,0,0,0,0,0.0,0,38570.0,610.0,0.0,7415.0
2014-03-23,32017.0,0,0,0,0.0,0.0,0.0,0.0,0.0,0,0,0,0,0,0,0,0.0,0,37090.0,586.0,0.0,7920.0
2014-03-30,33400.0,0,0,0,0.0,0.0,0.0,0.0,0.0,0,0,0,0,0,0,0,0.0,0,36620.0,799.0,1919.5,9535.0
2014-04-06,30498.0,0,0,0,0.0,0.0,0.0,0.0,0.0,0,0,0,0,0,0,0,0.0,0,31730.0,845.0,3125.5,7440.0
2014-04-13,30330.0,0,0,0,0.0,0.0,0.0,0.0,0.0,0,0,0,0,0,0,0,0.0,0,37920.0,1104.0,513.0,9465.0
2014-04-20,38369.0,0,0,0,0.0,0.0,0.0,0.0,0.0,0,0,0,0,0,0,0,0.0,0,36230.0,723.0,1225.0,8330.0
2014-04-27,44746.0,0,0,0,0.0,0.0,0.0,0.0,0.0,0,0,0,0,0,0,0,0.0,0,34410.0,754.0,1790.0,9925.0
2014-05-04,45647.0,0,0,0,0.0,0.0,0.0,0.0,0.0,0,0,0,0,0,0,0,0.0,0,33290.0,523.0,662.0,8845.0
2014-05-11,41648.0,0,0,0,0.0,0.0,0.0,0.0,0.0,0,0,0,0,0,0,0,0.0,0,34940.0,0.0,209.0,8620.0
2014-05-18,62624.0,0,0,0,0.0,0.0,0.0,0.0,0.0,0,0,0,0,0,0,0,0.0,0,34280.0,0.0,409.0,9510.0
2014-05-25,79883.0,0,0,0,0.0,0.0,0.0,0.0,0.0,0,0,0,0,0,0,0,0.0,0,29790.0,1171.0,0.0,8350.0
2014-06-01,77115.0,0,0,0,0.0,0.0,0.0,0.0,0.0,0,0,0,0,0,0,0,0.0,0,31560.0,945.0,0.0,7625.0
2014-06-08,105920.0,0,0,0,0.0,0.0,0.0,0.0,0.0,0,0,0,0,0,0,0,0.0,0,38280.0,1092.0,1678.0,8360.0
2014-06-15,108935.0,0,0,0,0.0,0.0,0.0,0.0,0.0,0,0,0,0,0,0,0,0.0,0,38880.0,1308.0,0.0,8170.0
2014-06-22,117408.0,0,0,0,0.0,0.0,0.0,0.0,0.0,0,0,0,0,0,0,0,0.0,0,39580.0,1047.0,0.0,10730.0
2014-06-29,128151.0,0,0,0,0.0,0.0,0.0,0.0,0.0,0,0,0,0,0,0,0,0.0,0,39340.0,1164.0,0.0,8755.0
2014-07-06,129471.0,0,0,0,0.0,0.0,0.0,0.0,0.0,0,0,0,0,0,0,0,0.0,0,40300.0,953.0,645.0,10075.0
2014-07-13,121521.0,0,0,0,0.0,0.0,0.0,0.0,0.0,0,0,0,0,0,0,0,0.0,0,41050.0,520.0,1577.0,10020.0
2014-07-20,126610.0,0,0,0,0.0,80.0,0.0,0.0,0.0,0,0,0,0,0,0,0,0.0,0,37700.0,663.0,709.0,9750.0
2014-07-27,120877.0,0,0,0,0.0,0.0,0.0,0.0,0.0,0,0,0,0,0,0,0,0.0,0,45610.0,0.0,1028.0,9010.0
2014-08-03,135767.0,0,0,0,0.0,0.0,0.0,0.0,0.0,0,0,0,0,0,0,0,0.0,0,44240.0,0.0,1288.5,10290.0
2014-08-10,110838.0,0,0,0,0.0,0.0,0.0,0.0,0.0,0,0,0,0,0,0,0,0.0,0,37190.0,0.0,0.0,7520.0
2014-08-17,127417.0,0,0,0,0.0,20.0,0.0,0.0,0.0,0,0,0,0,0,0,0,0.0,0,45310.0,0.0,612.0,9445.0
2014-08-24,115799.0,0,0,0,0.0,0.0,0.0,0.0,0.0,0,0,0,0,0,0,0,0.0,0,43950.0,0.0,0.0,10525.0
2014-08-31,114261.0,0,0,0,0.0,0.0,0.0,0.0,0.0,0,0,0,0,0,0,0,0.0,0,38790.0,750.0,0.0,10320.0
2014-09-07,84591.0,0,0,0,0.0,0.0,0.0,0.0,0.0,0,0,0,0,0,0,0,0.0,0,37910.0,209.0,0.0,8410.0
2014-09-14,82864.0,0,0,0,0.0,0.0,0.0,0.0,0.0,0,0,0,0,0,0,0,0.0,0,45120.0,672.0,0.0,10460.0
2014-09-21,67156.0,0,0,0,0.0,0.0,0.0,0.0,0.0,0,0,0,0,0,0,0,0.0,0,47840.0,534.0,0.0,9115.0
2014-09-28,58738.0,0,0,0,0.0,0.0,0.0,0.0,0.0,0,0,0,0,0,0,0,0.0,0,48430.0,743.0,0.0,8352.0
2014-10-05,59103.0,0,0,0,0.0,0.0,0.0,0.0,0.0,0,0,0,0,0,0,0,0.0,0,45620.0,513.0,0.0,7925.0
2014-10-12,51806.0,0,0,0,0.0,0.0,0.0,0.0,0.0,0,0,0,0,0,0,0,0.0,0,36860.0,627.0,864.0,7850.0
2014-10-19,45131.0,0,0,0,0.0,0.0,0.0,0.0,0.0,0,0,0,0,0,0,0,0.0,0,42730.0,705.0,584.0,7274.0
2014-10-26,54000.0,0,0,0,0.0,0.0,0.0,0.0,0.0,0,0,0,0,0,0,0,0.0,0,40200.0,493.0,805.0,5967.0
2014-11-02,63150.0,0,0,0,0.0,0.0,0.0,0.0,0.0,0,0,0,0,0,0,0,0.0,0,39270.0,595.0,0.0,6745.0
2014-11-09,51747.0,0,0,0,0.0,0.0,0.0,0.0,100.0,0,0,0,0,0,0,0,0.0,0,37430.0,0.0,1758.0,6730.0
2014-11-16,51464.0,0,0,0,0.0,0.0,0.0,0.0,0.0,0,0,0,0,0,0,0,0.0,0,39440.0,0.0,3176.0,7345.0
2014-11-23,46128.0,0,0,0,0.0,0.0,0.0,0.0,0.0,0,0,0,0,0,0,0,0.0,0,32960.0,0.0,1220.5,6325.0
2014-11-30,42862.0,0,0,0,0.0,0.0,0.0,0.0,0.0,0,0,0,0,0,0,0,0.0,0,38860.0,0.0,2352.5,6975.0
2014-12-07,49088.0,0,0,0,0.0,0.0,0.0,0.0,100.0,0,0,0,0,0,0,0,0.0,0,34290.0,0.0,1139.0,6910.0
2014-12-14,45670.0,0,0,0,0.0,0.0,0.0,0.0,0.0,0,0,0,0,0,0,0,0.0,0,44360.0,684.0,1805.5,6515.0
2014-12-21,33270.0,0,0,0,0.0,0.0,0.0,0.0,0.0,0,0,0,0,0,0,0,0.0,0,38200.0,0.0,972.0,4930.0
2014-12-28,42472.0,0,0,0,0.0,0.0,0.0,0.0,0.0,0,0,0,0,0,0,0,0.0,0,44380.0,0.0,598.0,7825.0
2015-01-04,37234.0,0,0,0,0.0,0.0,0.0,0.0,0.0,0,0,0,0,0,0,0,0.0,0,43220.0,0.0,3767.0,6045.0
2015-01-11,41150.0,0,0,0,0.0,0.0,0.0,0.0,0.0,0,0,0,0,0,0,0,0.0,0,45750.0,711.0,127.0,7385.0
2015-01-18,48477.0,0,0,0,0.0,0.0,0.0,0.0,0.0,0,0,0,0,0,0,0,0.0,0,45340.0,0.0,105.0,7005.0
2015-01-25,51475.0,0,0,0,0.0,0.0,0.0,0.0,0.0,0,0,0,0,0,0,0,0.0,0,46700.0,0.0,0.0,6360.0
2015-02-01,60401.0,0,0,0,0.0,0.0,22.0,0.0,0.0,0,0,0,0,0,0,0,0.0,0,46340.0,0.0,0.0,7770.0
2015-02-08,58223.0,0,0,0,0.0,0.0,0.0,0.0,0.0,0,0,0,0,0,0,0,0.0,0,45300.0,0.0,0.0,7820.0
2015-02-15,51626.0,0,0,0,0.0,0.0,0.0,0.0,0.0,0,0,0,0,0,0,0,0.0,0,30270.0,0.0,0.0,10415.0
2015-02-22,42736.0,0,0,0,0.0,0.0,0.0,0.0,0.0,0,0,0,0,0,0,0,0.0,0,29610.0,0.0,0.0,3800.0
2015-03-01,52000.0,0,0,0,0.0,0.0,0.0,0.0,360.0,0,0,0,0,0,0,0,0.0,0,28430.0,0.0,112.0,5235.0
2015-03-08,41397.0,0,0,0,0.0,0.0,0.0,0.0,0.0,0,0,0,0,0,0,0,0.0,0,28010.0,0.0,835.5,7565.0
2015-03-15,40176.0,0,0,0,0.0,0.0,0.0,0.0,0.0,0,0,0,0,0,0,0,0.0,0,40780.0,0.0,1155.0,7100.0
2015-03-22,38995.0,0,0,0,0.0,0.0,0.0,0.0,0.0,0,0,0,0,0,0,0,0.0,0,40270.0,0.0,1175.5,7680.0
2015-03-29,39770.0,0,0,0,0.0,0.0,0.0,0.0,0.0,0,0,0,0,0,0,0,0.0,0,43410.0,0.0,975.5,7975.0
2015-04-05,23770.0,0,0,0,0.0,0.0,0.0,0.0,0.0,0,0,0,0,0,0,0,0.0,0,41370.0,0.0,1708.0,6485.0
2015-04-12,37840.0,0,0,0,0.0,0.0,0.0,0.0,0.0,0,0,0,0,0,0,0,0.0,0,43910.0,0.0,1322.0,7945.0
2015-04-19,35478.0,0,0,0,0.0,0.0,0.0,0.0,500.0,0,0,0,0,0,0,0,0.0,0,37850.0,0.0,4235.0,7365.0
2015-04-26,47333.0,0,0,0,0.0,0.0,0.0,0.0,0.0,0,0,0,0,0,0,0,0.0,0,34620.0,0.0,1097.0,6260.0
2015-05-03,49108.0,0,0,0,0.0,0.0,0.0,0.0,0.0,0,0,0,0,0,0,0,0.0,0,37650.0,0.0,941.0,7530.0
2015-05-10,55827.0,0,0,0,0.0,0.0,0.0,0.0,0.0,0,0,0,0,0,0,0,0.0,0,39700.0,0.0,1329.0,7590.0
2015-05-17,50645.0,0,0,0,0.0,0.0,57.0,0.0,0.0,0,0,0,0,0,0,0,0.0,0,37170.0,0.0,1701.0,6395.0
2015-05-24,77068.0,0,0,0,0.0,0.0,61.0,0.0,0.0,0,0,0,0,0,0,0,0.0,0,40080.0,0.0,3668.0,7050.0
2015-05-31,85398.0,0,0,0,0.0,0.0,0.0,0.0,0.0,0,0,0,0,0,0,0,0.0,0,40090.0,0.0,2815.5,6885.0
2015-06-07,93180.0,0,0,0,0.0,0.0,0.0,0.0,0.0,0,0,0,0,0,0,0,0.0,0,42170.0,0.0,2478.0,5655.0
2015-06-14,116871.0,0,0,0,0.0,0.0,0.0,0.0,0.0,0,0,0,0,0,0,0,0.0,0,40900.0,0.0,3018.0,7070.0
2015-06-21,98010.0,0,0,0,0.0,0.0,0.0,0.0,0.0,0,0,0,0,0,0,0,0.0,0,36230.0,0.0,1892.0,5889.0
2015-06-28,119490.0,0,0,0,0.0,0.0,0.0,0.0,0.0,0,0,0,0,0,0,0,0.0,0,42410.0,0.0,2063.5,8380.0
2015-07-05,134186.0,0,0,0,0.0,0.0,0.0,0.0,0.0,0,0,0,0,0,0,0,0.0,0,35120.0,0.0,2382.0,7070.0
2015-07-12,94240.0,0,0,0,0.0,0.0,0.0,0.0,0.0,0,0,0,0,0,0,0,0.0,0,44100.0,0.0,2647.0,6990.0
2015-07-19,102331.0,0,0,0,0.0,0.0,0.0,0.0,0.0,0,0,0,0,0,0,0,0.0,0,44010.0,0.0,2542.0,7490.0
2015-07-26,96687.0,0,0,0,0.0,0.0,0.0,0.0,0.0,0,0,0,0,0,0,0,0.0,0,44050.0,0.0,1233.0,6795.0
2015-08-02,133982.0,0,0,0,0.0,0.0,0.0,0.0,0.0,0,0,0,0,0,0,0,0.0,0,37300.0,0.0,397.0,7545.0
2015-08-09,53298.0,0,0,0,0.0,0.0,0.0,0.0,0.0,0,0,0,0,0,0,0,0.0,0,25630.0,0.0,1126.5,1970.0
2015-08-16,95254.0,0,0,0,0.0,0.0,0.0,0.0,0.0,0,0,0,0,0,0,0,0.0,0,15900.0,0.0,1843.5,3720.0
2015-08-23,102231.0,0,0,0,0.0,0.0,0.0,0.0,0.0,0,0,0,0,0,0,0,0.0,0,19890.0,1197.0,1596.5,2560.0
2015-08-30,94654.0,0,0,0,0.0,0.0,0.0,0.0,0.0,0,0,0,0,0,0,0,0.0,0,23860.0,0.0,1275.5,3730.0
2015-09-06,87953.0,0,0,0,0.0,0.0,0.0,0.0,0.0,0,0,0,0,0,0,0,0.0,0,32160.0,0.0,463.5,5145.0
2015-09-13,85952.0,0,0,0,0.0,0.0,0.0,0.0,0.0,0,0,0,0,0,0,0,0.0,0,27910.0,0.0,887.5,3930.0
2015-09-20,107374.0,0,0,0,0.0,0.0,120.0,0.0,0.0,0,0,0,0,0,0,0,0.0,0,32950.0,0.0,2534.5,6780.0
2015-09-27,69458.0,0,0,0,0.0,0.0,0.0,0.0,0.0,0,0,0,0,0,0,0,0.0,0,15880.0,0.0,893.5,3315.0
2015-10-04,55277.0,0,0,0,0.0,0.0,0.0,0.0,0.0,0,0,0,0,0,0,0,0.0,0,22270.0,0.0,1239.0,6600.0
2015-10-11,47261.0,0,0,0,0.0,0.0,0.0,0.0,0.0,0,0,0,0,0,0,0,72.0,0,16650.0,0.0,1796.5,6650.0
2015-10-18,53105.0,0,0,0,0.0,0.0,0.0,0.0,0.0,0,0,0,0,0,0,0,0.0,0,21010.0,0.0,1603.5,6990.0
2015-10-25,32325.0,0,0,0,0.0,0.0,0.0,0.0,0.0,0,0,0,0,0,0,0,0.0,0,19190.0,0.0,1146.5,6030.0
2015-11-01,23780.0,0,0,0,0.0,0.0,0.0,0.0,0.0,0,0,0,0,0,0,0,0.0,0,16300.0,0.0,1546.0,7160.0
2015-11-08,22360.0,0,0,0,0.0,0.0,0.0,0.0,0.0,0,0,0,0,0,0,0,0.0,0,14410.0,0.0,744.5,6465.0
2015-11-15,21134.0,0,0,0,0.0,0.0,0.0,0.0,0.0,0,0,0,0,0,0,0,0.0,0,14890.0,0.0,607.0,5650.0
2015-11-22,3660.0,0,0,0,0.0,0.0,0.0,0.0,0.0,0,0,0,0,0,0,0,0.0,0,16470.0,0.0,2274.5,5890.0
2015-11-29,4345.0,0,0,0,0.0,0.0,0.0,0.0,970.0,0,0,0,0,0,0,0,0.0,0,12180.0,0.0,1309.5,5804.0
2015-12-06,24486.0,0,0,0,0.0,0.0,0.0,0.0,0.0,0,0,0,0,0,0,0,0.0,0,16260.0,0.0,1629.0,5595.0
2015-12-13,22540.0,0,0,0,0.0,0.0,0.0,0.0,0.0,0,0,0,0,0,0,0,0.0,0,16480.0,0.0,675.5,6855.0
2015-12-20,21117.0,0,0,0,0.0,0.0,0.0,0.0,0.0,0,0,0,0,0,0,0,0.0,0,15710.0,0.0,541.0,6085.0
2015-12-27,28685.0,0,0,0,0.0,0.0,0.0,0.0,0.0,0,0,0,0,0,0,0,0.0,0,3500.0,199.0,478.5,5790.0
2016-01-03,25980.0,0,0,0,0.0,0.0,0.0,0.0,0.0,0,0,0,0,0,0,0,0.0,0,52850.0,0.0,1173.0,5915.0
2016-01-10,22645.0,0,0,0,0.0,0.0,0.0,0.0,0.0,0,0,0,0,0,0,0,0.0,0,21585.0,0.0,711.0,5330.0
2016-01-17,24707.0,0,0,0,0.0,0.0,0.0,0.0,0.0,0,0,0,0,0,0,0,0.0,0,22700.0,450.0,153.0,5360.0
2016-01-24,20707.0,0,0,0,0.0,0.0,0.0,0.0,0.0,0,0,0,0,0,0,0,0.0,0,20380.0,419.0,229.0,6005.0
2016-01-31,38933.0,0,0,0,0.0,0.0,0.0,0.0,0.0,0,0,0,0,0,0,0,0.0,0,33350.0,0.0,580.0,11225.0
2016-02-07,2156.0,0,0,0,0.0,0.0,0.0,0.0,0.0,0,0,0,0,0,0,0,0.0,0,8330.0,0.0,121.0,3170.0
2016-02-14,20361.0,0,0,0,0.0,0.0,0.0,0.0,0.0,0,0,0,0,0,0,0,0.0,0,16340.0,352.0,1501.5,6270.0
2016-02-21,18682.0,0,0,0,0.0,0.0,0.0,0.0,0.0,0,0,0,0,0,0,0,0.0,0,6010.0,0.0,880.0,5059.0
2016-02-28,18976.0,0,0,0,0.0,0.0,0.0,0.0,0.0,0,0,0,0,0,0,0,0.0,0,18470.0,101.0,521.5,5430.0
2016-03-06,17278.0,0,0,0,0.0,0.0,0.0,0.0,0.0,0,0,0,0,0,0,0,0.0,0,22260.0,0.0,665.0,5127.0
2016-03-13,19930.0,0,0,0,0.0,0.0,0.0,0.0,250.0,0,0,0,0,0,0,0,0.0,0,27610.0,0.0,1206.5,5690.0
2016-03-20,26701.0,0,0,0,0.0,0.0,0.0,0.0,0.0,0,0,0,0,0,0,0,0.0,0,28620.0,473.0,475.5,5490.0
2016-03-27,24420.0,0,0,0,0.0,0.0,0.0,0.0,0.0,0,0,0,0,0,0,0,0.0,0,28450.0,0.0,958.0,6980.0
2016-04-03,18000.0,0,0,0,0.0,0.0,0.0,0.0,0.0,0,0,0,0,0,0,0,0.0,0,28530.0,0.0,661.0,3349.0
2016-04-10,24898.0,0,0,0,0.0,0.0,0.0,0.0,0.0,0,0,0,0,0,0,0,0.0,0,31960.0,0.0,1857.5,5892.0
2016-04-17,27479.0,0,0,0,0.0,0.0,0.0,0.0,0.0,0,0,0,0,0,0,0,0.0,0,27280.0,0.0,1541.5,5081.0
2016-04-24,21765.0,0,0,0,0.0,0.0,0.0,0.0,0.0,0,0,0,0,0,0,0,0.0,0,25810.0,0.0,737.5,5733.0
2016-05-01,28447.0,0,0,0,0.0,0.0,0.0,0.0,0.0,0,0,0,0,0,0,0,0.0,0,24030.0,797.0,1513.5,5611.0
2016-05-08,30580.0,0,0,0,0.0,0.0,0.0,0.0,0.0,0,0,0,0,0,0,0,0.0,0,24970.0,0.0,1697.0,6210.0
2016-05-15,29872.0,0,0,0,0.0,0.0,0.0,0.0,0.0,0,0,0,0,0,0,0,0.0,0,30180.0,0.0,2263.5,6278.0
2016-05-22,32839.0,0,0,0,0.0,0.0,550.0,0.0,0.0,0,0,0,0,0,0,0,0.0,0,28970.0,0.0,2104.5,6432.0
2016-05-29,41627.0,0,0,0,0.0,0.0,0.0,0.0,0.0,0,0,0,0,0,0,0,0.0,0,24310.0,0.0,697.0,5207.0
2016-06-05,36598.0,0,0,0,0.0,0.0,0.0,0.0,0.0,0,0,0,0,0,0,0,0.0,0,14510.0,0.0,733.5,4965.0
2016-06-12,50886.0,0,0,0,0.0,0.0,0.0,0.0,0.0,0,0,0,0,0,0,0,0.0,0,16030.0,0.0,774.0,8973.0
2016-06-19,53435.0,0,0,0,0.0,0.0,0.0,0.0,0.0,0,0,0,0,0,0,0,0.0,0,17320.0,0.0,1648.5,6995.0
2016-06-26,59761.0,0,0,0,0.0,0.0,0.0,0.0,0.0,0,0,0,0,0,0,0,0.0,0,19550.0,670.0,2086.0,7416.0
2016-07-03,54743.0,0,0,0,0.0,0.0,0.0,0.0,0.0,0,0,0,0,0,0,0,0.0,0,15970.0,0.0,1847.0,5651.0
2016-07-10,63270.0,0,0,0,0.0,0.0,0.0,0.0,20.0,0,0,0,0,0,0,0,0.0,0,16670.0,0.0,2241.5,4915.0
2016-07-17,56874.0,0,0,0,0.0,0.0,0.0,0.0,0.0,0,0,0,0,0,0,0,0.0,0,16500.0,0.0,1526.0,5979.0
2016-07-24,73499.0,0,0,0,0.0,0.0,0.0,0.0,0.0,0,0,0,0,0,0,0,0.0,0,17590.0,0.0,986.5,7545.0
2016-07-31,84026.0,0,0,0,0.0,40.0,0.0,0.0,0.0,0,0,0,0,0,0,0,0.0,0,21080.0,0.0,2217.0,7466.0
2016-08-07,76213.0,0,0,0,0.0,0.0,0.0,0.0,0.0,0,0,0,0,0,0,0,0.0,0,19400.0,0.0,2922.5,8335.0
2016-08-14,61893.0,0,0,0,0.0,0.0,0.0,0.0,0.0,0,0,0,0,0,0,0,0.0,0,14260.0,0.0,2443.5,6765.0
2016-08-21,79354.0,0,0,0,0.0,0.0,0.0,0.0,0.0,0,0,0,0,0,0,0,0.0,0,21270.0,0.0,2810.5,7991.0
2016-08-28,76470.0,0,0,0,0.0,40.0,0.0,0.0,0.0,0,0,0,0,0,0,0,0.0,0,21060.0,0.0,2582.5,7231.0
2016-09-04,77362.0,0,0,0,0.0,160.0,0.0,0.0,0.0,0,0,0,0,0,0,0,0.0,0,20130.0,0.0,3051.0,7380.0
2016-09-11,81141.0,0,0,0,0.0,80.0,0.0,0.0,0.0,0,0,0,0,0,0,0,0.0,0,13270.0,0.0,2191.0,4712.0
2016-09-18,81450.0,0,0,0,0.0,20.0,0.0,0.0,0.0,0,0,0,0,0,0,0,0.0,0,20150.0,0.0,608.0,5489.0
2016-09-25,13795.0,0,0,0,0.0,40.0,0.0,0.0,0.0,0,0,0,0,0,0,0,0.0,0,13820.0,0.0,834.0,5805.0
2016-10-02,26175.0,0,0,0,0.0,20.0,0.0,0.0,0.0,0,0,0,0,0,0,0,0.0,0,18450.0,0.0,1131.0,4404.0
2016-10-09,37926.0,0,0,0,0.0,38.0,0.0,0.0,0.0,0,0,0,0,0,0,0,0.0,0,15760.0,0.0,588.0,3455.0
2016-10-16,20999.0,0,0,0,0.0,0.0,0.0,0.0,0.0,0,0,0,0,0,0,0,0.0,0,13910.0,0.0,793.5,4565.0
2016-10-23,14494.0,0,0,0,0.0,0.0,0.0,0.0,0.0,0,0,0,0,0,0,0,0.0,0,18540.0,0.0,0.0,4364.0
2016-10-30,17331.0,0,0,0,0.0,0.0,0.0,0.0,420.0,0,0,0,0,0,0,0,0.0,0,20900.0,0.0,220.5,4827.0
2016-11-06,14905.0,0,0,0,0.0,0.0,0.0,0.0,0.0,0,0,0,0,0,0,0,0.0,0,19830.0,0.0,1083.5,5130.0
2016-11-13,11071.0,0,0,0,0.0,0.0,25.0,0.0,0.0,0,0,0,0,0,0,0,0.0,0,17490.0,0.0,1233.0,6027.0
2016-11-20,10804.0,0,0,0,0.0,0.0,0.0,0.0,0.0,0,0,0,0,0,0,0,0.0,0,17490.0,0.0,1142.5,5966.0
2016-11-27,22817.0,0,0,0,0.0,0.0,0.0,0.0,0.0,0,0,0,0,0,0,0,0.0,0,12510.0,0.0,951.5,5527.0
2016-12-04,18601.0,0,0,0,0.0,0.0,0.0,0.0,0.0,0,0,0,0,0,0,0,0.0,0,9770.0,442.0,1214.0,5335.0
2016-12-11,17958.0,0,0,0,0.0,0.0,35.0,0.0,0.0,0,0,0,0,0,0,0,0.0,0,15270.0,0.0,860.5,5920.0
2016-12-18,15520.0,0,0,0,0.0,0.0,0.0,0.0,0.0,0,0,0,0,0,0,0,0.0,0,15770.0,0.0,671.0,5466.0
2016-12-25,14504.0,0,0,0,0.0,0.0,900.0,0.0,0.0,0,0,0,0,0,0,0,0.0,0,16480.0,0.0,797.0,6014.0
2017-01-01,13674.0,0,0,0,0.0,0.0,0.0,0.0,0.0,0,0,0,0,0,0,0,0.0,0,14390.0,608.0,471.0,5726.0
2017-01-08,17605.0,0,0,0,0.0,0.0,160.0,0.0,0.0,0,0,0,0,0,0,0,0.0,0,12830.0,0.0,184.0,4440.0
2017-01-15,19989.0,0,0,0,0.0,0.0,0.0,0.0,180.0,0,0,0,0,0,0,0,0.0,0,12050.0,0.0,418.5,5706.0
2017-01-22,32937.0,0,0,0,0.0,0.0,0.0,0.0,0.0,0,0,0,0,0,0,0,0.0,0,18370.0,0.0,721.0,12801.0
2017-01-29,12693.0,0,0,0,0.0,0.0,0.0,0.0,0.0,0,0,0,0,0,0,0,0.0,0,9490.0,0.0,661.0,0.0
2017-02-05,16868.0,0,0,0,0.0,0.0,0.0,0.0,0.0,0,0,0,0,0,0,0,0.0,0,14220.0,0.0,152.0,5144.0
2017-02-12,10884.0,0,0,0,0.0,0.0,0.0,0.0,72.0,0,0,0,0,0,0,0,0.0,0,5640.0,0.0,291.5,2876.0
2017-02-19,15770.0,0,0,0,0.0,0.0,0.0,0.0,0.0,0,0,0,0,0,0,0,0.0,0,16340.0,0.0,443.0,4934.0
2017-02-26,16501.0,0,0,0,0.0,0.0,0.0,0.0,0.0,0,0,0,0,0,0,0,40.0,0,15060.0,145.0,364.0,6138.0
2017-03-05,17857.0,0,0,0,0.0,0.0,0.0,0.0,48.0,0,0,0,0,0,0,0,0.0,0,14670.0,111.0,851.5,4346.0
2017-03-12,16807.0,0,0,0,0.0,0.0,0.0,0.0,103.0,0,0,0,0,0,0,0,0.0,0,16870.0,449.0,408.0,6292.0
2017-03-19,20435.0,0,0,0,0.0,0.0,0.0,0.0,0.0,0,0,0,0,0,0,0,0.0,0,17590.0,339.0,781.5,6962.0
2017-03-26,18138.0,0,0,0,0.0,0.0,0.0,0.0,0.0,0,0,0,0,0,0,0,0.0,0,15570.0,135.0,583.0,6957.0
2017-04-02,13640.0,0,0,0,49.0,0.0,0.0,0.0,0.0,0,0,0,0,0,0,0,0.0,0,12590.0,0.0,220.5,6327.0
2017-04-09,22000.0,0,0,0,2207.0,0.0,0.0,0.0,0.0,0,0,0,0,0,0,0,0.0,0,15520.0,0.0,131.5,4954.0
2017-04-16,19221.0,0,0,0,48.0,0.0,0.0,0.0,88.0,0,0,0,0,0,0,0,0.0,0,15560.0,470.0,415.0,4246.0
2017-04-23,26450.0,0,0,0,0.0,0.0,0.0,0.0,0.0,0,0,0,0,0,0,0,0.0,0,16790.0,0.0,780.0,5124.0
2017-04-30,18940.0,0,0,0,6.0,0.0,0.0,0.0,0.0,0,0,0,0,0,0,0,0.0,0,17890.0,0.0,838.5,6090.0
2017-05-07,25493.0,0,0,0,60.0,0.0,0.0,0.0,72.0,0,0,0,0,0,0,0,0.0,0,17760.0,0.0,1197.5,3633.0
2017-05-14,30226.0,0,0,0,0.0,0.0,0.0,0.0,219.0,0,0,0,0,0,0,0,0.0,0,16180.0,0.0,729.5,5063.0
2017-05-21,38314.0,0,0,0,0.0,0.0,0.0,0.0,0.0,0,0,0,0,0,0,0,0.0,0,16750.0,0.0,2353.5,7351.0
2017-05-28,37909.0,0,0,0,20.0,0.0,0.0,0.0,0.0,0,0,0,0,0,0,0,0.0,0,15130.0,104.0,2056.0,8215.0
2017-06-04,43762.0,0,0,0,0.0,0.0,0.0,0.0,0.0,0,0,0,0,0,0,0,0.0,0,16510.0,0.0,3169.5,7390.0
2017-06-11,49877.0,0,0,0,0.0,0.0,0.0,0.0,0.0,0,0,0,0,0,0,0,0.0,0,16320.0,0.0,2035.5,6736.0
2017-06-18,66131.0,0,0,0,0.0,0.0,0.0,0.0,63.0,0,0,0,0,0,0,0,0.0,0,16630.0,0.0,2253.0,6025.0
2017-06-25,67463.0,0,0,0,0.0,0.0,0.0,0.0,0.0,0,0,0,0,0,0,0,0.0,0,16040.0,0.0,2224.0,6752.0
2017-07-02,87012.0,0,0,0,0.0,0.0,0.0,0.0,0.0,0,0,0,0,0,0,0,0.0,0,16350.0,0.0,2080.0,5917.0
2017-07-09,90157.0,0,0,0,0.0,20.0,0.0,0.0,0.0,0,0,0,0,0,0,0,0.0,0,13640.0,486.0,2764.5,7304.0
2017-07-16,97986.0,0,0,0,0.0,0.0,0.0,0.0,0.0,0,0,0,0,0,0,0,0.0,0,16590.0,185.0,3576.0,5542.0
2017-07-23,107958.0,0,0,0,0.0,0.0,0.0,0.0,0.0,0,0,0,0,0,0,0,60.0,0,15250.0,0.0,2068.5,6494.0
2017-07-30,77617.0,0,0,0,0.0,0.0,0.0,0.0,0.0,0,0,0,0,0,0,0,0.0,0,11580.0,0.0,2687.5,3945.0
2017-08-06,69377.0,0,0,0,0.0,0.0,0.0,0.0,0.0,0,0,0,0,0,0,0,0.0,0,16380.0,0.0,2297.0,5851.0
2017-08-13,70385.0,0,0,0,0.0,0.0,0.0,0.0,0.0,0,0,0,0,0,0,0,0.0,0,12190.0,0.0,1339.0,4216.0
2017-08-20,61281.0,0,0,0,0.0,0.0,0.0,0.0,0.0,0,0,0,0,0,0,0,0.0,0,12100.0,0.0,1681.5,5471.0
2017-08-27,53918.0,0,0,0,0.0,0.0,0.0,0.0,0.0,0,0,0,0,0,0,0,0.0,0,9610.0,0.0,2423.5,4954.0
2017-09-03,13112.0,0,0,0,0.0,0.0,0.0,0.0,0.0,0,0,0,0,0,0,0,0.0,0,10030.0,0.0,1692.0,4562.0
2017-09-10,13066.0,0,0,0,0.0,0.0,0.0,0.0,0.0,0,0,0,0,0,0,0,0.0,0,13500.0,0.0,3923.0,5669.0
2017-09-17,33775.0,0,0,0,0.0,0.0,0.0,0.0,0.0,0,0,0,0,0,0,0,0.0,0,13360.0,0.0,2192.0,5108.0
2017-09-24,32072.0,0,0,0,155.0,0.0,0.0,0.0,0.0,0,0,0,0,0,0,0,0.0,0,15740.0,206.0,2258.0,5577.0
2017-10-01,31548.0,0,0,0,375.0,75.0,0.0,0.0,0.0,0,0,0,0,0,0,0,0.0,0,8350.0,296.0,2110.0,4628.0
2017-10-08,38038.0,0,0,0,594.0,0.0,120.0,0.0,0.0,0,0,0,0,0,0,0,0.0,0,5540.0,0.0,2500.0,6619.0
2017-10-15,19715.0,0,0,0,120.0,0.0,0.0,0.0,0.0,0,0,0,0,0,0,0,0.0,0,13610.0,0.0,836.0,5370.0
2017-10-22,14856.0,0,0,0,0.0,0.0,0.0,0.0,0.0,0,0,0,0,0,0,0,0.0,0,13190.0,0.0,398.5,4862.0
2017-10-29,3733.0,0,0,0,16.0,0.0,0.0,0.0,0.0,0,0,0,0,0,0,0,0.0,0,13980.0,0.0,679.0,6011.0
2017-11-05,5125.0,0,0,0,0.0,0.0,0.0,0.0,0.0,0,0,0,0,0,0,0,0.0,0,14060.0,0.0,899.0,4738.0
2017-11-12,5782.0,0,0,0,30.0,0.0,0.0,0.0,200.0,0,0,0,0,0,0,0,0.0,0,13730.0,0.0,1287.0,5629.0
2017-11-19,16288.0,0,0,0,0.0,0.0,0.0,0.0,0.0,0,0,0,0,0,0,0,0.0,0,13930.0,0.0,1625.5,5473.0
2017-11-26,14964.0,0,0,0,0.0,0.0,0.0,0.0,0.0,0,0,0,0,0,0,0,0.0,0,13930.0,0.0,2373.5,6109.0
2017-12-03,15358.0,0,0,0,0.0,0.0,0.0,0.0,0.0,0,0,0,0,0,0,0,0.0,0,13820.0,762.0,2669.5,6337.0
2017-12-10,15019.0,0,0,0,0.0,0.0,0.0,0.0,0.0,0,0,0,0,0,0,0,0.0,0,13880.0,411.0,2030.0,6668.0
2017-12-17,15251.0,0,0,0,0.0,0.0,0.0,0.0,0.0,0,0,0,0,0,0,0,0.0,0,13920.0,0.0,2854.5,5518.0
2017-12-24,12765.0,0,0,0,0.0,0.0,0.0,0.0,260.0,0,0,0,0,0,0,0,0.0,0,13640.0,0.0,1050.5,4710.0
2017-12-31,14990.0,0,0,0,0.0,0.0,0.0,0.0,450.0,0,0,0,0,0,0,0,0.0,0,13390.0,0.0,957.0,5177.0
2018-01-07,11428.0,0,0,0,0.0,0.0,0.0,0.0,0.0,0,0,0,0,0,0,0,0.0,0,13500.0,0.0,1689.5,4983.0
2018-01-14,14673.0,0,0,0,0.0,0.0,0.0,0.0,0.0,0,0,0,0,0,0,0,0.0,0,17180.0,0.0,2185.0,5103.0
2018-01-21,19110.0,0,0,0,0.0,0.0,42.0,0.0,0.0,0,0,0,0,0,0,0,0.0,0,17870.0,0.0,2427.0,6062.0
2018-01-28,24186.0,0,0,0,0.0,0.0,0.0,0.0,0.0,0,0,0,0,0,0,0,0.0,0,17070.0,0.0,714.0,6253.0
2018-02-04,18285.0,0,0,0,60.0,0.0,0.0,0.0,0.0,0,0,0,0,0,0,0,0.0,0,18220.0,0.0,554.5,6417.0
2018-02-11,30826.0,0,0,0,0.0,0.0,0.0,0.0,0.0,0,0,0,0,0,0,0,0.0,0,11190.0,0.0,185.0,11015.0
2018-02-18,10083.0,0,0,0,0.0,0.0,0.0,0.0,0.0,0,0,0,0,0,0,0,0.0,0,6970.0,0.0,168.0,2419.0
2018-02-25,21300.0,0,0,0,0.0,0.0,0.0,0.0,0.0,0,0,0,0,0,0,0,0.0,0,10130.0,0.0,524.0,4729.0
2018-03-04,10543.0,0,0,0,0.0,0.0,0.0,0.0,0.0,0,0,0,0,0,0,0,0.0,0,8250.0,0.0,972.0,4967.0
2018-03-11,14365.0,0,0,0,0.0,0.0,0.0,0.0,0.0,0,0,0,0,0,0,0,0.0,0,13790.0,0.0,1775.0,6583.0
2018-03-18,16172.0,0,0,0,0.0,20.0,0.0,0.0,0.0,0,0,0,0,0,0,0,0.0,0,13500.0,0.0,994.5,5833.0
2018-03-25,13508.0,0,0,0,0.0,0.0,0.0,0.0,0.0,0,0,0,0,0,0,0,0.0,0,8190.0,0.0,1360.5,6515.0
2018-04-01,2450.0,0,0,0,0.0,0.0,0.0,0.0,0.0,0,0,0,0,0,0,0,0.0,0,0.0,0.0,546.0,4929.0
2018-04-08,18329.0,0,0,0,0.0,0.0,0.0,0.0,0.0,0,0,0,0,0,0,0,0.0,0,11050.0,0.0,1367.5,7018.0
2018-04-15,18023.0,0,0,0,0.0,0.0,0.0,0.0,0.0,0,0,0,0,0,0,0,0.0,0,11350.0,0.0,627.0,8249.0
2018-04-22,15628.0,0,0,0,0.0,0.0,0.0,0.0,0.0,0,0,0,0,0,0,0,0.0,0,13700.0,0.0,837.0,7714.0
2018-04-29,20672.0,0,0,0,0.0,0.0,0.0,0.0,0.0,0,0,0,0,0,0,0,0.0,0,13920.0,0.0,1266.0,7229.0
2018-05-06,28104.0,0,0,0,0.0,0.0,0.0,0.0,0.0,0,0,0,0,0,0,0,0.0,0,14960.0,0.0,951.0,6762.0
2018-05-13,25683.0,0,0,0,0.0,0.0,0.0,0.0,0.0,0,0,0,0,0,0,0,0.0,0,11300.0,457.0,572.0,7986.0
2018-05-20,24339.0,0,0,0,0.0,0.0,0.0,0.0,0.0,0,0,0,0,0,0,0,0.0,0,14100.0,0.0,1114.0,6346.0
2018-05-27,31980.0,0,0,0,0.0,0.0,0.0,0.0,0.0,0,0,0,0,0,0,0,0.0,0,13730.0,0.0,2188.0,6395.0
2018-06-03,33599.0,0,0,0,0.0,0.0,0.0,0.0,0.0,0,0,0,0,0,0,0,0.0,0,2760.0,0.0,2027.0,7179.0
2018-06-10,35752.0,0,0,0,0.0,0.0,0.0,0.0,0.0,0,0,0,0,0,0,0,0.0,0,0.0,618.0,3332.5,8014.0
2018-06-17,32773.0,0,0,0,0.0,0.0,0.0,0.0,0.0,0,0,0,0,0,0,0,0.0,0,5470.0,0.0,1468.0,6436.0
2018-06-24,14530.0,0,0,0,0.0,0.0,0.0,0.0,0.0,0,0,0,0,0,0,0,0.0,0,14150.0,0.0,2016.0,6937.0
2018-07-01,47796.0,0,0,0,0.0,0.0,0.0,0.0,0.0,0,0,0,0,0,0,0,0.0,0,4650.0,0.0,1401.0,7283.0
2018-07-08,53774.0,0,0,0,0.0,0.0,0.0,0.0,0.0,0,0,0,0,0,0,0,0.0,0,0.0,0.0,3090.5,6484.0
2018-07-15,63257.0,0,0,0,0.0,0.0,0.0,0.0,0.0,0,0,0,0,0,0,0,0.0,0,0.0,0.0,3588.5,6083.0
2018-07-22,68026.0,0,0,0,0.0,0.0,0.0,0.0,0.0,0,0,0,0,0,0,0,0.0,0,0.0,0.0,1968.5,6901.0
2018-07-29,26783.0,0,0,0,0.0,0.0,0.0,0.0,0.0,0,0,0,0,0,0,0,0.0,0,0.0,0.0,1585.5,6897.0
2018-08-05,64778.0,0,0,0,0.0,0.0,0.0,0.0,0.0,0,0,0,0,0,0,0,0.0,0,0.0,0.0,1503.0,7154.0
2018-08-12,65017.0,0,0,0,0.0,0.0,0.0,0.0,0.0,0,0,0,0,0,0,0,0.0,0,0.0,0.0,853.0,6789.0
2018-08-19,63655.0,0,0,0,0.0,0.0,0.0,0.0,0.0,0,0,0,0,0,0,0,0.0,0,2760.0,0.0,1674.0,6755.0
2018-08-26,44239.0,0,0,0,0.0,0.0,0.0,0.0,0.0,0,0,0,0,0,0,0,80.0,0,2950.0,0.0,1842.5,3971.0
2018-09-02,56230.0,0,0,0,0.0,0.0,0.0,0.0,72.0,0,0,0,0,0,0,0,0.0,0,0.0,0.0,1003.0,5006.0
2018-09-09,68732.0,0,0,0,0.0,0.0,0.0,0.0,0.0,0,0,0,0,0,0,0,0.0,0,0.0,0.0,3007.5,5658.0
2018-09-16,68870.0,0,0,0,0.0,20.0,0.0,0.0,40.0,0,0,0,0,0,0,0,0.0,0,0.0,0.0,2844.0,4932.0
2018-09-23,60982.0,0,0,0,0.0,0.0,0.0,0.0,0.0,0,0,0,0,0,0,0,0.0,0,0.0,0.0,3172.5,5305.0
2018-09-30,73629.0,0,0,0,0.0,0.0,0.0,0.0,0.0,0,0,0,0,0,0,0,40.0,0,0.0,0.0,2857.0,5967.0
2018-10-07,67767.0,0,0,0,0.0,0.0,0.0,0.0,0.0,0,0,0,0,0,0,0,0.0,0,0.0,0.0,2402.5,5920.0
2018-10-14,63300.0,0,0,0,0.0,0.0,21.0,0.0,0.0,0,0,0,0,0,0,0,0.0,0,1860.0,0.0,2348.0,6876.0
2018-10-21,49760.0,0,0,0,0.0,0.0,0.0,0.0,0.0,0,0,0,0,0,0,0,0.0,0,12730.0,0.0,1375.0,6638.0
2018-10-28,44105.0,0,0,0,0.0,0.0,0.0,0.0,0.0,0,0,0,0,0,0,0,0.0,0,0.0,0.0,1767.5,7058.0
2018-11-04,49617.0,0,0,0,0.0,0.0,0.0,0.0,0.0,0,0,0,0,0,0,0,0.0,0,6070.0,0.0,2844.5,7296.0
2018-11-11,45800.0,0,0,0,0.0,0.0,0.0,0.0,63.0,0,0,0,0,0,0,0,0.0,0,6130.0,0.0,546.0,7512.0
2018-11-18,45139.0,0,0,0,0.0,0.0,0.0,0.0,42.0,0,0,0,0,0,0,0,20.0,0,18290.0,615.0,989.5,7304.0
2018-11-25,49518.0,0,0,0,0.0,0.0,0.0,0.0,0.0,0,0,0,0,0,0,0,521.0,0,13160.0,0.0,564.0,7513.0
2018-12-02,49065.0,0,0,0,0.0,0.0,0.0,0.0,0.0,0,0,0,0,0,0,0,0.0,0,10700.0,0.0,742.5,6163.0
2018-12-09,58717.0,0,0,0,60.0,0.0,0.0,0.0,0.0,0,0,0,0,0,0,0,0.0,0,14870.0,0.0,1366.0,6581.0
2018-12-16,44403.0,0,0,0,0.0,0.0,0.0,0.0,0.0,0,0,0,0,0,0,0,0.0,0,11380.0,354.0,371.0,6756.0
2018-12-23,47304.0,0,0,0,0.0,0.0,0.0,0.0,0.0,0,0,0,0,0,0,0,0.0,0,19370.0,0.0,729.0,6587.0
2018-12-30,48824.0,0,0,0,0.0,0.0,0.0,0.0,0.0,0,0,0,0,0,0,0,0.0,0,15520.0,867.0,398.5,6065.0
2019-01-06,49325.0,0,0,0,100.0,0.0,0.0,0.0,63.0,0,0,0,0,0,0,0,40.0,0,18410.0,0.0,229.5,5178.0
2019-01-13,46035.0,0,0,0,0.0,0.0,0.0,0.0,63.0,0,0,0,0,0,0,0,190.0,0,19110.0,0.0,355.0,5973.0
2019-01-20,47784.0,0,0,0,0.0,0.0,0.0,0.0,0.0,0,0,0,0,0,0,0,248.0,0,22300.0,0.0,407.5,5482.0
2019-01-27,51238.0,0,0,0,0.0,20.0,0.0,0.0,0.0,0,0,0,0,0,0,0,0.0,0,27170.0,0.0,1022.5,8362.0
2019-02-03,20775.0,0,0,0,0.0,0.0,0.0,0.0,0.0,0,0,0,0,0,0,0,60.0,0,10710.0,0.0,444.0,7385.0
2019-02-10,15260.0,0,0,0,0.0,0.0,0.0,0.0,0.0,0,0,0,0,0,0,0,60.0,0,26130.0,0.0,958.0,5434.0
2019-02-17,44027.0,0,0,0,0.0,0.0,0.0,0.0,0.0,0,0,0,0,0,0,0,0.0,0,0.0,0.0,1430.0,4868.0
2019-02-24,41740.0,0,0,0,0.0,0.0,20.0,0.0,0.0,0,0,0,0,0,0,0,0.0,0,23260.0,0.0,520.0,5787.0
2019-03-03,37137.0,0,0,0,0.0,0.0,0.0,0.0,0.0,0,0,0,0,0,0,0,0.0,0,23510.0,0.0,308.5,5764.0
2019-03-10,10793.0,0,0,0,0.0,0.0,0.0,0.0,0.0,0,0,0,0,0,0,0,0.0,0,22940.0,0.0,346.0,5385.0
2019-03-17,42275.0,0,0,0,0.0,0.0,0.0,0.0,0.0,0,0,0,0,0,0,0,0.0,0,22970.0,0.0,271.5,6700.0
2019-03-24,49076.0,0,0,0,0.0,0.0,0.0,0.0,0.0,0,0,0,0,0,0,0,0.0,0,22340.0,0.0,176.5,6222.0
2019-03-31,9470.0,0,0,0,0.0,0.0,0.0,0.0,0.0,0,0,0,0,0,0,0,0.0,0,13410.0,0.0,165.5,7869.0
2019-04-07,48169.0,0,0,0,0.0,0.0,0.0,0.0,0.0,0,0,0,0,0,0,0,0.0,0,18290.0,0.0,135.0,6698.0
2019-04-14,54568.0,0,0,0,0.0,0.0,0.0,0.0,0.0,0,0,0,0,0,0,0,40.0,0,22170.0,0.0,759.0,7113.0
2019-04-21,47155.0,0,0,0,0.0,0.0,0.0,0.0,0.0,0,0,0,0,0,0,0,9.0,0,22510.0,0.0,142.5,6093.0
2019-04-28,56531.0,0,0,0,0.0,0.0,0.0,0.0,0.0,0,0,0,0,0,0,0,0.0,0,21760.0,240.0,267.5,5542.0
2019-05-05,63410.0,0,0,0,0.0,0.0,0.0,0.0,0.0,0,0,0,0,0,0,0,238.0,0,21100.0,0.0,436.5,7684.0
2019-05-12,56846.0,0,0,0,60.0,0.0,0.0,0.0,0.0,0,0,0,0,0,0,0,539.0,0,20880.0,92.0,782.0,6449.0
2019-05-19,17222.0,0,0,0,100.0,0.0,0.0,0.0,0.0,0,0,0,0,0,0,0,388.0,0,20870.0,0.0,181.0,6722.0
2019-05-26,56420.0,0,0,0,0.0,0.0,0.0,0.0,0.0,0,0,0,0,0,0,0,460.0,0,16940.0,0.0,383.0,6917.0
2019-06-02,65203.0,0,0,0,0.0,0.0,0.0,0.0,0.0,0,0,0,0,0,0,0,475.0,0,12650.0,0.0,192.5,6830.0
2019-06-09,45990.0,0,0,0,0.0,0.0,0.0,0.0,0.0,0,0,0,0,0,0,0,84.0,0,20970.0,0.0,415.0,6669.0
2019-06-16,17770.0,0,0,0,0.0,0.0,0.0,0.0,0.0,0,0,0,0,0,0,0,0.0,0,11980.0,0.0,0.0,6288.0
2019-06-23,56872.0,0,0,0,45.0,0.0,0.0,0.0,0.0,0,0,0,0,0,0,0,79.0,0,11210.0,0.0,185.0,7158.0
2019-06-30,17178.0,0,0,0,12.0,0.0,0.0,0.0,0.0,0,0,0,0,0,0,0,741.0,0,14860.0,0.0,204.0,7714.0
2019-07-07,58572.0,0,0,0,0.0,0.0,0.0,0.0,0.0,0,0,0,0,0,0,0,1153.0,0,11480.0,0.0,361.0,7939.0
2019-07-14,65813.0,0,0,0,0.0,0.0,0.0,0.0,0.0,0,0,0,0,0,0,0,125.0,0,19400.0,0.0,981.0,8252.0
2019-07-21,69367.0,0,0,0,0.0,0.0,0.0,0.0,0.0,0,0,0,0,0,0,0,390.0,0,15490.0,0.0,360.0,6689.0
2019-07-28,21856.0,0,0,0,0.0,0.0,0.0,0.0,0.0,0,0,0,0,0,0,0,315.0,0,11590.0,0.0,566.0,5309.0
2019-08-04,87282.0,0,0,0,0.0,0.0,0.0,0.0,0.0,0,0,0,0,0,0,0,110.0,0,15770.0,0.0,2026.0,5740.0
2019-08-11,66650.0,0,0,0,0.0,0.0,0.0,0.0,0.0,0,0,0,0,0,0,0,340.0,0,11640.0,0.0,413.0,3976.0
2019-08-18,102528.0,0,0,0,0.0,0.0,0.0,0.0,0.0,0,0,0,0,0,0,0,355.0,0,23040.0,0.0,381.5,5668.0
2019-08-25,90707.0,0,0,0,280.0,0.0,0.0,0.0,0.0,0,0,0,0,0,0,0,120.0,0,15150.0,0.0,556.5,3642.0
2019-09-01,93089.0,0,0,0,0.0,0.0,0.0,0.0,0.0,0,0,0,0,0,0,0,15.0,0,11110.0,0.0,236.5,3377.0
2019-09-08,111517.0,0,0,0,0.0,0.0,0.0,0.0,0.0,0,0,0,0,0,0,0,435.0,0,7640.0,0.0,503.5,4727.0
2019-09-15,69229.0,0,0,0,0.0,0.0,0.0,0.0,0.0,0,0,0,0,0,0,0,0.0,0,18670.0,0.0,370.0,3201.0
2019-09-22,78115.0,0,0,0,0.0,0.0,0.0,0.0,0.0,0,0,0,0,0,0,0,0.0,0,15040.0,41.0,264.5,2527.0
2019-09-29,79217.0,0,0,0,0.0,0.0,0.0,0.0,0.0,0,0,0,0,0,0,0,15.0,0,18430.0,0.0,238.5,4679.0
2019-10-06,56321.0,0,0,0,0.0,0.0,0.0,0.0,0.0,0,0,0,0,0,0,0,0.0,0,18300.0,0.0,726.0,5014.0
2019-10-13,48438.0,0,0,0,0.0,0.0,0.0,0.0,0.0,0,0,0,0,0,0,0,0.0,0,18550.0,0.0,323.0,3364.0
2019-10-20,11985.0,0,0,0,180.0,0.0,0.0,0.0,0.0,0,0,0,0,0,0,0,0.0,0,14720.0,0.0,173.0,3157.0
2019-10-27,6894.0,0,0,0,360.0,0.0,0.0,0.0,0.0,0,0,0,0,0,0,0,0.0,0,17340.0,0.0,25.0,4340.0
2019-11-03,9089.0,0,0,0,0.0,0.0,0.0,0.0,0.0,0,0,0,0,0,0,0,50.0,0,12480.0,0.0,159.5,4469.0
2019-11-10,5977.0,0,0,0,0.0,0.0,0.0,0.0,0.0,0,0,0,0,0,0,0,0.0,0,15870.0,0.0,392.0,4222.0
2019-11-17,6141.0,0,0,0,75.0,20.0,0.0,0.0,0.0,0,0,0,0,0,0,0,0.0,0,20450.0,0.0,51.0,2895.0
2019-11-24,5461.0,0,0,0,100.0,0.0,0.0,0.0,0.0,0,0,0,0,0,0,0,0.0,0,16700.0,0.0,208.0,4198.0
2019-12-01,24329.0,0,0,0,0.0,0.0,0.0,0.0,0.0,0,0,0,0,0,0,0,0.0,0,12780.0,0.0,118.0,4752.0
2019-12-08,20428.0,0,0,0,0.0,0.0,0.0,0.0,0.0,0,0,0,0,0,0,0,0.0,0,13050.0,173.0,649.0,4731.0
2019-12-15,19163.0,0,0,0,0.0,0.0,0.0,0.0,0.0,0,0,0,0,0,0,0,60.0,0,16700.0,0.0,375.0,4646.0
2019-12-22,21778.0,0,0,0,0.0,0.0,0.0,0.0,180.0,0,0,0,0,0,0,0,250.0,0,17130.0,0.0,0.0,2999.0
2019-12-29,1351.0,0,0,0,0.0,0.0,0.0,0.0,0.0,0,0,0,0,0,0,0,0.0,0,4250.0,0.0,0.0,1461.0
