DateTime,平均價,新北市_氣壓,臺中市_氣壓,臺南市_氣壓,高雄市_氣壓,桃園市_氣壓,新竹縣_氣壓,苗栗縣_氣壓,南投縣_氣壓,彰化縣_氣壓,雲林縣_氣壓,嘉義市_氣壓,屏東縣_氣壓,宜蘭縣_氣壓,花蓮縣_氣壓,臺東縣_氣壓,color,x,y
2018-01-01,13.45,987.9,1009.0,1017.4,1018.3,1012.6,1003.7,1012.5,995.7,1016.5,891.5,1015.5,1015.5,1022.0,1005.2,1019.8,"rgb(29,245,226)",10,226
2018-01-02,15.995714285714287,986.2999999999997,1008.2999999999997,1016.8999999999997,1018.0,1010.2000000000003,1002.3999999999997,1011.2000000000003,995.0,1015.7999999999997,891.6000000000003,1014.8999999999997,1015.5,1020.5,1004.7999999999997,1019.7999999999997,"rgb(22,245,233)",10,233
2018-01-03,15.2,985.3999999999997,1008.2999999999997,1016.8999999999997,1018.0,1010.0,1002.3999999999997,1011.2000000000003,995.0,1015.6000000000003,891.3999999999997,1014.8999999999997,1015.7000000000003,1019.2999999999997,1004.1000000000003,1019.2000000000003,"rgb(17,240,238)",15,238
2018-01-04,14.614285714285714,982.8999999999997,1007.1000000000003,1015.3999999999997,1016.2000000000003,1008.8999999999997,1001.2999999999997,1010.2000000000003,993.7000000000003,1014.3999999999997,890.0,1013.6000000000003,1013.6000000000003,1015.7999999999997,1001.0,1016.3999999999997,"rgb(16,234,239)",21,239
2018-01-05,15.667333333333335,983.6000000000003,1005.6000000000003,1013.5,1014.2999999999997,1009.6000000000003,1001.1000000000003,1009.5,992.1000000000003,1012.8999999999997,888.8999999999997,1011.7999999999997,1011.6000000000003,1016.3999999999997,999.7000000000003,1014.5,"rgb(29,231,226)",24,226
2018-01-06,16.42142857142857,983.2999999999997,1004.8999999999997,1013.5,1014.2999999999997,1008.0,999.6000000000003,1008.2000000000003,991.5,1012.2999999999997,888.2999999999997,1011.6000000000003,1011.6000000000003,1017.2999999999997,1001.2000000000003,1016.2999999999997,"rgb(52,226,203)",29,203
2018-01-07,18.663636363636364,982.5,1004.2,1012.3999999999997,1013.5,1007.2,999.1000000000003,1007.7,990.8,1011.5,887.8999999999997,1010.6000000000003,1011.3,1016.2,1000.8,1015.6000000000003,"rgb(53,225,202)",30,202
2018-01-08,16.5,981.0,1004.4,1012.1,1012.9,1006.9,999.0,1007.6,991.1,1011.5,888.5,1010.4,1010.5,1013.5,997.6,1012.4,"rgb(50,226,205)",29,205
2018-01-09,20.930769230769233,988.3999999999997,1010.5,1018.2000000000003,1018.6000000000003,1015.1000000000003,1006.7000000000003,1015.0,996.3999999999997,1017.8999999999997,890.8999999999997,1016.6000000000003,1015.7000000000003,1022.0,1004.3999999999997,1019.3999999999997,"rgb(49,230,206)",25,206
2018-01-10,25.60833333333333,991.2000000000003,1013.1000000000003,1021.6000000000003,1022.0,1018.0,1009.2999999999997,1017.3999999999997,999.2000000000003,1020.8999999999997,892.7000000000003,1019.7000000000003,1019.2000000000003,1025.6,1008.2000000000003,1023.1000000000003,"rgb(42,254,213)",1,213
2018-01-11,26.0,992.7999999999997,1014.1000000000003,1022.7999999999997,1023.1000000000003,1019.2000000000003,1010.2000000000003,1018.3999999999997,1000.2999999999997,1021.8999999999997,893.2000000000003,1020.7999999999997,1020.0,1027.2999999999997,1009.6000000000003,1024.2000000000003,"rgb(42,253,213)",2,213
2018-01-12,25.76923076923077,994.7000000000003,1015.2999999999997,1024.0,1024.2000000000003,1021.0,1011.7000000000003,1019.8999999999997,1001.2000000000003,1022.7999999999997,893.8999999999997,1021.8999999999997,1021.5,1029.4,1011.2000000000003,1025.9,"rgb(42,253,213)",2,213
2018-01-13,25.97692307692307,993.1000000000003,1014.6000000000003,1023.5,1023.8999999999997,1018.6000000000003,1009.2000000000003,1018.0,1000.7000000000003,1022.1000000000003,893.8999999999997,1021.2000000000003,1021.2000000000003,1028.0,1010.7999999999997,1025.5,"rgb(39,255,216)",0,216
2018-01-14,25.38083333333333,988.0,1011.5,1020.2999999999997,1020.8999999999997,1013.7000000000003,1005.7000000000003,1014.3999999999997,997.7000000000003,1018.8999999999997,892.2000000000003,1018.0,1018.0,1022.3999999999997,1006.3999999999997,1021.3999999999997,"rgb(34,254,221)",1,221
2018-01-15,30.55,983.9,1008.0,1016.4,1017.1,1009.5,1001.9,1010.8,994.3,1015.4,890.0,1014.3,1014.1,1017.9,1002.5,1017.4,"rgb(20,242,235)",13,235
2018-01-16,27.36785714285714,980.5,1004.5,1012.6000000000003,1013.2999999999997,1006.2999999999997,998.7000000000003,1007.3999999999997,991.0,1011.8999999999997,888.0,1010.7000000000003,1010.7000000000003,1013.7000000000003,998.0,1013.0,"rgb(18,223,237)",32,237
2018-01-17,27.735714285714288,981.7000000000003,1003.8999999999997,1011.8999999999997,1012.8999999999997,1006.7999999999997,998.7000000000003,1007.2000000000003,990.5,1011.3999999999997,888.2000000000003,1010.1000000000003,1010.3999999999997,1014.6000000000003,999.0,1013.6000000000003,"rgb(18,221,237)",34,237
2018-01-18,25.978666666666665,983.6000000000003,1005.7000000000003,1014.0,1014.8999999999997,1008.7000000000003,1000.5,1009.2000000000003,992.2000000000003,1013.3999999999997,890.1000000000003,1012.1000000000003,1012.7000000000003,1016.8999999999997,1000.7000000000003,1015.7000000000003,"rgb(57,207,198)",48,198
2018-01-19,26.075714285714287,985.0,1006.7000000000003,1014.8999999999997,1015.7999999999997,1010.7000000000003,1002.3999999999997,1010.6000000000003,993.2000000000003,1014.5,890.7999999999997,1013.1000000000003,1013.2999999999997,1017.7999999999997,1001.3999999999997,1016.2000000000003,"rgb(39,226,216)",29,216
2018-01-20,26.94071428571429,983.5,1005.5,1013.8999999999997,1014.8999999999997,1008.7999999999997,1000.6000000000003,1009.2000000000003,992.1000000000003,1013.5,889.3999999999997,1012.0,1012.2999999999997,1016.7999999999997,1000.3999999999997,1015.2999999999997,"rgb(20,223,235)",32,235
2018-01-21,24.1425,981.3999999999997,1004.1000000000003,1012.6000000000003,1013.5,1006.6000000000003,998.6000000000003,1007.3999999999997,990.7000000000003,1012.0,888.2999999999997,1010.7000000000003,1011.0,1014.6000000000003,998.5,1013.3999999999997,"rgb(19,220,236)",35,236
2018-01-22,24.95,981.2,1003.0,1011.0,1011.7,1006.8,998.4,1006.8,989.5,1010.8,887.0,1009.2,1009.4,1013.6,997.3,1012.0,"rgb(22,222,233)",33,233
2018-01-23,19.41,982.5,1004.2000000000003,1012.7999999999997,1013.6000000000003,1007.7999999999997,999.3999999999997,1008.0,990.6000000000003,1012.0,887.7999999999997,1010.7999999999997,1011.1000000000003,1016.1000000000003,999.6000000000003,1014.3999999999997,"rgb(19,227,236)",28,236
2018-01-24,16.687857142857144,984.1000000000003,1004.5,1013.0,1013.7999999999997,1008.7000000000003,999.6000000000003,1008.2000000000003,990.8999999999997,1012.1000000000003,888.0,1011.1000000000003,1011.0,1018.0,1000.7999999999997,1014.8999999999997,"rgb(50,214,205)",41,205
2018-01-25,14.307142857142859,983.7999999999997,1005.2000000000003,1013.2999999999997,1014.0,1008.7000000000003,1000.1000000000003,1008.7999999999997,991.3999999999997,1012.7000000000003,888.5,1011.6000000000003,1011.1000000000003,1017.6000000000003,1000.6000000000003,1015.1000000000003,"rgb(27,235,228)",20,228
2018-01-26,12.957142857142856,986.0,1005.7999999999997,1014.1000000000003,1014.5,1011.5,1002.0,1010.5,992.0,1013.5,888.7000000000003,1012.2999999999997,1011.7000000000003,1020.0,1002.2000000000003,1016.2000000000003,"rgb(28,238,227)",17,227
2018-01-27,13.753846153846151,984.0,1006.0,1014.3999999999997,1015.2000000000003,1008.6000000000003,1000.2000000000003,1009.2000000000003,992.2000000000003,1013.3999999999997,888.7000000000003,1012.6000000000003,1012.3999999999997,1018.3999999999997,1002.3999999999997,1017.2999999999997,"rgb(26,239,229)",16,229
2018-01-28,15.96153846153846,981.6000000000003,1004.1000000000003,1011.8999999999997,1012.2999999999997,1008.0,999.8999999999997,1008.2999999999997,990.2000000000003,1011.5,887.1000000000003,1010.2999999999997,1009.5,1014.1000000000003,997.2999999999997,1012.2000000000003,"rgb(39,224,216)",31,216
2018-01-29,13.1,986.6,1006.5,1014.8,1015.3,1012.8,1003.2,1011.4,992.4,1014.2,887.7,1013.0,1012.6,1020.7,1002.5,1016.7,"rgb(48,236,207)",19,207
2018-01-30,19.576923076923077,986.7000000000003,1008.6000000000003,1017.0,1017.7000000000003,1012.2999999999997,1003.3999999999997,1012.1000000000003,994.6000000000003,1016.2000000000003,889.5,1015.1000000000003,1014.6000000000003,1021.0,1003.8999999999997,1018.6000000000003,"rgb(61,216,194)",39,194
2018-01-31,19.684615384615384,985.3999999999997,1008.2000000000003,1016.2000000000003,1016.5,1011.6000000000003,1003.2000000000003,1011.8999999999997,994.0,1015.7000000000003,889.7000000000003,1014.3999999999997,1013.7000000000003,1018.7999999999997,1000.8999999999997,1016.0,"rgb(48,232,207)",23,207
2018-02-01,17.6,988.0,1009.3999999999997,1017.6000000000003,1018.1000000000003,1014.7000000000003,1005.7000000000003,1014.0,995.2999999999997,1017.0,889.7999999999997,1015.8999999999997,1015.2000000000003,1022.0,1004.1000000000003,1018.7000000000003,"rgb(46,242,209)",13,209
2018-02-02,18.49230769230769,989.2000000000003,1011.6000000000003,1019.7999999999997,1020.1000000000003,1015.8999999999997,1007.2000000000003,1015.7000000000003,997.3999999999997,1019.2000000000003,891.7000000000003,1018.0,1017.0,1023.2999999999997,1005.2999999999997,1019.8999999999997,"rgb(45,248,210)",7,210
2018-02-03,17.34285714285714,991.1000000000003,1012.7000000000003,1021.1000000000003,1021.3999999999997,1018.1000000000003,1008.8999999999997,1017.2000000000003,998.2999999999997,1020.2999999999997,891.5,1019.2000000000003,1018.0,1025.5,1007.1000000000003,1021.5,"rgb(50,245,205)",10,205
2018-02-04,17.191666666666666,991.2000000000003,1013.2000000000003,1021.7999999999997,1022.0,1018.2000000000003,1009.0,1017.3999999999997,998.7999999999997,1020.7999999999997,891.2999999999997,1019.7000000000003,1018.7000000000003,1025.9,1007.2999999999997,1021.7000000000003,"rgb(49,244,206)",11,206
2018-02-05,19.9,991.5,1013.8,1022.4,1022.4,1018.6,1010.0,1018.1,999.5,1021.6,891.2,1020.4,1019.2,1026.0,1007.5,1022.1,"rgb(49,244,206)",11,206
2018-02-06,20.5,988.3999999999997,1011.1000000000003,1019.7999999999997,1019.8999999999997,1016.2999999999997,1006.7000000000003,1015.2000000000003,996.8999999999997,1018.7000000000003,890.1000000000003,1017.5,1016.7999999999997,1025.1,1007.2000000000003,1021.3999999999997,"rgb(42,252,213)",3,213
2018-02-07,20.661538461538466,986.0,1009.2999999999997,1017.8999999999997,1018.2000000000003,1012.5,1003.7000000000003,1012.2999999999997,995.2000000000003,1016.8999999999997,889.2999999999997,1015.7000000000003,1015.5,1021.6000000000003,1004.7000000000003,1019.2000000000003,"rgb(47,239,208)",16,208
2018-02-08,19.369230769230768,984.8999999999997,1007.3999999999997,1016.0,1016.2999999999997,1010.7999999999997,1002.2000000000003,1010.8999999999997,993.3999999999997,1015.0,888.5,1013.7000000000003,1013.2999999999997,1020.3999999999997,1003.5,1017.7999999999997,"rgb(46,240,209)",15,209
2018-02-09,19.892307692307693,981.7999999999997,1005.8999999999997,1014.2999999999997,1014.8999999999997,1008.5,1000.6000000000003,1009.2999999999997,992.0,1013.6000000000003,888.1000000000003,1012.2000000000003,1012.1000000000003,1016.5,1000.8999999999997,1015.7999999999997,"rgb(22,237,233)",18,233
2018-02-10,17.642857142857142,983.2000000000003,1006.6000000000003,1014.6000000000003,1015.1000000000003,1010.6000000000003,1002.2999999999997,1010.7000000000003,992.7999999999997,1014.3999999999997,889.3999999999997,1013.0,1012.2999999999997,1016.7999999999997,1000.1000000000003,1015.0,"rgb(38,230,217)",25,217
2018-02-11,19.70833333333333,988.8999999999997,1010.7000000000003,1019.0,1019.6000000000003,1016.2999999999997,1007.2000000000003,1015.5,996.7999999999997,1018.7000000000003,891.3999999999997,1017.2999999999997,1016.6000000000003,1023.8999999999997,1006.0,1020.5,"rgb(45,246,210)",9,210
2018-02-12,20.51818181818182,991.6000000000003,1014.0,1022.5,1023.1000000000003,1018.5,1009.5,1018.1000000000003,1000.1000000000003,1022.0,894.1000000000003,1020.6000000000003,1020.6000000000003,1027.1,1010.2,1024.9,"rgb(41,253,214)",2,214
2018-02-13,20.225,989.1000000000003,1012.7000000000003,1021.5,1022.2999999999997,1014.7999999999997,1006.7000000000003,1015.7000000000003,998.7999999999997,1020.8999999999997,893.7000000000003,1019.5,1019.8999999999997,1024.7000000000003,1009.0,1024.2999999999997,"rgb(34,253,221)",2,221
2018-02-14,20.508333333333336,984.5,1009.2999999999997,1017.7000000000003,1018.7000000000003,1011.1000000000003,1003.5,1012.3999999999997,995.7000000000003,1017.2000000000003,891.8999999999997,1015.7000000000003,1016.5,1019.2000000000003,1004.1000000000003,1019.5,"rgb(18,244,237)",11,237
2018-02-15,18.775,982.2000000000003,1006.5,1014.3999999999997,1015.6000000000003,1008.5,1000.7000000000003,1009.7000000000003,993.2000000000003,1014.2999999999997,890.8999999999997,1012.5,1013.2999999999997,1016.0,1000.7000000000003,1016.0,"rgb(14,222,241)",33,241
2018-02-20,17.3,980.6,1004.6,1012.8,1013.5,1007.8,999.7,1008.7,991.0,1012.5,889.2,1011.1,1011.1,1014.2,998.2,1013.3,"rgb(16,217,239)",38,239
2018-02-21,17.33636363636364,981.8999999999997,1004.3,1012.3999999999997,1012.8,1008.8999999999997,1000.3999999999997,1009.0,990.5,1012.1000000000003,888.0,1010.7,1010.5,1015.5,998.5,1013.1000000000003,"rgb(28,229,227)",26,227
2018-02-22,16.0,984.1000000000003,1007.0,1015.1000000000003,1015.5,1011.2999999999997,1002.7000000000003,1011.5,993.0,1015.0,889.2999999999997,1013.3999999999997,1012.7999999999997,1018.6000000000003,1001.2999999999997,1015.7999999999997,"rgb(50,229,205)",26,205
2018-02-23,19.0,985.8999999999997,1008.3999999999997,1016.8999999999997,1017.7000000000003,1012.0,1003.6000000000003,1012.2999999999997,994.6000000000003,1016.5,891.0,1015.0,1015.2000000000003,1020.7999999999997,1004.1000000000003,1018.8999999999997,"rgb(27,244,228)",11,228
2018-02-24,18.5,984.4,1009.0,1017.2,1018.1,1011.5,1003.6,1012.6,995.4,1016.9,892.2,1015.3,1015.4,1018.5,1003.1,1018.2,"rgb(16,240,239)",15,239
2018-02-25,19.0275,984.5,1007.7,1015.4,1016.0,1012.0,1003.7,1012.1,993.9,1015.5,891.0,1013.8,1013.6,1017.7,1001.2,1016.1,"rgb(36,229,219)",26,219
2018-02-26,16.05,986.2,1007.7,1016.4,1017.2,1012.1,1003.4,1011.9,994.1,1015.8,890.8,1014.5,1014.7,1020.9,1004.2,1018.8,"rgb(26,243,229)",12,229
2018-02-27,14.850714285714286,982.3999999999997,1007.2000000000003,1015.3999999999997,1016.2000000000003,1009.0,1001.3999999999997,1010.2999999999997,993.6000000000003,1015.1000000000003,890.1000000000003,1013.7000000000003,1013.6000000000003,1016.7999999999997,1001.3999999999997,1016.6000000000003,"rgb(17,234,238)",21,238
2018-02-28,13.221428571428573,979.1000000000003,1003.8999999999997,1011.8999999999997,1012.7999999999997,1005.3999999999997,997.8999999999997,1006.6000000000003,990.5,1011.6000000000003,888.2000000000003,1010.2000000000003,1010.2000000000003,1012.0,996.2999999999997,1011.0,"rgb(32,217,223)",38,223
2018-03-01,12.615384615384615,979.5,1002.3999999999997,1010.7000000000003,1011.7999999999997,1004.5,996.8999999999997,1005.7999999999997,989.1000000000003,1010.2999999999997,887.2999999999997,1008.7999999999997,1009.5,1013.3999999999997,997.6000000000003,1012.3999999999997,"rgb(19,196,236)",59,236
2018-03-02,13.142857142857142,978.2000000000003,1002.2999999999997,1010.5,1011.5,1004.5,996.7999999999997,1005.8999999999997,989.1000000000003,1010.2000000000003,887.3999999999997,1008.6000000000003,1009.2000000000003,1011.7999999999997,995.7000000000003,1010.8999999999997,"rgb(17,180,238)",75,238
2018-03-03,11.827272727272724,977.0,1001.3999999999997,1009.8,1010.8999999999997,1003.3,995.7,1004.6000000000003,988.5,1009.3999999999997,887.3999999999997,1007.8999999999997,1008.5,1010.2,994.1000000000003,1008.8,"rgb(18,176,237)",79,237
2018-03-04,12.611111111111107,978.0,1002.3,1010.7,1012.0,1004.0,996.5,1005.2,989.4,1010.2,888.3999999999999,1008.7,1009.8,1011.1,995.9,1011.2,"rgb(17,176,238)",79,238
2018-03-05,10.35,979.8,1003.1,1011.1,1012.0,1006.1,998.0,1006.5,990.2,1011.0,889.2,1009.3,1009.7,1012.6,995.8,1010.6,"rgb(27,204,228)",51,228
2018-03-06,11.892499999999998,985.8,1006.7,1015.1,1015.7,1011.9,1003.0,1011.6,993.3,1014.5,890.4,1013.3,1013.5,1020.1,1002.9,1017.5,"rgb(29,236,226)",19,226
2018-03-07,11.14,982.3,1006.2,1014.5,1015.1,1009.0,1001.1,1010.2,992.7,1013.8,889.8,1012.6,1012.7,1016.2,999.9,1015.2,"rgb(24,228,231)",27,231
2018-03-08,11.28,985.2999999999997,1007.3999999999997,1015.1000000000003,1015.2999999999997,1012.8999999999997,1004.5,1012.7000000000003,993.5,1015.0,888.7999999999997,1013.7000000000003,1012.3999999999997,1019.2000000000003,1000.6000000000003,1015.2999999999997,"rgb(48,231,207)",24,207
2018-03-09,14.666666666666664,988.3999999999997,1009.7000000000003,1018.3999999999997,1019.1000000000003,1015.2999999999997,1006.0,1014.5,996.0,1017.6000000000003,890.0,1016.3999999999997,1016.0,1023.2999999999997,1005.7999999999997,1020.2000000000003,"rgb(36,251,219)",4,219
2018-03-10,14.378571428571426,987.7999999999997,1010.7999999999997,1019.2999999999997,1020.2000000000003,1014.2000000000003,1005.6000000000003,1014.6000000000003,997.1000000000003,1018.5,892.0,1017.2999999999997,1017.7000000000003,1022.8999999999997,1006.2000000000003,1021.1000000000003,"rgb(31,249,224)",6,224
2018-03-11,14.96363636363636,986.8,1011.0,1019.3999999999997,1020.3,1012.8,1005.1000000000003,1014.2,997.5,1018.6000000000003,892.8,1017.3999999999997,1018.3,1021.8999999999997,1006.1000000000003,1021.3999999999997,"rgb(22,247,233)",8,233
2018-03-12,13.45,984.0,1008.9,1017.4,1018.4,1010.4,1003.1,1012.1,995.6,1016.4,891.4,1015.4,1015.9,1018.7,1003.4,1018.6,"rgb(17,242,238)",13,238
2018-03-13,15.385714285714286,982.3999999999997,1007.2999999999997,1015.6000000000003,1016.6000000000003,1008.6000000000003,1001.5,1010.3999999999997,994.1000000000003,1014.7000000000003,890.3999999999997,1013.7000000000003,1014.2999999999997,1016.7000000000003,1001.5,1017.0,"rgb(14,231,241)",24,241
2018-03-14,15.379333333333333,981.3999999999997,1005.6000000000003,1014.0,1015.0,1007.0,1000.0,1008.7000000000003,992.5,1013.0,889.7000000000003,1012.1000000000003,1013.0,1015.3999999999997,1000.6000000000003,1016.0,"rgb(13,221,242)",34,242
2018-03-15,14.082,979.8999999999997,1004.2000000000003,1012.2999999999997,1013.2000000000003,1005.6000000000003,998.3999999999997,1007.2999999999997,991.2000000000003,1011.5,888.5,1010.5,1010.8999999999997,1013.6000000000003,998.2999999999997,1013.3999999999997,"rgb(74,130,181)",125,181
2018-03-16,13.689333333333336,981.7999999999997,1004.7000000000003,1012.7999999999997,1013.7000000000003,1007.5,999.5,1008.3999999999997,991.6000000000003,1012.1000000000003,889.2000000000003,1011.0,1011.6000000000003,1015.5,999.0,1013.7000000000003,"rgb(27,216,228)",39,228
2018-03-17,13.134666666666668,984.5,1007.2000000000003,1015.3999999999997,1016.3999999999997,1009.7999999999997,1001.7000000000003,1011.0,994.1000000000003,1014.7000000000003,890.8999999999997,1013.7000000000003,1014.2000000000003,1018.6000000000003,1002.2999999999997,1017.2000000000003,"rgb(21,231,234)",24,234
2018-03-18,12.536666666666667,981.2999999999997,1005.8999999999997,1014.2999999999997,1015.2999999999997,1007.2000000000003,999.7999999999997,1009.2999999999997,992.8999999999997,1013.5,890.1000000000003,1012.3999999999997,1013.1000000000003,1014.8999999999997,999.7999999999997,1015.2999999999997,"rgb(13,215,242)",40,242
2018-03-19,11.15,977.8,1002.3,1010.5,1011.8,1003.5,996.2,1005.2,989.6,1009.7,887.4,1008.7,1009.5,1011.0,995.5,1011.1,"rgb(19,178,236)",77,236
2018-03-20,13.66,977.3999999999997,1001.7000000000003,1009.5,1010.2000000000003,1003.7999999999997,996.3999999999997,1005.3999999999997,988.6000000000003,1009.0,886.1000000000003,1008.0,1007.5,1009.7999999999997,993.1000000000003,1007.7999999999997,"rgb(36,217,219)",38,219
2018-03-21,13.896666666666668,981.7000000000003,1005.3999999999997,1013.0,1013.2000000000003,1008.7000000000003,1000.8999999999997,1009.7000000000003,991.8999999999997,1012.7000000000003,886.8999999999997,1011.5,1010.6000000000003,1015.5,997.7999999999997,1012.8999999999997,"rgb(31,231,224)",24,224
2018-03-22,13.824000000000002,982.8999999999997,1005.7000000000003,1014.2000000000003,1015.1000000000003,1009.0,1000.8999999999997,1009.7000000000003,992.2999999999997,1013.3999999999997,887.7000000000003,1012.2999999999997,1012.7000000000003,1017.8999999999997,1001.1000000000003,1015.8999999999997,"rgb(24,239,231)",16,231
2018-03-23,13.18,984.7000000000003,1008.2999999999997,1016.6000000000003,1017.7999999999997,1010.3999999999997,1002.5,1011.3999999999997,995.0,1015.8999999999997,890.6000000000003,1014.7000000000003,1015.7999999999997,1019.6000000000003,1003.3999999999997,1018.7000000000003,"rgb(21,239,234)",16,234
2018-03-24,13.175333333333333,985.5,1009.6000000000003,1017.8999999999997,1019.0,1010.6000000000003,1003.1000000000003,1012.1000000000003,996.3999999999997,1017.2000000000003,892.2000000000003,1016.0,1017.3999999999997,1020.5,1004.7000000000003,1020.1000000000003,"rgb(15,239,240)",16,240
2018-03-25,15.136363636363635,985.2,1009.2,1017.7,1018.8999999999997,1010.2,1002.8,1011.7,996.2,1016.8,892.3,1015.8,1017.0,1020.0,1004.6000000000003,1019.8999999999997,"rgb(15,239,240)",16,240
2018-03-26,11.2,983.1,1007.8,1015.9,1017.1,1008.9,1001.5,1010.3,994.6,1015.2,891.0,1014.1,1014.9,1017.4,1001.7,1017.1,"rgb(15,232,240)",23,240
2018-03-27,15.19142857142857,981.3999999999997,1005.5,1013.6000000000003,1014.7000000000003,1007.6000000000003,999.8999999999997,1008.3999999999997,992.3999999999997,1013.0,889.2000000000003,1011.8999999999997,1012.6000000000003,1015.2999999999997,999.6000000000003,1014.7999999999997,"rgb(16,216,239)",39,239
2018-03-28,14.25,980.1000000000003,1003.8999999999997,1012.2999999999997,1013.3999999999997,1005.6000000000003,998.0,1006.5,991.0,1011.5,888.2000000000003,1010.3999999999997,1011.2000000000003,1014.1000000000003,998.3999999999997,1013.5,"rgb(18,203,237)",52,237
2018-03-29,14.728571428571426,980.1000000000003,1003.7000000000003,1012.1000000000003,1013.2999999999997,1004.7000000000003,997.3999999999997,1006.0,990.7999999999997,1011.2000000000003,888.2000000000003,1010.2000000000003,1011.1000000000003,1014.2000000000003,998.7999999999997,1013.6000000000003,"rgb(16,192,239)",63,239
2018-03-30,13.645714285714286,981.6000000000003,1003.6000000000003,1012.2999999999997,1013.6000000000003,1005.8999999999997,997.7000000000003,1006.1000000000003,990.8999999999997,1011.2000000000003,888.3999999999997,1010.2000000000003,1011.2999999999997,1015.6000000000003,999.6000000000003,1014.3999999999997,"rgb(26,204,229)",51,229
2018-03-31,13.242857142857142,981.0,1003.0,1011.6000000000003,1013.0,1005.1000000000003,996.7000000000003,1005.1000000000003,990.2999999999997,1010.6000000000003,887.7999999999997,1009.6000000000003,1011.1000000000003,1015.1000000000003,999.2000000000003,1014.0,"rgb(25,200,230)",55,230
2018-04-01,13.303333333333333,979.5,1002.8999999999997,1011.6000000000003,1012.8999999999997,1004.2999999999997,996.7999999999997,1004.8999999999997,990.2000000000003,1010.2999999999997,887.7999999999997,1009.5,1010.7999999999997,1013.7000000000003,998.3999999999997,1013.5,"rgb(17,191,238)",64,238
2018-04-02,11.15,979.0,1003.4,1012.0,1013.2,1004.4,997.1,1005.1,990.6,1010.7,888.2,1010.0,1010.9,1013.0,997.9,1013.2,"rgb(18,184,237)",71,237
2018-04-03,11.321428571428573,979.8999999999997,1004.2000000000003,1012.5,1013.6000000000003,1005.3999999999997,998.0,1006.2000000000003,991.2999999999997,1011.3999999999997,888.7999999999997,1010.6000000000003,1011.6000000000003,1013.6000000000003,998.3999999999997,1013.7999999999997,"rgb(16,187,239)",68,239
2018-04-04,11.770714285714288,979.1000000000003,1003.2000000000003,1011.3999999999997,1012.7000000000003,1004.7000000000003,997.2999999999997,1005.3999999999997,990.3999999999997,1010.1000000000003,888.1000000000003,1009.6000000000003,1010.6000000000003,1012.7999999999997,997.2000000000003,1012.7999999999997,"rgb(16,182,239)",73,239
2018-04-05,13.7,977.7999999999997,1002.2000000000003,1010.6,1011.7000000000003,1003.2999999999997,996.0,1004.1,989.5,1008.7000000000003,887.5,1008.7000000000003,1009.7000000000003,1011.2000000000003,996.1,1011.7000000000003,"rgb(19,177,236)",78,236
2018-04-06,9.55,982.5,1004.1,1012.1,1013.0,1008.4,1000.2,1007.4,991.0,1010.6,888.2,1010.5,1010.7,1016.1,998.5,1013.3,"rgb(31,212,224)",43,224
2018-04-07,12.22857142857143,989.0,1010.5,1019.0,1019.6000000000003,1015.2000000000003,1006.7000000000003,1013.7999999999997,997.2000000000003,1017.6000000000003,891.6000000000003,1017.2000000000003,1016.8999999999997,1024.1,1006.6000000000003,1021.2999999999997,"rgb(41,248,214)",7,214
2018-04-08,12.330769230769231,985.7999999999997,1009.6000000000003,1018.2000000000003,1019.1000000000003,1010.7999999999997,1003.1000000000003,1010.3999999999997,996.5,1016.6000000000003,891.8999999999997,1016.2000000000003,1016.8999999999997,1021.1000000000003,1005.2000000000003,1020.5,"rgb(21,244,234)",11,234
2018-04-09,9.5,983.4,1008.2,1016.7,1017.6,1009.3,1001.8,1009.1,995.1,1014.9,891.1,1014.8,1015.5,1018.0,1002.8,1018.3,"rgb(15,236,240)",19,240
2018-04-10,12.966,980.7000000000003,1005.5,1013.7000000000003,1014.7999999999997,1006.5,999.1000000000003,1006.5,992.6000000000003,1011.8999999999997,889.8999999999997,1011.7999999999997,1012.3999999999997,1014.8999999999997,999.3999999999997,1015.0,"rgb(14,196,241)",59,241
2018-04-11,12.414666666666667,978.0,1002.6000000000003,1010.8999999999997,1012.1000000000003,1003.7000000000003,996.3999999999997,1003.7999999999997,990.0,1009.0,888.5,1008.8999999999997,1009.7999999999997,1011.7999999999997,996.2000000000003,1011.1000000000003,"rgb(19,171,236)",84,236
2018-04-12,14.030769230769227,977.7999999999997,1002.1000000000003,1010.2999999999997,1011.5,1003.2000000000003,995.8999999999997,1003.2999999999997,989.6000000000003,1008.6000000000003,888.2999999999997,1008.2999999999997,1009.3999999999997,1011.3999999999997,995.7999999999997,1010.7999999999997,"rgb(23,164,232)",91,232
2018-04-13,12.86,978.2999999999997,1002.7999999999997,1011.1000000000003,1012.2000000000003,1004.0,996.7000000000003,1004.2999999999997,990.2999999999997,1009.6000000000003,889.1000000000003,1009.2999999999997,1010.2999999999997,1011.7999999999997,996.7999999999997,1012.0,"rgb(20,166,235)",89,235
2018-04-14,13.023076923076925,976.7000000000003,1001.5,1009.8999999999997,1011.2000000000003,1001.8999999999997,994.7000000000003,1002.2999999999997,989.1000000000003,1008.2999999999997,888.2000000000003,1008.1000000000003,1009.0,1010.0,994.2999999999997,1009.7000000000003,"rgb(31,154,224)",101,224
2018-04-15,12.141666666666667,981.0,1002.2000000000003,1010.3999999999997,1011.1000000000003,1006.7000000000003,998.2999999999997,1005.3999999999997,989.2999999999997,1009.2000000000003,887.5,1008.7999999999997,1009.1000000000003,1015.1000000000003,997.3999999999997,1011.7000000000003,"rgb(38,218,217)",37,217
2018-04-16,12.85,982.1,1004.5,1013.0,1013.8,1007.6,999.3,1006.7,991.6,1011.5,888.6,1011.2,1011.9,1017.1,1000.3,1015.1,"rgb(34,217,221)",38,221
2018-04-17,14.542857142857144,983.3999999999997,1006.2000000000003,1014.2999999999997,1014.7000000000003,1009.3999999999997,1001.2999999999997,1008.8999999999997,993.1000000000003,1013.1000000000003,889.7000000000003,1012.7000000000003,1012.5,1017.7999999999997,1000.7000000000003,1015.3999999999997,"rgb(42,222,213)",33,213
2018-04-18,15.807692307692307,981.6000000000003,1004.8999999999997,1013.5,1014.3999999999997,1007.0,999.1000000000003,1006.7999999999997,992.0,1011.7000000000003,889.2999999999997,1011.6000000000003,1012.2999999999997,1016.2000000000003,999.8999999999997,1015.0,"rgb(16,214,239)",41,239
2018-04-19,15.984615384615385,980.7000000000003,1004.2999999999997,1012.8999999999997,1013.7999999999997,1005.7999999999997,998.2000000000003,1006.3999999999997,991.6000000000003,1011.0,889.2000000000003,1010.8999999999997,1011.7000000000003,1015.1000000000003,999.1000000000003,1014.3999999999997,"rgb(13,190,242)",65,242
2018-04-20,14.838461538461539,980.7999999999997,1004.2999999999997,1012.7999999999997,1013.7999999999997,1005.5,998.2000000000003,1006.7999999999997,991.6000000000003,1010.7999999999997,889.3999999999997,1010.8999999999997,1011.8999999999997,1015.2999999999997,999.7000000000003,1014.8999999999997,"rgb(12,190,243)",65,243
2018-04-21,14.0,979.2999999999997,1003.5,1011.8999999999997,1013.0,1004.7000000000003,997.3999999999997,1006.0,990.8999999999997,1009.8999999999997,889.1000000000003,1010.0,1010.7999999999997,1013.3999999999997,998.1000000000003,1013.3999999999997,"rgb(15,180,240)",75,240
2018-04-22,14.036666666666667,977.7999999999997,1001.7999999999997,1010.1000000000003,1011.1000000000003,1003.1000000000003,995.7999999999997,1004.3999999999997,989.3999999999997,1008.1000000000003,888.0,1008.1000000000003,1009.1000000000003,1011.2999999999997,996.3999999999997,1011.5,"rgb(28,139,227)",116,227
2018-04-23,14.2,975.4,999.5,1007.7,1009.1,1000.5,993.3,1001.5,987.1,1006.7,886.2,1005.7,1007.3,1008.7,993.8,1009.1,"rgb(29,155,226)",100,226
2018-04-24,15.278571428571427,976.2000000000003,999.7000000000003,1008.0,1009.1000000000003,1001.6000000000003,993.8999999999997,1002.0,987.2000000000003,1007.5,885.8999999999997,1005.8999999999997,1006.7000000000003,1009.1000000000003,992.6000000000003,1007.1000000000003,"rgb(59,104,196)",151,196
2018-04-25,13.465333333333332,979.7000000000003,1001.3999999999997,1009.7000000000003,1010.7000000000003,1005.1000000000003,997.0,1004.6000000000003,988.7000000000003,1009.3999999999997,886.8999999999997,1007.8999999999997,1008.7999999999997,1013.6000000000003,997.0,1011.8999999999997,"rgb(20,194,235)",61,235
2018-04-26,14.942857142857143,979.7000000000003,1002.8999999999997,1011.5,1012.6000000000003,1004.8999999999997,997.1000000000003,1005.2000000000003,990.2999999999997,1010.8999999999997,888.3999999999997,1009.5,1010.6000000000003,1014.1000000000003,998.2000000000003,1013.3999999999997,"rgb(17,191,238)",64,238
2018-04-27,14.683333333333335,981.3999999999997,1004.7999999999997,1013.2999999999997,1014.3999999999997,1006.6000000000003,999.0,1007.0,992.1000000000003,1012.8999999999997,890.1000000000003,1011.3999999999997,1012.3999999999997,1015.3999999999997,999.2999999999997,1014.6000000000003,"rgb(10,190,245)",65,245
2018-04-28,13.992,981.2999999999997,1004.5,1013.0,1014.2999999999997,1005.8999999999997,998.5,1006.6000000000003,991.8999999999997,1012.6000000000003,890.1000000000003,1011.0,1012.2999999999997,1015.5,999.7999999999997,1015.0,"rgb(11,189,244)",66,244
2018-04-29,15.390769230769232,979.0,1003.2999999999997,1011.7999999999997,1013.1000000000003,1004.3999999999997,997.2000000000003,1005.2999999999997,990.7999999999997,1011.3999999999997,889.1000000000003,1009.7999999999997,1011.0,1012.6000000000003,997.5,1012.8999999999997,"rgb(18,170,237)",85,237
2018-04-30,12.85,979.3,1003.5,1011.9,1013.1,1004.7,997.4,1005.6,991.0,1011.4,889.4,1010.1,1010.9,1012.5,997.2,1012.7,"rgb(17,169,238)",86,238
2018-05-01,14.67333333333333,979.0,1003.0,1011.3999999999997,1012.6000000000003,1004.0,996.7999999999997,1004.7999999999997,990.6000000000003,1010.5,889.2999999999997,1009.6000000000003,1010.5,1011.7999999999997,996.6000000000003,1012.2000000000003,"rgb(20,163,235)",92,235
2018-05-02,13.385714285714286,978.7999999999997,1002.5,1010.8999999999997,1012.1000000000003,1003.2999999999997,996.1000000000003,1004.1000000000003,990.1000000000003,1010.2000000000003,889.0,1009.1000000000003,1009.7999999999997,1011.0,995.5,1010.7000000000003,"rgb(24,156,231)",99,231
2018-05-03,13.615714285714288,983.7999999999997,1004.1000000000003,1012.6000000000003,1013.5,1008.0,999.7000000000003,1007.3999999999997,991.5,1012.0,890.1000000000003,1010.7999999999997,1011.6000000000003,1017.1000000000003,1000.1000000000003,1014.7000000000003,"rgb(28,204,227)",51,227
2018-05-04,13.902857142857142,984.2000000000003,1005.6000000000003,1014.2999999999997,1015.5,1007.5,999.7999999999997,1007.5,993.1000000000003,1013.6000000000003,891.2999999999997,1012.2999999999997,1013.7000000000003,1018.1000000000003,1002.3999999999997,1017.6000000000003,"rgb(9,196,246)",59,246
2018-05-05,15.318666666666667,982.7000000000003,1006.0,1014.3999999999997,1015.5,1007.2000000000003,999.8999999999997,1007.8999999999997,993.5,1013.8999999999997,891.7000000000003,1012.6000000000003,1013.5,1015.7999999999997,1000.8999999999997,1016.5,"rgb(5,197,250)",58,250
2018-05-06,15.252307692307694,978.6000000000003,1002.2999999999997,1010.8999999999997,1012.2999999999997,1003.1000000000003,995.7000000000003,1003.6000000000003,989.8999999999997,1009.7999999999997,889.1000000000003,1008.7999999999997,1010.2000000000003,1011.1000000000003,995.8999999999997,1011.2000000000003,"rgb(22,158,233)",97,233
2018-05-07,12.85,974.9,999.2,1008.2,1009.5,998.9,991.7,1000.0,987.1,1006.9,886.7,1006.1,1007.1,1006.9,991.3,1006.1,"rgb(38,146,217)",109,217
2018-05-08,17.930769230769233,976.2999999999997,999.6000000000003,1008.0,1009.2000000000003,1001.0,993.5,1001.1000000000003,987.2000000000003,1007.2999999999997,886.3999999999997,1006.0,1007.0,1008.0,992.1000000000003,1006.8999999999997,"rgb(73,131,182)",124,182
2018-05-09,16.923076923076927,983.1000000000003,1004.0,1012.1000000000003,1013.0,1007.2999999999997,999.1000000000003,1006.3999999999997,991.2000000000003,1011.6000000000003,889.2000000000003,1010.2999999999997,1010.7999999999997,1016.1000000000003,999.7000000000003,1014.3999999999997,"rgb(73,128,182)",127,182
2018-05-10,17.223076923076924,983.8999999999997,1004.7999999999997,1013.2999999999997,1014.5,1008.0,999.7999999999997,1007.2999999999997,992.2000000000003,1012.8999999999997,890.2000000000003,1011.2999999999997,1012.6000000000003,1017.2999999999997,1001.1000000000003,1016.0,"rgb(24,205,231)",50,231
2018-05-11,15.160714285714285,980.6000000000003,1003.6000000000003,1012.2999999999997,1013.5,1005.2000000000003,997.7999999999997,1005.8999999999997,991.1000000000003,1011.7000000000003,889.2000000000003,1010.1000000000003,1011.2999999999997,1013.7999999999997,998.1000000000003,1013.5,"rgb(14,181,241)",74,241
2018-05-12,13.46,978.2000000000003,1001.8999999999997,1010.5,1011.7999999999997,1002.8999999999997,995.7000000000003,1003.6000000000003,989.6000000000003,1010.0,888.0,1008.5,1009.6000000000003,1010.8999999999997,995.5,1011.2000000000003,"rgb(19,164,236)",91,236
2018-05-13,11.531538461538462,977.6000000000003,1001.2999999999997,1009.8999999999997,1011.1000000000003,1002.0,994.7999999999997,1002.6000000000003,989.0,1009.2999999999997,887.7999999999997,1007.8999999999997,1008.8999999999997,1010.1000000000003,994.6000000000003,1010.2000000000003,"rgb(24,155,231)",100,231
2018-05-14,11.6,977.7,1001.0,1009.4,1010.6,1002.1,994.9,1002.7,988.8,1009.0,887.7,1007.6,1008.4,1010.1,994.6,1010.0,"rgb(26,152,229)",103,229
2018-05-15,12.144,977.0,1000.3999999999997,1008.7999999999997,1010.0,1001.3999999999997,994.2999999999997,1001.8999999999997,988.2000000000003,1008.0,887.3999999999997,1006.8999999999997,1007.8999999999997,1009.2000000000003,994.0,1009.7000000000003,"rgb(28,149,227)",106,227
2018-05-16,11.433333333333335,975.8999999999997,999.3999999999997,1007.8999999999997,1009.1000000000003,1000.2999999999997,993.1000000000003,1000.7000000000003,987.2999999999997,1006.7000000000003,886.7999999999997,1005.7999999999997,1007.2000000000003,1008.0,993.1000000000003,1008.7999999999997,"rgb(36,143,219)",112,219
2018-05-17,11.386153846153848,974.8999999999997,998.7000000000003,1007.3999999999997,1008.6000000000003,999.2999999999997,992.1000000000003,999.6000000000003,986.5,1005.8999999999997,886.2999999999997,1005.3999999999997,1006.3999999999997,1007.0,992.0,1007.5,"rgb(36,145,219)",110,219
2018-05-18,11.450666666666667,974.3999999999997,998.1000000000003,1006.7999999999997,1007.8999999999997,998.7000000000003,991.6000000000003,999.1000000000003,985.8999999999997,1005.6000000000003,885.6000000000003,1004.7999999999997,1005.6000000000003,1006.5,991.2000000000003,1006.5,"rgb(37,144,218)",111,218
2018-05-19,11.405,975.3999999999997,998.6000000000003,1007.0,1008.2000000000003,999.7999999999997,992.6000000000003,1000.2000000000003,986.2999999999997,1006.2999999999997,885.7999999999997,1005.2000000000003,1006.1000000000003,1007.6000000000003,992.1000000000003,1007.7000000000003,"rgb(35,147,220)",108,220
2018-05-20,10.738461538461538,976.1000000000003,999.2999999999997,1007.7000000000003,1008.7999999999997,1000.7000000000003,993.5,1001.1000000000003,987.1000000000003,1007.2000000000003,886.5,1005.8999999999997,1006.7000000000003,1008.2999999999997,992.7000000000003,1008.2999999999997,"rgb(31,150,224)",105,224
2018-05-21,9.35,977.1,1000.2,1008.6,1009.6,1001.7,994.4,1002.0,987.9,1007.9,887.3,1006.7,1007.5,1009.4,994.0,1009.2,"rgb(27,147,228)",108,228
2018-05-22,13.502142857142855,977.0,1000.5,1009.1000000000003,1010.1000000000003,1001.6000000000003,994.5,1002.0,988.1000000000003,1008.2999999999997,887.7000000000003,1007.1000000000003,1007.7999999999997,1009.5,994.0,1009.2999999999997,"rgb(28,149,227)",106,227
2018-05-23,12.832000000000004,977.8999999999997,1000.2999999999997,1008.7000000000003,1009.7999999999997,1002.2999999999997,994.7000000000003,1002.1000000000003,987.7999999999997,1008.2000000000003,887.2999999999997,1006.8999999999997,1007.5,1010.2000000000003,993.8999999999997,1009.1000000000003,"rgb(28,149,227)",106,227
2018-05-24,12.672666666666665,977.2000000000003,1000.0,1008.6000000000003,1009.6000000000003,1001.7999999999997,994.2999999999997,1001.6000000000003,987.6000000000003,1008.1000000000003,888.7000000000003,1006.7000000000003,1007.3999999999997,1010.1000000000003,994.0,1009.3999999999997,"rgb(26,151,229)",104,229
2018-05-25,13.378571428571426,974.7999999999997,998.7000000000003,1007.2999999999997,1008.3999999999997,999.2999999999997,992.2000000000003,999.8999999999997,986.2999999999997,1006.5,890.2999999999997,1005.2999999999997,1006.2999999999997,1006.8999999999997,991.7000000000003,1007.2000000000003,"rgb(37,145,218)",110,218
2018-05-26,12.823076923076924,974.2000000000003,998.7000000000003,1007.3999999999997,1008.5,998.3999999999997,991.3999999999997,999.7000000000003,986.3999999999997,1006.6000000000003,890.3999999999997,1005.3999999999997,1005.6000000000003,1006.3999999999997,990.3999999999997,1005.2999999999997,"rgb(36,145,219)",110,219
2018-05-27,12.854166666666664,975.7000000000003,999.2999999999997,1008.0,1009.1000000000003,999.7999999999997,992.6000000000003,1000.6000000000003,987.1000000000003,1007.1000000000003,891.2000000000003,1006.0,1006.5,1007.8999999999997,992.2000000000003,1007.6000000000003,"rgb(35,145,220)",110,220
2018-05-28,9.05,976.3,999.3,1007.8,1009.1,1000.6,993.4,1001.3,986.9,1006.9,891.2,1005.9,1006.9,1008.5,992.8,1008.3,"rgb(34,147,221)",108,221
2018-05-29,14.842857142857142,977.5,1000.5,1008.8999999999997,1010.1000000000003,1001.7000000000003,994.5,1002.5,988.1000000000003,1007.8999999999997,892.2999999999997,1007.1000000000003,1008.1000000000003,1009.7000000000003,994.1000000000003,1009.6000000000003,"rgb(36,152,219)",103,219
2018-05-30,13.651333333333335,977.6000000000003,1000.7000000000003,1009.2000000000003,1010.5,1001.7999999999997,994.6000000000003,1002.5,988.5,1008.2000000000003,892.6000000000003,1007.3999999999997,1008.3999999999997,1009.5,994.2000000000003,1010.0,"rgb(49,107,206)",148,206
2018-05-31,12.623571428571427,977.0,1000.2999999999997,1008.7000000000003,1009.7999999999997,1001.5,994.2000000000003,1002.1000000000003,988.0,1007.8999999999997,892.1000000000003,1007.0,1007.6000000000003,1009.1000000000003,993.5,1009.1000000000003,"rgb(37,151,218)",104,218
2018-06-01,13.242,979.1000000000003,1000.1000000000003,1008.5,1009.2999999999997,1003.3999999999997,995.5,1002.7999999999997,987.5,1007.7000000000003,891.6000000000003,1006.7999999999997,1007.2999999999997,1011.6000000000003,994.7999999999997,1009.6000000000003,"rgb(25,155,230)",100,230
2018-06-02,13.53266666666667,978.6000000000003,1000.1000000000003,1008.6000000000003,1009.6000000000003,1002.8999999999997,995.1000000000003,1002.1000000000003,987.5,1007.7999999999997,891.3999999999997,1006.7999999999997,1007.5,1011.3999999999997,995.1000000000003,1010.1000000000003,"rgb(24,155,231)",100,231
2018-06-03,16.919999999999998,976.2999999999997,998.7999999999997,1007.2000000000003,1008.2000000000003,1000.7999999999997,993.2999999999997,1000.3999999999997,986.2000000000003,1006.3999999999997,890.2999999999997,1005.2999999999997,1006.1000000000003,1008.6000000000003,992.8999999999997,1008.1000000000003,"rgb(32,147,223)",108,223
2018-06-04,12.15,976.2,998.9,1007.4,1008.5,1000.5,993.2,1000.4,986.5,1006.6,890.7,1005.5,1006.2,1008.8,993.1,1008.3,"rgb(29,140,226)",115,226
2018-06-05,17.086666666666666,976.5,999.5,1007.7999999999997,1008.8999999999997,1000.7999999999997,993.6000000000003,1000.7000000000003,987.2000000000003,1007.1000000000003,891.2999999999997,1006.0,1006.7000000000003,1008.7999999999997,993.3999999999997,1008.6000000000003,"rgb(61,103,194)",152,194
2018-06-06,16.232142857142858,976.3999999999997,998.7000000000003,1007.0,1008.1000000000003,1000.6000000000003,993.1000000000003,1000.2000000000003,986.2999999999997,1006.1000000000003,890.5,1005.2999999999997,1005.8999999999997,1008.7000000000003,992.7999999999997,1008.0,"rgb(58,207,197)",48,197
2018-06-07,15.809333333333333,975.0,997.0,1005.5,1006.5,998.3999999999997,991.0,998.2000000000003,984.7999999999997,1004.3999999999997,889.1000000000003,1003.7999999999997,1004.3999999999997,1007.5,991.8999999999997,1006.7999999999997,"rgb(58,104,197)",151,197
2018-06-08,16.583571428571428,971.7000000000003,993.3999999999997,1001.8999999999997,1002.7999999999997,994.7999999999997,987.3999999999997,994.5,981.2999999999997,1000.8999999999997,885.8999999999997,1000.1000000000003,1000.7000000000003,1004.0,987.7999999999997,1002.3999999999997,"rgb(50,137,205)",118,205
2018-06-09,16.95,968.2000000000003,990.6000000000003,999.2000000000003,1000.3999999999997,992.3999999999997,984.8999999999997,991.8999999999997,978.6000000000003,998.1000000000003,883.2999999999997,997.2000000000003,998.1000000000003,999.7000000000003,984.0,999.0,"rgb(51,132,204)",123,204
2018-06-10,17.639999999999993,967.8,990.3,998.6,999.9,991.9,984.6,991.5,978.4,997.7,882.8,996.7,997.9,999.7,983.9,998.7,"rgb(61,103,194)",152,194
2018-06-11,17.3,968.9,991.2,999.6,1000.7,993.3,986.0,992.7,979.0,998.5,883.3,997.8,998.7,1000.5,984.7,999.4,"rgb(62,111,193)",144,193
2018-06-12,19.86153846153845,971.3999999999997,993.0,1001.7000000000003,1002.6000000000003,994.6000000000003,987.1000000000003,994.1000000000003,980.8999999999997,1000.5,885.0,999.7999999999997,1000.7999999999997,1003.8999999999997,988.7000000000003,1003.3999999999997,"rgb(49,137,206)",118,206
2018-06-13,19.010666666666673,968.7999999999997,989.7999999999997,998.1000000000003,999.2000000000003,991.3999999999997,983.8999999999997,990.8999999999997,977.7000000000003,997.1000000000003,882.0,996.2000000000003,997.2000000000003,1001.5,985.5,999.7000000000003,"rgb(51,136,204)",119,204
2018-06-14,19.58,965.7999999999997,986.7000000000003,994.6000000000003,995.3999999999997,989.6000000000003,981.3999999999997,988.1000000000003,974.7999999999997,993.7999999999997,879.1000000000003,993.2999999999997,994.7999999999997,997.7999999999997,982.0,996.5,"rgb(71,124,184)",131,184
2018-06-15,20.486666666666665,967.5,988.2000000000003,996.2999999999997,996.8999999999997,992.2999999999997,984.7000000000003,990.7000000000003,976.2999999999997,995.3999999999997,879.7999999999997,994.7999999999997,996.2999999999997,999.0,982.3999999999997,997.0,"rgb(68,124,187)",131,187
2018-06-16,19.87571428571429,972.7000000000003,993.6000000000003,1001.8999999999997,1002.8999999999997,996.7999999999997,988.7999999999997,995.3999999999997,981.6000000000003,1001.0,885.2000000000003,1000.2999999999997,1001.7000000000003,1004.3999999999997,989.1000000000003,1003.8999999999997,"rgb(67,115,188)",140,188
2018-06-17,18.676923076923078,972.1000000000003,994.6000000000003,1003.1000000000003,1004.2999999999997,996.2000000000003,988.7999999999997,995.7999999999997,982.5,1001.7000000000003,886.2000000000003,1000.8999999999997,1002.7000000000003,1004.2999999999997,989.5,1004.6000000000003,"rgb(68,123,187)",132,187
2018-06-18,19.271538461538466,971.5,994.5,1003.2000000000003,1004.7999999999997,995.6000000000003,988.3999999999997,995.2999999999997,982.5,1001.3999999999997,886.1000000000003,1001.1000000000003,1003.2999999999997,1003.6000000000003,988.3999999999997,1004.0,"rgb(65,128,190)",127,190
2018-06-19,15.75,971.1,996.6,1005.5,1006.8,995.2,988.3,996.1,984.7,1003.6,888.1,1003.5,1004.9,1002.9,988.2,1003.8,"rgb(76,120,179)",135,179
2018-06-20,15.736666666666665,972.2000000000003,997.5,1006.4,1007.6,996.0,989.2000000000003,996.9,985.7000000000003,1004.7000000000003,889.1,1004.2000000000003,1005.2000000000003,1004.1,989.1,1004.0,"rgb(76,120,179)",135,179
2018-06-21,18.592857142857145,973.7000000000003,997.8999999999997,1006.6000000000003,1007.8999999999997,997.7000000000003,990.5,998.1000000000003,986.1000000000003,1005.2000000000003,889.7000000000003,1004.3999999999997,1005.2000000000003,1005.7000000000003,990.2999999999997,1005.0,"rgb(67,136,188)",119,188
2018-06-22,18.05384615384616,975.0,998.5,1007.1000000000003,1008.3999999999997,999.0,991.8999999999997,999.2000000000003,986.6000000000003,1005.7000000000003,890.1000000000003,1004.8999999999997,1006.3999999999997,1007.0,991.5,1006.3999999999997,"rgb(66,144,189)",111,189
2018-06-23,18.788,975.3999999999997,999.0,1007.6000000000003,1008.8999999999997,999.3999999999997,992.2999999999997,999.7999999999997,987.1000000000003,1006.3999999999997,890.7000000000003,1005.6000000000003,1006.7999999999997,1007.5,991.7999999999997,1006.7000000000003,"rgb(65,147,190)",108,190
2018-06-24,23.474615384615394,976.8999999999997,1000.3999999999997,1008.7000000000003,1009.8999999999997,1001.1000000000003,994.1000000000003,1001.3999999999997,988.5,1007.7999999999997,892.0,1006.7999999999997,1007.7999999999997,1009.0,993.6000000000003,1008.8999999999997,"rgb(46,111,209)",144,209
2018-06-25,23.55,978.0,1001.2,1009.6,1010.8,1002.2,995.1,1002.4,989.4,1008.7,892.7,1007.8,1008.7,1010.1,994.8,1010.5,"rgb(42,114,213)",141,213
2018-06-26,28.321538461538463,978.5,1001.5,1009.7999999999997,1010.7999999999997,1002.7000000000003,995.5,1002.8999999999997,989.6000000000003,1008.8999999999997,892.8999999999997,1008.1000000000003,1008.7999999999997,1010.7999999999997,995.6000000000003,1011.0,"rgb(33,123,222)",132,222
2018-06-27,31.95,976.7999999999997,1000.1000000000003,1008.6000000000003,1009.5,1000.8999999999997,993.7999999999997,1001.2000000000003,988.2000000000003,1007.5,891.6000000000003,1006.7000000000003,1007.5,1009.0,994.0,1009.5,"rgb(50,107,205)",148,205
2018-06-28,32.722727272727276,973.8999999999997,997.6000000000003,1006.0,1007.1000000000003,997.8999999999997,990.8999999999997,998.3,985.7,1004.7,889.2,1004.1000000000003,1005.0,1005.8999999999997,990.5,1005.8,"rgb(46,111,209)",144,209
2018-06-29,30.19,971.6000000000003,994.7000000000003,1003.2999999999997,1004.5,995.5,988.3999999999997,995.7000000000003,982.8999999999997,1001.8999999999997,886.7999999999997,1001.3999999999997,1002.2999999999997,1003.6000000000003,988.2000000000003,1002.8999999999997,"rgb(46,132,209)",123,209
2018-06-30,31.590769230769233,972.1000000000003,995.1000000000003,1003.5,1004.6000000000003,996.2000000000003,989.2000000000003,996.5,983.2000000000003,1002.2000000000003,887.1000000000003,1001.6000000000003,1002.2999999999997,1004.1000000000003,988.5,1003.5,"rgb(46,131,209)",124,209
2018-07-01,30.34,970.7000000000003,995.0,1003.6000000000003,1004.6000000000003,995.2999999999997,988.2000000000003,995.2999999999997,983.1000000000003,1001.8999999999997,887.0,1001.7000000000003,1002.0,1002.1000000000003,987.3999999999997,1002.3999999999997,"rgb(60,105,195)",150,195
2018-07-02,25.15,969.1,994.9,1003.5,1004.6,993.5,986.7,994.4,983.0,1001.5,886.8,1001.6,1001.9,1001.0,986.4,1001.1,"rgb(77,122,178)",133,178
2018-07-03,35.17692307692308,968.5,994.3999999999997,1003.3999999999997,1004.6000000000003,992.7000000000003,986.0,994.1000000000003,982.7000000000003,1001.2999999999997,886.7999999999997,1001.2000000000003,1001.8999999999997,1000.2999999999997,985.2000000000003,1000.0,"rgb(72,125,183)",130,183
2018-07-04,33.075,968.3999999999997,994.2999999999997,1003.1000000000003,1004.2000000000003,992.5,985.7999999999997,993.8999999999997,982.5,1001.1000000000003,886.6000000000003,1000.8999999999997,1001.2999999999997,999.8999999999997,984.7000000000003,999.3999999999997,"rgb(72,126,183)",129,183
2018-07-05,32.61642857142857,968.8999999999997,994.2000000000003,1003.1000000000003,1004.2000000000003,992.7999999999997,986.0,993.8999999999997,982.3999999999997,1001.1000000000003,886.6000000000003,1000.7999999999997,1001.6000000000003,1000.3999999999997,985.2999999999997,1000.0,"rgb(62,133,193)",122,193
2018-07-06,30.285,970.3999999999997,994.2000000000003,1003.1000000000003,1004.1000000000003,994.0,986.8999999999997,994.5,982.3999999999997,1001.2999999999997,886.5,1000.8999999999997,1001.8999999999997,1002.2000000000003,986.6000000000003,1001.6000000000003,"rgb(61,141,194)",114,194
2018-07-07,34.638461538461534,972.2999999999997,995.2999999999997,1003.7999999999997,1005.0,996.2000000000003,989.1000000000003,996.2000000000003,983.3999999999997,1002.2999999999997,887.2999999999997,1001.7000000000003,1003.0,1004.2000000000003,989.1000000000003,1004.2999999999997,"rgb(49,112,206)",143,206
2018-07-08,39.699166666666656,973.8999999999997,996.7000000000003,1004.7000000000003,1005.5,998.0,990.7999999999997,998.0,984.7000000000003,1003.7999999999997,888.5,1002.8999999999997,1004.1000000000003,1006.2000000000003,991.2999999999997,1006.5,"rgb(44,123,211)",132,211
2018-07-09,33.7,975.1,996.7,1005.0,1006.2,998.1,990.9,998.1,984.8,1004.0,888.7,1003.1,1004.6,1007.6,991.8,1006.9,"rgb(41,126,214)",129,214
2018-07-10,46.01666666666667,969.6000000000003,993.2000000000003,1001.7999999999997,1002.7000000000003,994.7999999999997,987.6000000000003,994.7000000000003,981.2999999999997,1000.6000000000003,885.5,1000.0,1000.2999999999997,1000.7999999999997,984.7000000000003,999.7999999999997,"rgb(68,152,187)",103,187
2018-07-11,41.12461538461538,966.7000000000003,991.2999999999997,1000.6000000000003,1001.8999999999997,990.5,984.0,991.5,979.5,998.3999999999997,884.0,998.2999999999997,1000.0,998.8999999999997,984.1000000000003,998.3999999999997,"rgb(68,151,187)",104,187
2018-07-12,40.69461538461538,974.2000000000003,996.2999999999997,1004.7000000000003,1005.5,997.6000000000003,990.5,997.7999999999997,984.2999999999997,1003.6000000000003,888.1000000000003,1002.7999999999997,1004.1000000000003,1006.3999999999997,992.2999999999997,1006.8999999999997,"rgb(52,122,203)",133,203
2018-07-13,38.36071428571428,974.8999999999997,996.7999999999997,1005.1000000000003,1006.0,998.0,990.7999999999997,998.2000000000003,984.7999999999997,1004.1000000000003,888.7000000000003,1003.2999999999997,1004.7999999999997,1007.1000000000003,993.0,1007.7999999999997,"rgb(58,122,197)",133,197
2018-07-14,33.35,974.3999999999997,996.1000000000003,1004.7999999999997,1005.7000000000003,997.2000000000003,990.1000000000003,997.5,984.2000000000003,1003.2999999999997,888.2000000000003,1002.7000000000003,1004.2000000000003,1006.8999999999997,992.2999999999997,1007.2000000000003,"rgb(45,113,210)",142,210
2018-07-15,28.6,974.3,995.8,1004.3,1005.3,997.0,989.8,997.1000000000003,983.8999999999997,1002.8999999999997,887.8,1002.3,1003.6000000000003,1007.1000000000003,991.8999999999997,1006.7,"rgb(41,128,214)",127,214
2018-07-16,29.45,973.4,993.6,1002.1,1003.1,995.1,987.7,994.9,981.7,1000.7,886.0,1000.1,1001.2,1006.2,990.7,1004.5,"rgb(58,143,197)",112,197
2018-07-17,29.914285714285718,972.7000000000003,992.5,1001.1000000000003,1002.0,993.7999999999997,986.6000000000003,993.7999999999997,980.6000000000003,999.6000000000003,885.3999999999997,999.1000000000003,1000.3999999999997,1005.6000000000003,990.2999999999997,1004.6000000000003,"rgb(54,126,201)",129,201
2018-07-18,25.852666666666664,973.1000000000003,994.2000000000003,1002.7999999999997,1004.0,995.5,988.2000000000003,995.2999999999997,982.2999999999997,1001.8999999999997,886.7999999999997,1000.8999999999997,1002.2000000000003,1005.7000000000003,990.1000000000003,1004.7000000000003,"rgb(46,132,209)",123,209
2018-07-19,26.161538461538463,973.7000000000003,995.5,1004.2999999999997,1005.5,996.7999999999997,989.3999999999997,996.6000000000003,983.6000000000003,1003.1000000000003,887.8999999999997,1002.2999999999997,1003.2999999999997,1006.1000000000003,990.6000000000003,1005.3999999999997,"rgb(62,103,193)",152,193
2018-07-20,27.728571428571428,971.6000000000003,993.7000000000003,1002.5,1003.6000000000003,995.5,987.8999999999997,995.0,981.7000000000003,1001.0,885.7999999999997,1000.5,1001.3999999999997,1003.7000000000003,988.0,1003.0,"rgb(52,140,203)",115,203
2018-07-21,29.79166666666667,968.3999999999997,991.0,999.5,1000.6000000000003,992.7999999999997,985.6000000000003,992.5,979.1000000000003,998.2999999999997,883.2000000000003,997.6000000000003,998.5,999.5,984.6000000000003,999.7999999999997,"rgb(61,145,194)",110,194
2018-07-22,33.63615384615385,968.5,991.8999999999997,1000.2999999999997,1001.2999999999997,992.6000000000003,985.6000000000003,992.7000000000003,979.7999999999997,998.8999999999997,884.0,998.5,999.0,1000.3999999999997,985.3999999999997,1000.1000000000003,"rgb(52,112,203)",143,203
2018-07-23,26.5,970.8,994.5,1003.1,1004.2,994.7,987.6,994.8,982.6,1001.8,886.8,1001.0,1001.9,1002.5,987.3,1002.3,"rgb(47,136,208)",119,208
2018-07-24,29.785714285714285,973.8999999999997,996.8999999999997,1005.2999999999997,1006.3999999999997,997.8999999999997,990.8999999999997,997.8999999999997,985.0,1004.2000000000003,888.8999999999997,1003.3999999999997,1004.1000000000003,1005.7999999999997,990.2999999999997,1005.2999999999997,"rgb(55,106,200)",149,200
2018-07-25,23.866,974.3999999999997,997.3999999999997,1005.7999999999997,1006.8999999999997,998.6000000000003,991.5,998.6000000000003,985.5,1004.8999999999997,889.3999999999997,1004.0,1004.7000000000003,1006.6000000000003,991.3999999999997,1006.5,"rgb(44,116,211)",139,211
2018-07-26,21.112666666666666,974.1000000000003,997.2000000000003,1005.6000000000003,1006.7999999999997,998.2999999999997,991.0,998.2999999999997,985.2999999999997,1004.7000000000003,889.1000000000003,1003.7999999999997,1004.6000000000003,1006.2000000000003,990.8999999999997,1006.2999999999997,"rgb(43,139,212)",116,212
2018-07-27,16.935714285714287,974.2000000000003,997.2999999999997,1005.7999999999997,1006.8999999999997,998.2999999999997,991.2999999999997,998.3999999999997,985.3999999999997,1004.7000000000003,889.1000000000003,1003.7999999999997,1004.7000000000003,1006.2999999999997,990.8999999999997,1006.1000000000003,"rgb(57,105,198)",150,198
2018-07-28,16.357142857142858,973.7000000000003,996.8999999999997,1005.3999999999997,1006.3999999999997,998.0,990.8999999999997,998.0,985.0,1004.3999999999997,888.7000000000003,1003.5,1004.1000000000003,1005.7999999999997,990.5,1005.7000000000003,"rgb(56,103,199)",152,199
2018-07-29,17.675,972.3999999999997,995.7999999999997,1004.3999999999997,1005.3999999999997,996.7000000000003,989.7000000000003,996.7999999999997,984.0,1003.5,887.8999999999997,1002.5,1003.0,1004.3999999999997,989.1000000000003,1004.2999999999997,"rgb(52,139,203)",116,203
2018-07-30,13.7,972.0,995.6,1004.3,1005.4,996.4,989.4,996.5,983.8,1003.3,887.9,1002.4,1002.7,1003.8,988.5,1003.7,"rgb(48,139,207)",116,207
2018-07-31,17.11133333333333,971.6000000000003,995.3999999999997,1004.1000000000003,1005.2000000000003,996.0,989.0,996.1000000000003,983.5,1003.0,887.7000000000003,1002.1000000000003,1002.6000000000003,1003.5,988.2000000000003,1003.3999999999997,"rgb(47,138,208)",117,208
2018-08-01,18.310714285714287,971.0,994.6000000000003,1003.3999999999997,1004.3999999999997,995.1000000000003,988.0,995.1000000000003,982.7000000000003,1002.2000000000003,887.2000000000003,1001.3999999999997,1001.6000000000003,1002.7000000000003,987.2999999999997,1002.2999999999997,"rgb(57,143,198)",112,198
2018-08-02,16.978571428571428,969.7999999999997,994.2000000000003,1003.0,1004.1000000000003,993.8999999999997,986.8999999999997,994.2999999999997,982.2999999999997,1001.6000000000003,886.6000000000003,1001.0,1001.2000000000003,1001.7999999999997,986.5,1001.5,"rgb(52,137,203)",118,203
2018-08-03,17.641428571428573,971.0,994.5,1003.2999999999997,1004.3999999999997,994.7999999999997,987.7000000000003,994.7999999999997,982.6000000000003,1001.8999999999997,886.7999999999997,1001.2000000000003,1001.8999999999997,1002.7000000000003,987.2000000000003,1002.1000000000003,"rgb(65,146,190)",109,190
2018-08-04,15.917857142857144,972.7999999999997,995.7999999999997,1004.2000000000003,1005.3999999999997,996.8999999999997,989.7000000000003,996.6000000000003,983.8999999999997,1003.2999999999997,888.0,1002.3999999999997,1003.0,1004.6000000000003,989.3999999999997,1004.3999999999997,"rgb(51,111,204)",144,204
2018-08-05,14.458333333333336,973.6000000000003,996.7000000000003,1005.0,1006.0,997.7000000000003,990.6000000000003,997.7000000000003,984.6000000000003,1004.1000000000003,888.6000000000003,1003.2000000000003,1003.7000000000003,1005.6000000000003,990.3999999999997,1005.5,"rgb(53,108,202)",147,202
2018-08-06,12.15,973.0,995.8,1004.3,1005.3,996.7,989.6,996.7,983.8,1003.3,887.8,1002.4,1003.1,1005.2,989.8,1004.9,"rgb(46,142,209)",113,209
2018-08-07,12.605333333333334,972.2000000000003,994.7999999999997,1003.3999999999997,1004.5,995.7999999999997,988.3999999999997,995.3999999999997,982.7999999999997,1002.2999999999997,887.0,1001.5,1002.3999999999997,1004.7000000000003,989.1000000000003,1004.2000000000003,"rgb(48,140,207)",115,207
2018-08-08,12.715384615384615,972.2999999999997,995.0,1003.7000000000003,1004.7999999999997,996.2999999999997,989.0,995.8999999999997,983.1000000000003,1002.5,887.2000000000003,1001.7999999999997,1002.6000000000003,1004.7000000000003,989.2000000000003,1004.3999999999997,"rgb(54,135,201)",120,201
2018-08-09,12.438461538461535,972.3999999999997,995.5,1004.1000000000003,1005.2000000000003,996.6000000000003,989.3999999999997,996.3999999999997,983.6000000000003,1003.0,887.6000000000003,1002.2000000000003,1002.8999999999997,1004.6000000000003,989.1000000000003,1004.2999999999997,"rgb(44,136,211)",119,211
2018-08-10,12.642142857142858,971.2000000000003,994.2999999999997,1002.7999999999997,1003.8999999999997,995.5,988.2999999999997,995.2999999999997,982.2999999999997,1001.7000000000003,886.3999999999997,1000.7999999999997,1001.7000000000003,1003.0,987.7000000000003,1002.7000000000003,"rgb(61,132,194)",123,194
2018-08-11,12.768571428571427,968.1000000000003,991.2000000000003,999.6000000000003,1000.7000000000003,992.5,985.2999999999997,992.2000000000003,979.2000000000003,998.6000000000003,883.3999999999997,997.7000000000003,998.2000000000003,999.1000000000003,984.2000000000003,999.2999999999997,"rgb(51,138,204)",117,204
2018-08-12,13.056923076923075,964.5,987.7000000000003,996.2999999999997,997.3999999999997,988.7000000000003,981.7000000000003,988.6000000000003,975.7999999999997,995.0,880.3999999999997,994.3999999999997,995.0,995.3999999999997,980.2000000000003,995.0,"rgb(55,141,200)",114,200
2018-08-13,9.3,966.8,989.5,998.2,999.5,990.4,983.3,990.1,977.5,996.6,881.8,996.0,997.5,998.7,983.0,997.8,"rgb(68,120,187)",135,187
2018-08-14,14.325,967.3999999999997,990.5,999.1000000000003,1000.2999999999997,991.5,984.5,991.2999999999997,978.7000000000003,997.7999999999997,882.6000000000003,997.1000000000003,998.2999999999997,998.7000000000003,983.7000000000003,998.3999999999997,"rgb(59,113,196)",142,196
2018-08-15,15.371428571428574,968.6000000000003,992.5,1001.2999999999997,1002.3999999999997,992.7999999999997,985.7000000000003,992.6000000000003,980.5,999.6000000000003,884.3999999999997,999.1000000000003,1000.1000000000003,1000.2999999999997,985.0,999.8999999999997,"rgb(65,122,190)",133,190
2018-08-16,13.767857142857142,968.1000000000003,992.0,1000.6000000000003,1001.7999999999997,992.1000000000003,985.1000000000003,992.2999999999997,980.1000000000003,999.2999999999997,884.2000000000003,998.6000000000003,999.3999999999997,999.6000000000003,984.6000000000003,999.3999999999997,"rgb(60,104,195)",151,195
2018-08-17,12.455714285714285,967.3999999999997,991.0,999.8999999999997,1001.0,991.2000000000003,984.1000000000003,991.2000000000003,979.2999999999997,998.3999999999997,883.5,997.7999999999997,998.6000000000003,999.1000000000003,984.0,998.7000000000003,"rgb(54,135,201)",120,201
2018-08-18,12.346153846153848,969.7999999999997,993.0,1001.6000000000003,1002.7999999999997,994.0,986.8999999999997,993.7000000000003,981.1000000000003,1000.3999999999997,885.0,999.5,1000.6000000000003,1001.5,986.6000000000003,1001.3999999999997,"rgb(53,112,202)",143,202
2018-08-19,13.402307692307689,971.3999999999997,994.6000000000003,1003.0,1004.2000000000003,995.6000000000003,988.5,995.2999999999997,982.6000000000003,1001.8999999999997,886.2000000000003,1000.8999999999997,1002.1000000000003,1003.2999999999997,988.1000000000003,1003.2999999999997,"rgb(66,121,189)",134,189
2018-08-20,12.1,970.8,993.7,1002.0,1003.1,994.7,987.6,994.6,981.8,1001.1,885.5,1000.0,1001.1,1002.7,987.3,1002.5,"rgb(62,103,193)",152,193
2018-08-21,14.653333333333334,968.2000000000003,991.2000000000003,999.6000000000003,1000.6000000000003,992.2000000000003,985.2000000000003,992.1000000000003,979.2999999999997,998.6000000000003,883.2999999999997,997.7000000000003,998.7999999999997,1000.2000000000003,984.8999999999997,999.8999999999997,"rgb(55,111,200)",144,200
2018-08-22,15.692857142857141,966.2999999999997,989.2000000000003,997.3999999999997,998.0,990.0,983.0,990.0,977.5,996.6000000000003,881.5,995.7999999999997,996.7999999999997,998.2999999999997,983.2999999999997,998.5,"rgb(64,130,191)",125,191
2018-08-23,17.233333333333334,963.7000000000003,986.0,996.2000000000003,998.0,987.1000000000003,979.7999999999997,986.7000000000003,974.2999999999997,993.2000000000003,878.7000000000003,993.2000000000003,996.6000000000003,995.7000000000003,980.7000000000003,995.2999999999997,"rgb(76,120,179)",135,179
2018-08-24,23.293076923076924,964.7999999999997,988.5,999.0,1000.2999999999997,988.8999999999997,981.8999999999997,988.7999999999997,976.8999999999997,995.7000000000003,881.0,996.2999999999997,997.7999999999997,996.7000000000003,981.6000000000003,996.2000000000003,"rgb(77,120,178)",135,178
2018-08-25,33.95384615384616,966.2000000000003,989.2000000000003,997.7999999999997,999.2000000000003,990.0,983.0,989.8999999999997,977.3999999999997,996.5,881.2000000000003,995.5,997.3999999999997,998.2000000000003,983.0,997.7000000000003,"rgb(66,121,189)",134,189
2018-08-26,24.5,968.0,990.8,999.4,1000.8,992.2,985.0,991.9,979.0,998.2,882.7,997.1,999.2,1000.1,985.1,1000.1,"rgb(61,123,194)",132,194
2018-08-27,42.95,971.6,994.4,1003.3,1004.7,995.9,988.6,995.5,982.4,1001.9,885.8,1001.0,1003.4,1003.7,989.1,1004.8,"rgb(71,122,184)",133,184
2018-08-28,37.98333333333333,973.7000000000003,996.8999999999997,1006.2000000000003,1007.7000000000003,998.1000000000003,990.8999999999997,997.8999999999997,985.0,1004.5,888.0,1003.7999999999997,1005.8999999999997,1005.7999999999997,992.0,1008.0,"rgb(73,122,182)",133,182
2018-08-29,47.8,974.3999999999997,997.7000000000003,1006.7999999999997,1008.1000000000003,998.8999999999997,991.7000000000003,998.7999999999997,985.7999999999997,1005.2999999999997,888.7999999999997,1004.3999999999997,1006.2000000000003,1006.8999999999997,993.1000000000003,1008.6000000000003,"rgb(71,122,184)",133,184
2018-08-30,49.735714285714295,977.3999999999997,1000.5,1009.1000000000003,1010.2999999999997,1001.7999999999997,994.5,1001.6000000000003,988.3999999999997,1008.1000000000003,891.5,1006.8999999999997,1008.2999999999997,1010.0,994.7999999999997,1010.3999999999997,"rgb(60,122,195)",133,195
2018-08-31,46.74166666666667,979.2999999999997,1002.3999999999997,1010.7000000000003,1011.7000000000003,1003.6000000000003,996.3999999999997,1003.6000000000003,990.5,1010.2000000000003,893.2999999999997,1008.8999999999997,1009.5,1011.6000000000003,996.2999999999997,1011.5,"rgb(37,122,218)",133,218
2018-09-01,44.485,977.5,1000.7999999999997,1009.1000000000003,1010.2000000000003,1001.7999999999997,994.7000000000003,1001.8999999999997,988.8999999999997,1008.6000000000003,891.8999999999997,1007.2999999999997,1007.8999999999997,1009.7999999999997,994.7999999999997,1009.7999999999997,"rgb(38,122,217)",133,217
2018-09-02,55.21,974.5,998.0,1006.5,1007.5,998.9,991.8,999.0,986.2,1005.8,889.5,1004.6,1005.2,1006.8,991.7,1006.8,"rgb(58,109,197)",146,197
2018-09-03,60.55,972.2,996.5,1005.1,1006.2,996.6,989.6,996.9,984.7,1004.2,888.2,1003.3,1003.4,1004.3,989.3,1004.3,"rgb(42,123,213)",132,213
2018-09-04,52.00833333333333,971.2999999999997,995.3999999999997,1004.1000000000003,1005.2999999999997,995.6000000000003,988.6000000000003,995.8999999999997,983.7000000000003,1003.0,887.3999999999997,1002.1000000000003,1002.5,1003.3999999999997,988.1000000000003,1003.0,"rgb(43,123,212)",132,212
2018-09-05,55.39166666666667,972.8999999999997,995.8999999999997,1004.2999999999997,1005.3999999999997,997.1000000000003,990.0,997.2000000000003,984.2000000000003,1003.5,887.8999999999997,1002.5,1003.2000000000003,1005.2999999999997,989.7000000000003,1004.7000000000003,"rgb(43,112,212)",143,212
2018-09-06,52.93333333333334,972.8999999999997,996.2999999999997,1004.7000000000003,1005.7000000000003,997.2999999999997,990.2999999999997,997.3999999999997,984.3999999999997,1003.7000000000003,888.1000000000003,1002.8999999999997,1003.5,1005.2999999999997,990.1000000000003,1005.2000000000003,"rgb(45,119,210)",136,210
2018-09-07,48.01538461538462,973.5,996.8999999999997,1005.2999999999997,1006.3999999999997,997.8999999999997,990.8999999999997,998.0,985.1000000000003,1004.2000000000003,888.6000000000003,1003.5,1004.2000000000003,1005.6000000000003,990.5,1005.7999999999997,"rgb(48,111,207)",144,207
2018-09-08,50.716923076923074,975.2999999999997,998.2000000000003,1006.6000000000003,1007.6000000000003,1000.0,992.6000000000003,999.7000000000003,986.2999999999997,1005.3999999999997,889.5,1004.7999999999997,1005.3999999999997,1007.3999999999997,991.8999999999997,1007.0,"rgb(59,152,196)",103,196
2018-09-09,49.653846153846146,977.8999999999997,999.0,1007.2000000000003,1008.0,1002.7000000000003,994.7999999999997,1001.3999999999997,986.7000000000003,1006.3999999999997,889.7000000000003,1005.5,1005.8999999999997,1010.1000000000003,993.1000000000003,1007.3999999999997,"rgb(63,151,192)",104,192
2018-09-10,46.5,978.3,998.2,1006.6,1007.3,1002.1,993.2,1000.3,986.1,1005.8,889.3,1004.8,1004.8,1011.0,994.6,1008.2,"rgb(56,124,199)",131,199
2018-09-11,47.16428571428572,975.6000000000003,998.2000000000003,1006.7000000000003,1007.6000000000003,999.2000000000003,992.0,999.2999999999997,986.2999999999997,1005.7999999999997,889.7000000000003,1004.8999999999997,1006.2000000000003,1008.1000000000003,994.0,1009.0,"rgb(52,122,203)",133,203
2018-09-12,47.475,976.3999999999997,999.2999999999997,1007.7000000000003,1008.7999999999997,1000.7000000000003,993.5,1001.0,987.3999999999997,1006.8999999999997,890.7999999999997,1006.0,1006.7000000000003,1008.8999999999997,994.1000000000003,1009.2999999999997,"rgb(41,121,214)",134,214
2018-09-13,41.56,977.2000000000003,999.0,1007.6000000000003,1008.7000000000003,1000.5,993.1000000000003,1000.5,987.0,1006.5,890.7000000000003,1005.7000000000003,1006.5,1009.7999999999997,994.3999999999997,1009.2000000000003,"rgb(39,123,216)",132,216
2018-09-14,39.316,977.2999999999997,996.7999999999997,1005.2000000000003,1006.2999999999997,1000.1000000000003,991.2000000000003,998.2999999999997,984.7999999999997,1004.1000000000003,888.7999999999997,1003.2999999999997,1004.1000000000003,1009.8999999999997,993.7000000000003,1007.2999999999997,"rgb(43,126,212)",129,212
2018-09-15,32.844,974.5,990.8999999999997,999.2999999999997,1000.1000000000003,996.3999999999997,986.2999999999997,992.3999999999997,978.7999999999997,997.8999999999997,883.6000000000003,997.5,998.0,1007.5,991.7999999999997,1004.7999999999997,"rgb(58,124,197)",131,197
2018-09-16,30.30615384615385,975.8999999999997,996.7999999999997,1004.8999999999997,1005.8999999999997,998.0,990.8999999999997,998.2000000000003,984.7000000000003,1003.7999999999997,888.8999999999997,1003.2000000000003,1005.2999999999997,1008.6000000000003,994.6000000000003,1009.2999999999997,"rgb(54,125,201)",130,201
2018-09-17,27.15,979.9,1002.6,1011.2,1012.1,1003.8,996.6,1004.0,990.6,1009.9,894.3,1009.4,1010.5,1012.3,998.0,1013.3,"rgb(44,114,211)",141,211
2018-09-18,27.03533333333333,981.3999999999997,1003.7999999999997,1012.2000000000003,1013.2000000000003,1004.8999999999997,997.7999999999997,1005.2000000000003,991.6000000000003,1011.0,894.8999999999997,1010.3999999999997,1011.3999999999997,1014.1000000000003,998.7000000000003,1013.7999999999997,"rgb(32,123,223)",132,223
2018-09-19,24.05333333333333,979.6000000000003,1002.1000000000003,1010.5,1011.6000000000003,1003.2999999999997,996.2000000000003,1003.5,989.8999999999997,1009.2000000000003,893.2999999999997,1008.6000000000003,1009.5,1012.2000000000003,997.1000000000003,1012.1000000000003,"rgb(31,123,224)",132,224
2018-09-20,24.81,977.7000000000003,1000.8999999999997,1009.3999999999997,1010.3999999999997,1001.7999999999997,994.7000000000003,1002.0,988.7000000000003,1008.0,892.2000000000003,1007.5,1008.2999999999997,1010.1000000000003,995.2000000000003,1010.5,"rgb(32,124,223)",131,223
2018-09-21,25.748666666666665,978.8999999999997,1002.1000000000003,1010.3999999999997,1011.3999999999997,1003.2999999999997,996.1000000000003,1003.3999999999997,989.8999999999997,1009.1000000000003,893.2999999999997,1008.7000000000003,1009.2999999999997,1011.1000000000003,995.8999999999997,1011.2999999999997,"rgb(30,131,225)",124,225
2018-09-22,28.538571428571423,981.0,1003.8999999999997,1012.1000000000003,1013.0,1005.2999999999997,998.1000000000003,1005.3999999999997,991.6000000000003,1011.0,894.7999999999997,1010.3999999999997,1011.0,1013.2999999999997,997.7999999999997,1013.1000000000003,"rgb(32,123,223)",132,223
2018-09-23,30.266666666666666,980.0,1002.7000000000003,1011.1000000000003,1012.1000000000003,1004.2999999999997,996.8999999999997,1004.2999999999997,990.5,1009.8999999999997,893.8999999999997,1009.3999999999997,1010.0,1012.2000000000003,996.6000000000003,1011.8999999999997,"rgb(32,122,223)",133,223
2018-09-24,33.48181818181819,977.8,998.5,1007.0,1007.8999999999997,1002.3,994.3999999999997,1000.8,986.2,1005.6000000000003,889.7,1005.2,1005.8999999999997,1009.8999999999997,993.3999999999997,1008.1000000000003,"rgb(67,152,188)",103,188
2018-09-25,23.45,976.6,996.4,1004.8,1005.8,1000.7,992.6,998.7,984.1,1003.4,887.7,1003.0,1003.7,1008.7,991.8,1005.8,"rgb(61,147,194)",108,194
2018-09-26,23.25,976.0,996.6,1004.7,1005.3,1000.6,993.0,999.4,984.1,1003.5,887.3,1003.1,1003.3,1007.8,990.0,1004.8,"rgb(65,150,190)",105,190
2018-09-27,26.787142857142864,975.6000000000003,996.7000000000003,1004.7999999999997,1005.5,1000.3999999999997,992.8999999999997,999.2999999999997,984.2000000000003,1003.5,887.3999999999997,1003.2000000000003,1003.3999999999997,1007.5,989.8999999999997,1004.8999999999997,"rgb(68,152,187)",103,187
2018-09-28,25.664285714285718,974.6000000000003,996.2000000000003,1004.2999999999997,1004.7999999999997,999.7000000000003,992.3999999999997,999.0,983.7000000000003,1003.0,886.7000000000003,1002.6000000000003,1002.3999999999997,1006.1000000000003,988.2999999999997,1003.6000000000003,"rgb(67,153,188)",102,188
2018-09-29,23.91333333333333,973.8999999999997,995.6000000000003,1003.5,1004.0,999.0,991.7999999999997,998.2000000000003,983.1000000000003,1002.2999999999997,885.7999999999997,1002.0,1001.5,1005.1000000000003,988.2000000000003,1003.2999999999997,"rgb(66,149,189)",106,189
2018-09-30,26.40833333333333,978.5,999.1000000000003,1007.7000000000003,1008.7000000000003,1002.5,994.5,1001.2000000000003,986.7000000000003,1005.7000000000003,889.5,1005.7999999999997,1006.5,1010.5,994.7000000000003,1009.5,"rgb(29,174,226)",81,226
2018-10-01,20.450000000000006,981.8,1002.2,1010.7,1011.9,1005.4,996.7,1003.8,989.9,1008.9,892.5,1008.8,1009.7,1014.6,998.7,1013.2,"rgb(28,198,227)",57,227
2018-10-02,25.27857142857143,983.2000000000003,1003.3999999999997,1011.6000000000003,1012.5,1007.2999999999997,998.5,1005.2999999999997,990.8999999999997,1010.1000000000003,893.0,1010.0,1010.5,1016.0,999.2999999999997,1013.7000000000003,"rgb(28,200,227)",55,227
2018-10-03,22.619285714285716,982.2999999999997,1002.5,1011.0,1011.8999999999997,1006.6000000000003,998.2000000000003,1004.3999999999997,990.0,1009.2999999999997,892.0,1009.2000000000003,1009.6000000000003,1014.8999999999997,997.5,1012.0,"rgb(27,201,228)",54,228
2018-10-04,21.317142857142862,977.8999999999997,1000.2000000000003,1008.1000000000003,1008.2999999999997,1003.6000000000003,996.5,1002.6000000000003,987.6000000000003,1006.7999999999997,889.1000000000003,1006.5,1005.7000000000003,1009.6000000000003,991.7999999999997,1007.0,"rgb(67,152,188)",103,188
2018-10-05,17.593333333333334,976.5,999.5,1008.0,1008.7999999999997,1001.2000000000003,993.7999999999997,1000.5,987.1000000000003,1006.1000000000003,889.1000000000003,1006.2000000000003,1006.2000000000003,1008.1000000000003,992.5,1007.3999999999997,"rgb(24,166,231)",89,231
2018-10-06,15.135,981.0,1002.7000000000003,1011.2000000000003,1012.2000000000003,1004.7000000000003,996.8999999999997,1003.6000000000003,990.2999999999997,1009.2999999999997,892.8999999999997,1009.2999999999997,1009.7999999999997,1013.7000000000003,997.1000000000003,1011.7999999999997,"rgb(25,173,230)",82,230
2018-10-07,14.088461538461539,982.2000000000003,1003.3999999999997,1011.7999999999997,1012.8999999999997,1006.5,998.5,1005.0,991.0,1010.1000000000003,893.6000000000003,1010.0,1010.6000000000003,1014.3999999999997,997.8999999999997,1012.8999999999997,"rgb(28,187,227)",68,227
2018-10-08,10.7,981.0,1002.9,1011.4,1012.5,1005.6,997.7,1004.3,990.6,1009.6,893.2,1009.5,1010.1,1013.5,997.3,1012.4,"rgb(61,208,194)",47,194
2018-10-09,12.357333333333333,980.2999999999997,1002.3999999999997,1010.8999999999997,1012.1000000000003,1004.6000000000003,996.8999999999997,1003.7000000000003,990.2000000000003,1009.1000000000003,892.7000000000003,1009.0,1009.7999999999997,1012.8999999999997,997.1000000000003,1012.1000000000003,"rgb(57,209,198)",46,198
2018-10-10,10.942857142857141,981.8999999999997,1002.8999999999997,1011.5,1012.6000000000003,1006.2999999999997,997.7999999999997,1004.6000000000003,990.7000000000003,1009.7000000000003,893.1000000000003,1009.6000000000003,1010.2999999999997,1014.6000000000003,998.5,1013.1000000000003,"rgb(56,209,199)",46,199
2018-10-11,10.589285714285714,985.0,1005.1000000000003,1013.2999999999997,1014.0,1010.1000000000003,1001.5,1007.6000000000003,992.5,1011.7000000000003,894.2999999999997,1011.6000000000003,1011.6000000000003,1017.8999999999997,1000.7000000000003,1014.8999999999997,"rgb(49,218,206)",37,206
2018-10-12,11.338,986.7000000000003,1006.7999999999997,1015.0,1015.6000000000003,1011.1000000000003,1002.1000000000003,1008.7000000000003,994.1000000000003,1013.2999999999997,895.7000000000003,1013.2999999999997,1013.2000000000003,1019.8999999999997,1002.7999999999997,1017.0,"rgb(53,216,202)",39,202
2018-10-13,11.713333333333335,985.5,1006.0,1014.3999999999997,1015.2999999999997,1009.3999999999997,1000.7000000000003,1007.3999999999997,993.6000000000003,1012.7999999999997,895.6000000000003,1012.6000000000003,1012.7000000000003,1018.7000000000003,1002.0,1016.5,"rgb(56,208,199)",47,199
2018-10-14,12.093076923076923,982.6000000000003,1004.3999999999997,1012.7999999999997,1013.8999999999997,1006.7000000000003,998.7999999999997,1005.6000000000003,992.2000000000003,1011.2000000000003,894.6000000000003,1011.0,1011.5,1015.2000000000003,999.0,1014.0,"rgb(29,191,226)",64,226
2018-10-15,7.95,981.1,1003.4,1012.1,1013.1,1005.7,997.9,1004.8,991.1,1010.3,893.7,1010.2,1010.7,1013.6,997.6,1012.8,"rgb(20,175,235)",80,235
2018-10-16,12.677999999999999,979.5,1002.2999999999997,1010.7000000000003,1011.6000000000003,1004.5,996.8999999999997,1003.7999999999997,990.0,1009.1000000000003,892.2999999999997,1008.8999999999997,1009.2000000000003,1011.3999999999997,995.7999999999997,1010.8999999999997,"rgb(21,168,234)",87,234
2018-10-17,12.35153846153846,980.0,1001.6000000000003,1009.8999999999997,1010.7000000000003,1005.1000000000003,997.2000000000003,1003.7999999999997,989.2000000000003,1008.3999999999997,891.1000000000003,1008.2999999999997,1008.3999999999997,1012.3999999999997,996.0,1010.5,"rgb(46,219,209)",36,209
2018-10-18,13.180714285714286,983.2999999999997,1003.3999999999997,1011.7000000000003,1012.7999999999997,1007.2999999999997,998.3999999999997,1005.2000000000003,991.1000000000003,1010.2000000000003,893.1000000000003,1010.0,1010.2000000000003,1016.1000000000003,999.7000000000003,1014.0,"rgb(30,203,225)",52,225
2018-10-19,13.884000000000002,986.5,1006.5,1014.8999999999997,1015.7999999999997,1010.5,1001.5,1008.3999999999997,994.1000000000003,1013.2999999999997,896.1000000000003,1013.1000000000003,1013.5,1019.6000000000003,1003.2000000000003,1017.7000000000003,"rgb(37,219,218)",36,218
2018-10-20,13.000666666666667,986.7000000000003,1007.7999999999997,1016.2000000000003,1017.2000000000003,1010.8999999999997,1002.7000000000003,1009.6000000000003,995.3999999999997,1014.7999999999997,897.0,1014.5,1014.7999999999997,1019.7999999999997,1003.3999999999997,1018.1000000000003,"rgb(9,214,246)",41,246
2018-10-21,13.095384615384614,984.2000000000003,1006.6000000000003,1015.1000000000003,1016.2000000000003,1008.7000000000003,1001.0,1008.3999999999997,994.2999999999997,1013.6000000000003,895.8999999999997,1013.2999999999997,1014.0,1017.2000000000003,1001.5,1016.6000000000003,"rgb(7,208,248)",47,248
2018-10-22,7.7,982.0,1005.4,1013.9,1015.0,1006.9,999.5,1006.9,993.1,1012.4,894.8,1012.0,1012.8,1014.6,999.6,1014.9,"rgb(1,199,254)",56,254
2018-10-23,13.233333333333333,983.6000000000003,1005.7999999999997,1014.2999999999997,1015.2000000000003,1008.5,1000.8999999999997,1007.7999999999997,993.5,1012.8999999999997,895.2999999999997,1012.5,1013.0,1015.7999999999997,999.8999999999997,1015.1000000000003,"rgb(3,201,252)",54,252
2018-10-24,12.907142857142857,984.2000000000003,1005.8999999999997,1014.2999999999997,1015.2999999999997,1008.5,1000.5,1007.7000000000003,993.6000000000003,1012.8999999999997,895.5,1012.6000000000003,1013.2000000000003,1016.7000000000003,1000.7000000000003,1015.6000000000003,"rgb(6,203,249)",52,249
2018-10-25,12.117857142857144,983.2000000000003,1006.1000000000003,1014.5,1015.5,1007.6000000000003,1000.1000000000003,1007.3999999999997,993.7999999999997,1013.1000000000003,895.7999999999997,1012.7000000000003,1013.3999999999997,1015.8999999999997,1000.5,1015.6000000000003,"rgb(4,202,251)",53,251
2018-10-26,12.415333333333333,982.6000000000003,1005.5,1013.8999999999997,1014.7000000000003,1007.5,1000.0,1007.1000000000003,993.2999999999997,1012.6000000000003,895.1000000000003,1012.2000000000003,1012.3999999999997,1014.7999999999997,999.2000000000003,1014.3999999999997,"rgb(2,201,253)",54,253
2018-10-27,12.571428571428571,986.3999999999997,1005.8999999999997,1014.2000000000003,1015.0,1011.1000000000003,1002.3999999999997,1008.7000000000003,993.5,1013.1000000000003,894.8999999999997,1012.6000000000003,1013.1000000000003,1019.2999999999997,1002.2000000000003,1016.3999999999997,"rgb(30,213,225)",42,225
2018-10-28,14.730769230769232,984.2999999999997,1004.7999999999997,1013.2000000000003,1014.0,1008.7000000000003,1000.2000000000003,1006.8999999999997,992.2000000000003,1012.0,893.0,1011.5,1012.0,1017.2999999999997,1000.2000000000003,1014.8999999999997,"rgb(28,213,227)",42,227
2018-10-29,7.8,982.7,1002.5,1011.0,1011.8,1006.4,997.0,1004.1,990.0,1009.9,890.9,1009.1,1009.5,1016.0,998.9,1012.7,"rgb(29,210,226)",45,226
2018-10-30,14.226666666666668,983.1000000000003,1001.6000000000003,1010.0,1011.0,1006.2000000000003,996.0,1003.2000000000003,989.2999999999997,1008.8999999999997,891.0,1008.2000000000003,1008.5,1016.7000000000003,1000.0,1013.3999999999997,"rgb(34,204,221)",51,221
2018-10-31,14.25,984.7999999999997,1002.7000000000003,1011.0,1011.5,1008.6000000000003,998.1000000000003,1005.2000000000003,990.2999999999997,1010.0,892.1000000000003,1009.1000000000003,1008.7999999999997,1018.2999999999997,1000.6000000000003,1013.8999999999997,"rgb(58,210,197)",45,197
2018-11-01,15.577333333333332,986.2000000000003,1002.8999999999997,1010.8999999999997,1011.3999999999997,1009.7999999999997,998.7000000000003,1005.7000000000003,990.3999999999997,1010.1000000000003,892.0,1009.2000000000003,1009.2000000000003,1019.8999999999997,1002.8999999999997,1015.8999999999997,"rgb(59,210,196)",45,196
2018-11-02,15.97,984.1000000000003,1003.5,1012.2000000000003,1013.1000000000003,1007.7999999999997,998.1000000000003,1005.1000000000003,991.2000000000003,1010.8999999999997,893.1000000000003,1010.1000000000003,1011.1000000000003,1017.5,1002.0,1015.8999999999997,"rgb(60,209,195)",46,195
2018-11-03,15.752000000000002,982.7000000000003,1005.3999999999997,1013.7999999999997,1014.7000000000003,1007.7000000000003,1000.1000000000003,1007.2999999999997,993.2000000000003,1012.8999999999997,895.2999999999997,1011.8999999999997,1012.2999999999997,1014.7000000000003,999.2999999999997,1014.3999999999997,"rgb(49,204,206)",51,206
2018-11-04,16.58846153846154,983.5,1005.5,1014.1000000000003,1015.1000000000003,1008.2000000000003,1000.2000000000003,1007.5,993.3999999999997,1013.1000000000003,895.2999999999997,1012.2000000000003,1012.7000000000003,1015.7999999999997,1000.2000000000003,1014.8999999999997,"rgb(4,202,251)",53,251
2018-11-05,15.6,983.9,1005.9,1014.4,1015.4,1008.2,1000.3,1008.3,993.9,1013.4,895.8,1012.5,1013.1,1016.6,1000.7,1015.6,"rgb(58,207,197)",48,197
2018-11-06,15.47733333333333,984.5,1006.7999999999997,1015.2999999999997,1016.3999999999997,1008.2000000000003,1000.7999999999997,1009.1000000000003,994.7000000000003,1014.2000000000003,896.6000000000003,1013.3999999999997,1014.2000000000003,1017.2999999999997,1001.7000000000003,1016.7000000000003,"rgb(47,204,208)",51,208
2018-11-07,14.375333333333336,983.7000000000003,1006.8999999999997,1015.5,1016.3999999999997,1008.2000000000003,1000.8999999999997,1009.5,994.8999999999997,1014.5,896.7000000000003,1013.6000000000003,1014.2999999999997,1016.6000000000003,1001.3999999999997,1016.7000000000003,"rgb(0,202,255)",53,255
2018-11-08,14.071428571428573,983.0,1006.2999999999997,1014.6000000000003,1015.6000000000003,1007.7999999999997,1000.3999999999997,1008.8999999999997,994.2999999999997,1013.7000000000003,896.1000000000003,1012.7000000000003,1013.5,1015.5,1000.2999999999997,1015.7000000000003,"rgb(1,203,254)",52,254
2018-11-09,15.11,985.0,1006.5,1015.0,1015.8999999999997,1009.5,1001.2000000000003,1009.6000000000003,994.3999999999997,1014.0,896.0,1013.2000000000003,1013.7999999999997,1017.5,1001.3999999999997,1016.5,"rgb(49,206,206)",49,206
2018-11-10,15.70909090909091,985.1000000000003,1007.3,1016.0,1017.0,1009.0,1001.3,1009.8,995.2,1014.7,896.6000000000003,1014.0,1014.8999999999997,1018.0,1002.8999999999997,1017.8,"rgb(53,207,202)",48,202
2018-11-11,17.0,983.0,1006.5,1014.8999999999997,1016.0,1008.0,1000.6000000000003,1009.2000000000003,994.3999999999997,1014.0,895.7000000000003,1013.1000000000003,1013.7999999999997,1015.7999999999997,1001.1000000000003,1016.2000000000003,"rgb(2,207,253)",48,253
2018-11-12,12.9,981.3,1004.1,1012.5,1013.4,1006.2,998.6,1007.4,992.0,1011.5,893.5,1010.7,1011.0,1013.5,998.3,1013.3,"rgb(11,194,244)",61,244
2018-11-13,17.049285714285713,982.2999999999997,1003.2000000000003,1011.7000000000003,1012.6000000000003,1006.7999999999997,998.5,1007.1000000000003,991.1000000000003,1010.7000000000003,892.5,1009.7999999999997,1010.2999999999997,1014.7999999999997,998.6000000000003,1013.1000000000003,"rgb(25,205,230)",50,230
2018-11-14,16.91357142857143,984.1000000000003,1005.0,1013.6000000000003,1014.3999999999997,1008.1000000000003,999.7000000000003,1008.7000000000003,992.7999999999997,1012.5,894.1000000000003,1011.6000000000003,1012.2999999999997,1017.3999999999997,1001.0,1015.7000000000003,"rgb(20,208,235)",47,235
2018-11-15,16.005,983.3999999999997,1006.1000000000003,1014.5,1015.6000000000003,1007.8999999999997,1000.2000000000003,1009.5,993.8999999999997,1013.5,895.2000000000003,1012.7000000000003,1013.3999999999997,1016.7000000000003,1001.2000000000003,1016.3999999999997,"rgb(6,211,249)",44,249
2018-11-16,18.035714285714285,982.8999999999997,1005.6000000000003,1013.8999999999997,1014.7999999999997,1007.7000000000003,1000.0,1009.2000000000003,993.3999999999997,1013.0,895.2000000000003,1012.1000000000003,1012.6000000000003,1015.7000000000003,1000.2999999999997,1015.3999999999997,"rgb(3,205,252)",50,252
2018-11-17,18.06153846153846,983.7000000000003,1005.7999999999997,1014.0,1014.7999999999997,1008.3999999999997,1000.6000000000003,1009.7999999999997,993.5,1013.2000000000003,895.1000000000003,1012.2999999999997,1012.7999999999997,1016.6000000000003,1000.5,1015.5,"rgb(43,214,212)",41,212
2018-11-18,18.031666666666666,982.2000000000003,1005.8999999999997,1014.2000000000003,1015.1000000000003,1007.3999999999997,1000.0,1009.2000000000003,993.7999999999997,1013.3999999999997,895.3999999999997,1012.3999999999997,1012.7000000000003,1014.7000000000003,999.3999999999997,1014.6000000000003,"rgb(1,206,254)",49,254
2018-11-19,16.55,985.2,1006.6,1014.7,1015.3,1010.3,1002.1,1011.0,994.4,1014.2,895.6,1012.9,1013.2,1017.7,1001.4,1016.0,"rgb(34,224,221)",31,221
2018-11-20,17.357142857142858,985.0,1006.7000000000003,1015.3999999999997,1016.2999999999997,1008.6000000000003,1000.7000000000003,1010.3999999999997,994.6000000000003,1014.2999999999997,895.7000000000003,1013.3999999999997,1013.7999999999997,1018.5,1002.7999999999997,1017.6000000000003,"rgb(9,216,246)",39,246
2018-11-21,18.930769230769233,982.7999999999997,1006.1000000000003,1014.5,1015.2999999999997,1007.7999999999997,1000.2999999999997,1010.1000000000003,993.8999999999997,1013.7000000000003,895.3999999999997,1012.6000000000003,1012.8999999999997,1015.5,1000.2999999999997,1015.3999999999997,"rgb(1,209,254)",46,254
2018-11-22,17.5,987.6000000000003,1007.7000000000003,1015.8999999999997,1016.6000000000003,1012.7999999999997,1004.0,1013.1000000000003,995.2999999999997,1015.3999999999997,895.7000000000003,1014.2000000000003,1014.2000000000003,1020.7000000000003,1003.3999999999997,1017.7999999999997,"rgb(36,229,219)",26,219
2018-11-23,16.242,987.2000000000003,1008.2999999999997,1016.7999999999997,1017.6000000000003,1011.7000000000003,1003.0,1012.8999999999997,995.8999999999997,1015.8999999999997,896.1000000000003,1015.0,1015.0,1021.0,1003.7000000000003,1018.2000000000003,"rgb(33,231,222)",24,222
2018-11-24,16.964285714285708,986.3999999999997,1008.2000000000003,1016.7000000000003,1017.7999999999997,1010.2000000000003,1002.2000000000003,1012.2999999999997,995.8999999999997,1015.7999999999997,896.6000000000003,1014.7999999999997,1015.0,1019.7999999999997,1003.7999999999997,1018.3999999999997,"rgb(27,224,228)",31,228
2018-11-25,18.99230769230769,984.3999999999997,1007.6000000000003,1015.7000000000003,1016.6000000000003,1008.5,1001.2000000000003,1011.2000000000003,995.2000000000003,1015.1000000000003,895.7000000000003,1013.8999999999997,1014.2000000000003,1017.7000000000003,1002.6000000000003,1017.5,"rgb(5,221,250)",34,250
2018-11-26,14.75,985.3,1008.5,1016.5,1017.3,1010.1,1002.6,1012.6,996.2,1016.1,895.9,1014.7,1014.6,1018.0,1003.1,1017.4,"rgb(7,226,248)",29,248
2018-11-27,19.67714285714285,986.0,1007.7999999999997,1016.2000000000003,1017.0,1010.7999999999997,1002.7000000000003,1012.3999999999997,995.5,1015.6000000000003,896.1000000000003,1014.2999999999997,1014.6000000000003,1019.0,1002.7000000000003,1017.3999999999997,"rgb(8,224,247)",31,247
2018-11-28,20.06,986.2999999999997,1008.6000000000003,1016.8999999999997,1017.5,1011.2000000000003,1003.3999999999997,1013.2999999999997,996.2999999999997,1016.2999999999997,896.6000000000003,1015.0,1015.2000000000003,1019.3999999999997,1003.2000000000003,1018.0,"rgb(7,225,248)",30,248
2018-11-29,20.25857142857143,988.6000000000003,1009.7999999999997,1018.2999999999997,1019.2000000000003,1012.7999999999997,1004.6000000000003,1014.3999999999997,997.6000000000003,1017.6000000000003,898.1000000000003,1016.3999999999997,1017.2000000000003,1022.2000000000003,1006.2000000000003,1020.8999999999997,"rgb(11,232,244)",23,244
2018-11-30,19.342857142857145,987.1000000000003,1009.6000000000003,1018.2999999999997,1019.2999999999997,1010.8999999999997,1003.3999999999997,1013.6000000000003,997.5,1017.3999999999997,898.0,1016.2000000000003,1017.0,1020.7999999999997,1005.5,1020.5,"rgb(10,231,245)",24,245
2018-12-01,17.996,984.7999999999997,1008.1000000000003,1016.5,1017.6000000000003,1009.6000000000003,1002.1000000000003,1012.1000000000003,996.0,1015.8999999999997,896.5,1014.6000000000003,1015.2999999999997,1018.2000000000003,1002.7000000000003,1017.7999999999997,"rgb(4,221,251)",34,251
2018-12-02,18.530833333333334,983.1000000000003,1006.5,1015.0,1016.0,1007.6000000000003,1000.2999999999997,1010.2000000000003,994.3999999999997,1014.2000000000003,895.2999999999997,1013.0,1013.5,1016.2000000000003,1001.2999999999997,1016.2999999999997,"rgb(4,217,251)",38,251
2018-12-03,16.25,983.4,1006.8,1015.1,1016.0,1008.2,1000.8,1010.6,994.8,1014.5,896.0,1013.2,1013.6,1016.2,1001.1,1016.2,"rgb(4,216,251)",39,251
2018-12-04,19.553846153846155,983.7000000000003,1006.7000000000003,1014.6000000000003,1015.5,1008.2999999999997,1000.8999999999997,1010.7000000000003,994.6000000000003,1014.2999999999997,895.8999999999997,1012.8999999999997,1013.1000000000003,1016.1000000000003,1000.6000000000003,1015.5,"rgb(2,209,253)",46,253
2018-12-05,17.995333333333335,984.2999999999997,1005.2000000000003,1013.5,1014.5,1008.3999999999997,1000.2000000000003,1009.7999999999997,993.2000000000003,1013.1000000000003,895.0,1011.7000000000003,1012.0,1017.6000000000003,1001.3999999999997,1015.8999999999997,"rgb(23,206,232)",49,232
2018-12-06,18.53846153846154,982.6000000000003,1005.1000000000003,1013.6000000000003,1014.5,1007.6000000000003,999.7999999999997,1009.3999999999997,993.2000000000003,1013.0,894.8999999999997,1011.6000000000003,1012.2000000000003,1015.2000000000003,999.5,1014.5,"rgb(5,206,250)",49,250
2018-12-07,17.62846153846154,988.0,1007.3999999999997,1015.7000000000003,1016.2999999999997,1012.7999999999997,1003.5,1012.7000000000003,995.1000000000003,1015.3999999999997,896.0,1014.0,1013.7000000000003,1021.2999999999997,1003.6000000000003,1017.6000000000003,"rgb(34,231,221)",24,221
2018-12-08,17.499999999999996,989.5,1008.7999999999997,1017.2999999999997,1017.8999999999997,1014.1000000000003,1004.2999999999997,1014.2000000000003,996.5,1016.7999999999997,896.7000000000003,1015.5,1014.7999999999997,1023.2999999999997,1005.7000000000003,1019.3999999999997,"rgb(60,212,195)",43,195
2018-12-09,18.70833333333333,988.6000000000003,1008.6000000000003,1016.8999999999997,1017.5,1013.2000000000003,1003.5,1013.3999999999997,996.1000000000003,1016.3999999999997,896.3999999999997,1015.1000000000003,1015.0,1022.1000000000003,1004.5,1018.2000000000003,"rgb(35,234,220)",21,220
2018-12-10,19.9,985.0,1006.9,1015.3,1016.0,1009.8,1001.7,1011.4,994.5,1014.6,895.2,1013.4,1013.4,1017.9,1001.7,1016.0,"rgb(31,226,224)",29,224
2018-12-11,18.583571428571428,985.5,1007.1000000000003,1015.2999999999997,1015.8999999999997,1010.8999999999997,1002.7000000000003,1012.2000000000003,994.7000000000003,1014.8999999999997,895.2999999999997,1013.5,1013.3999999999997,1017.7000000000003,1000.8999999999997,1015.5,"rgb(32,225,223)",30,223
2018-12-12,19.558,991.2000000000003,1010.8999999999997,1019.2000000000003,1019.6000000000003,1016.3999999999997,1007.3999999999997,1017.1000000000003,998.2999999999997,1018.8999999999997,897.6000000000003,1017.5,1017.1000000000003,1024.9,1007.2999999999997,1021.6000000000003,"rgb(38,246,217)",9,217
2018-12-13,20.138,991.0,1012.5,1020.7999999999997,1021.5,1015.8999999999997,1007.2999999999997,1017.5,999.7999999999997,1020.5,899.0,1019.0,1018.7999999999997,1025.0,1008.0,1022.6000000000003,"rgb(35,243,220)",12,220
2018-12-14,18.676,992.1000000000003,1012.6000000000003,1021.1000000000003,1022.0,1016.6000000000003,1007.1000000000003,1017.5,1000.1000000000003,1020.6000000000003,899.7999999999997,1019.1000000000003,1019.0,1026.0,1008.7999999999997,1023.1000000000003,"rgb(63,214,192)",41,192
2018-12-15,18.44,989.7999999999997,1011.2999999999997,1019.8999999999997,1020.8999999999997,1013.8999999999997,1005.2000000000003,1015.7000000000003,998.8999999999997,1019.2999999999997,899.0,1017.8999999999997,1018.2000000000003,1023.7999999999997,1007.3999999999997,1022.1000000000003,"rgb(62,212,193)",43,193
2018-12-16,18.841666666666672,986.5,1010.0,1018.1000000000003,1019.0,1012.2999999999997,1004.6000000000003,1014.7000000000003,997.7000000000003,1018.0,897.7999999999997,1016.2999999999997,1016.6000000000003,1019.2000000000003,1003.5,1018.7000000000003,"rgb(6,228,249)",27,249
2018-12-17,19.8,989.3,1010.0,1018.4,1019.1,1014.9,1006.5,1016.0,997.6,1018.1,896.8,1016.6,1016.8,1022.9,1005.7,1020.4,"rgb(33,250,222)",5,222
2018-12-18,21.300000000000004,989.2999999999997,1010.7999999999997,1019.3999999999997,1020.3999999999997,1013.5,1005.1000000000003,1015.2999999999997,998.2999999999997,1018.6000000000003,897.5,1017.3999999999997,1018.2999999999997,1023.8999999999997,1007.7000000000003,1022.7000000000003,"rgb(30,249,225)",6,225
2018-12-19,19.52857142857143,986.1000000000003,1009.8999999999997,1018.5,1019.6000000000003,1010.8999999999997,1003.3999999999997,1013.6000000000003,997.6000000000003,1017.6000000000003,896.8999999999997,1016.6000000000003,1017.1000000000003,1020.2999999999997,1005.5,1020.6000000000003,"rgb(20,246,235)",9,235
2018-12-20,17.924615384615386,983.3999999999997,1007.2000000000003,1015.6000000000003,1016.6000000000003,1008.2999999999997,1000.8999999999997,1011.1000000000003,994.8999999999997,1014.8999999999997,895.1000000000003,1013.6000000000003,1014.2000000000003,1016.6000000000003,1001.6000000000003,1016.5,"rgb(6,222,249)",33,249
2018-12-21,16.432000000000002,983.5,1006.7999999999997,1015.1000000000003,1016.0,1008.1000000000003,1000.5,1010.7999999999997,994.3999999999997,1014.6000000000003,894.7000000000003,1013.2000000000003,1013.2999999999997,1016.7999999999997,1001.3999999999997,1016.2000000000003,"rgb(17,227,238)",28,238
2018-12-22,15.590714285714286,983.2999999999997,1006.7999999999997,1014.7999999999997,1015.6000000000003,1008.5,1000.8999999999997,1011.2000000000003,994.6000000000003,1014.7000000000003,895.5,1013.1000000000003,1013.1000000000003,1016.6000000000003,1001.5,1016.1000000000003,"rgb(5,217,250)",38,250
2018-12-23,16.736363636363635,985.3,1005.8,1014.2,1015.0,1010.2,1000.8999999999997,1010.8,993.6000000000003,1013.8999999999997,894.7,1012.3,1012.8,1018.6000000000003,1001.8999999999997,1016.1000000000003,"rgb(47,225,208)",30,208
2018-12-24,18.05,986.1,1005.4,1013.7,1014.3,1010.5,1000.8,1010.4,993.0,1013.4,893.4,1012.0,1011.3,1020.0,1002.8,1016.3,"rgb(41,228,214)",27,214
2018-12-25,16.414285714285718,981.3999999999997,1003.7000000000003,1011.8999999999997,1012.7000000000003,1006.0,998.1000000000003,1008.0,991.3999999999997,1011.7000000000003,892.3999999999997,1010.2000000000003,1010.1000000000003,1014.7999999999997,999.2000000000003,1013.2999999999997,"rgb(21,205,234)",50,234
2018-12-26,15.785714285714285,980.1000000000003,1002.7000000000003,1010.7000000000003,1011.3999999999997,1005.7999999999997,997.8999999999997,1007.6000000000003,990.5,1010.7000000000003,891.3999999999997,1009.1000000000003,1008.8999999999997,1012.1000000000003,996.1000000000003,1010.7999999999997,"rgb(23,211,232)",44,232
2018-12-27,15.391333333333336,984.7000000000003,1004.8999999999997,1013.0,1013.5,1010.2999999999997,1001.2999999999997,1011.0,992.3999999999997,1012.8999999999997,892.2000000000003,1011.2999999999997,1010.6000000000003,1017.8999999999997,1000.5,1014.3999999999997,"rgb(38,230,217)",25,217
2018-12-28,14.151875,990.7000000000003,1008.7999999999997,1017.2999999999997,1017.8999999999997,1016.0,1005.5,1015.1000000000003,996.2000000000003,1016.7999999999997,895.2999999999997,1015.3999999999997,1014.8999999999997,1025.0,1006.7999999999997,1020.3999999999997,"rgb(39,245,216)",10,216
2018-12-29,14.307142857142859,994.2000000000003,1012.8999999999997,1021.3999999999997,1022.0,1019.2000000000003,1008.7000000000003,1018.7999999999997,1000.0,1020.7000000000003,898.1000000000003,1019.5,1019.2999999999997,1029.0,1010.7000000000003,1024.9,"rgb(40,246,215)",9,215
2018-12-30,14.702307692307693,992.5,1012.7000000000003,1021.2999999999997,1022.2000000000003,1017.2000000000003,1007.1000000000003,1017.5,1000.0,1020.3999999999997,898.2999999999997,1019.2999999999997,1019.0,1027.1,1010.0,1024.2999999999997,"rgb(63,214,192)",41,192
2018-12-31,16.950000000000006,993.1,1013.9,1022.1,1022.8,1018.5,1008.6,1018.8,1001.1,1021.6,899.9,1020.4,1019.7,1027.2,1009.5,1023.8,"rgb(62,215,193)",40,193
