DateTime,平均價,新北市_氣溫,臺中市_氣溫,臺南市_氣溫,高雄市_氣溫,桃園市_氣溫,新竹縣_氣溫,苗栗縣_氣溫,南投縣_氣溫,彰化縣_氣溫,雲林縣_氣溫,嘉義市_氣溫,屏東縣_氣溫,宜蘭縣_氣溫,花蓮縣_氣溫,臺東縣_氣溫,color,x,y
2013-01-01,53.20000000000001,11.6,14.5,15.4,18.3,13.1,10.9,12.6,13.9,13.4,10.9,14.1,20.3,13.0,12.7,17.099999999999998,"rgb(225,169,30)",86,30
2013-01-02,49.31428571428571,15.2,17.599999999999994,18.2,20.6,16.3,15.0,16.8,16.8,17.2,14.2,17.599999999999994,22.7,17.8,17.0,20.7,"rgb(228,137,27)",118,27
2013-01-03,50.14285714285714,12.599999999999998,16.099999999999998,16.599999999999998,19.4,13.0,12.599999999999998,15.099999999999998,15.599999999999998,15.599999999999998,14.7,16.099999999999998,22.0,15.099999999999998,16.400000000000002,19.9,"rgb(251,142,4)",113,4
2013-01-04,48.14285714285714,13.5,16.599999999999998,16.7,18.6,14.3,14.3,15.900000000000002,15.400000000000002,16.3,13.599999999999998,16.3,21.6,14.900000000000002,16.3,19.6,"rgb(174,134,81)",121,81
2013-01-05,49.085714285714296,14.900000000000002,17.599999999999994,17.8,19.9,14.8,14.3,16.099999999999998,17.099999999999998,17.2,14.900000000000002,17.400000000000002,23.1,17.3,17.400000000000002,21.2,"rgb(226,122,29)",133,29
2013-01-06,48.94285714285714,16.099999999999998,18.1,18.3,20.4,16.5,15.7,17.099999999999998,17.900000000000006,17.400000000000002,16.2,18.2,23.800000000000004,18.2,18.8,22.2,"rgb(220,128,35)",127,35
2013-01-07,48.0,17.0,19.2,19.8,21.5,16.2,15.7,17.6,19.2,18.8,16.7,19.4,24.4,19.9,20.5,23.3,"rgb(210,121,45)",134,45
2013-01-08,47.02857142857143,15.099999999999998,17.8,18.7,20.6,14.7,13.900000000000002,16.0,17.099999999999998,17.5,14.400000000000002,17.900000000000006,22.9,17.900000000000006,18.3,22.0,"rgb(211,72,44)",183,44
2013-01-09,48.28333333333334,12.7,15.5,16.0,18.1,12.8,11.9,14.2,14.7,15.4,13.0,15.4,22.0,15.3,16.3,19.9,"rgb(217,74,38)",181,38
2013-01-10,49.1625,11.900000000000002,16.0,16.099999999999998,17.5,13.400000000000002,12.900000000000002,15.2,14.900000000000002,16.0,12.8,15.900000000000002,21.3,14.0,15.900000000000002,18.8,"rgb(177,135,78)",120,78
2013-01-11,50.814285714285724,15.3,16.599999999999998,16.3,18.4,16.7,16.5,16.7,15.8,16.5,14.099999999999998,15.900000000000002,21.5,16.5,16.099999999999998,19.4,"rgb(238,140,17)",115,17
2013-01-12,46.885714285714286,16.400000000000002,18.9,18.7,20.3,16.8,15.900000000000002,18.0,18.1,18.4,15.400000000000002,18.7,22.300000000000004,18.3,17.599999999999994,20.7,"rgb(215,72,40)",183,40
2013-01-13,49.18333333333333,14.5,16.8,17.400000000000002,19.7,14.6,13.5,15.4,16.7,16.2,13.4,17.0,21.3,18.5,18.4,21.5,"rgb(204,67,51)",188,51
2013-01-14,47.0,11.4,15.1,15.5,17.6,12.9,12.3,14.3,13.7,14.7,13.0,14.9,19.5,14.9,15.2,18.7,"rgb(233,132,22)",123,22
2013-01-15,51.95,13.1,15.6,16.2,18.6,15.3,14.2,15.4,14.0,15.7,11.5,15.5,20.3,16.599999999999998,15.8,18.6,"rgb(228,163,27)",92,27
2013-01-16,49.7,14.3,16.3,17.099999999999998,19.2,15.0,14.599999999999998,16.599999999999998,14.400000000000002,16.599999999999998,11.8,16.2,19.8,17.7,16.3,19.7,"rgb(229,156,26)",99,26
2013-01-17,48.957142857142856,11.0,14.900000000000002,15.400000000000002,18.2,12.7,11.3,13.900000000000002,13.400000000000002,15.0,12.0,14.5,19.7,14.099999999999998,14.2,18.5,"rgb(252,151,3)",104,3
2013-01-18,49.4,9.2,13.900000000000002,14.099999999999998,16.2,12.099999999999998,10.7,13.0,12.7,14.099999999999998,10.6,13.5,18.2,12.2,11.599999999999998,15.599999999999998,"rgb(246,159,9)",96,9
2013-01-19,48.11428571428571,14.7,16.0,15.599999999999998,18.0,16.3,14.599999999999998,15.7,14.2,15.3,11.8,15.2,20.3,16.3,14.900000000000002,18.3,"rgb(227,160,28)",95,28
2013-01-20,48.96666666666667,18.4,17.2,17.8,19.8,15.7,14.9,16.3,15.6,16.7,14.1,17.400000000000002,21.3,18.6,16.5,19.5,"rgb(213,146,42)",109,42
2013-01-21,50.0,18.7,19.2,19.8,22.5,18.1,17.7,17.8,17.7,18.0,16.3,18.6,22.8,19.7,18.2,20.7,"rgb(212,149,43)",106,43
2013-01-22,50.98333333333333,15.9,19.7,19.8,23.2,16.7,17.2,18.6,18.5,18.8,16.3,19.0,23.2,19.0,19.7,22.4,"rgb(213,139,42)",116,42
2013-01-23,47.24285714285714,14.8,18.6,18.4,21.5,15.2,15.0,17.0,18.2,17.900000000000006,15.8,18.2,22.4,17.3,17.8,21.5,"rgb(224,134,31)",121,31
2013-01-24,49.28571428571429,16.3,18.3,18.0,21.1,16.2,15.7,16.599999999999998,17.900000000000006,17.3,15.099999999999998,17.900000000000006,21.800000000000004,17.599999999999994,17.0,20.5,"rgb(217,132,38)",123,38
2013-01-25,49.9,12.599999999999998,17.0,17.0,19.8,14.3,13.7,16.3,16.099999999999998,16.5,14.400000000000002,16.599999999999998,21.1,15.099999999999998,15.2,18.9,"rgb(240,131,15)",124,15
2013-01-26,52.46666666666666,14.1,15.9,16.0,18.5,15.5,14.2,15.8,14.9,15.3,13.5,15.5,21.0,16.400000000000002,16.5,20.0,"rgb(222,137,33)",118,33
2013-01-27,48.96,11.5,16.5,17.0,19.0,13.6,12.9,15.6,15.6,16.4,13.2,16.5,20.4,13.8,14.9,18.3,"rgb(249,146,6)",109,6
2013-01-28,55.0,13.0,16.9,16.7,19.4,14.7,14.5,16.6,15.4,16.4,12.8,16.0,19.9,14.6,14.5,18.2,"rgb(240,163,15)",92,15
2013-01-29,49.0,15.099999999999998,17.3,18.1,20.6,14.0,14.400000000000002,15.8,15.5,16.900000000000002,12.900000000000002,17.099999999999998,20.5,16.8,16.400000000000002,19.5,"rgb(223,158,32)",97,32
2013-01-30,50.8,13.4,17.4,18.5,21.0,15.5,15.8,16.5,15.8,16.9,14.2,17.2,20.4,17.0,16.7,19.8,"rgb(226,161,29)",94,29
2013-01-31,48.214285714285715,16.3,18.2,19.2,21.7,14.900000000000002,15.8,16.400000000000002,16.400000000000002,17.2,14.2,17.8,22.4,18.9,17.099999999999998,21.0,"rgb(220,154,35)",101,35
2013-02-01,49.01666666666667,16.900000000000002,20.5,21.1,23.6,17.900000000000006,19.2,19.0,18.5,19.5,17.400000000000002,19.8,23.3,19.7,17.3,21.8,"rgb(211,147,44)",108,44
2013-02-02,48.48333333333333,18.6,20.6,22.0,24.3,17.900000000000006,19.0,19.4,20.1,19.7,19.0,20.4,23.7,19.3,19.6,22.0,"rgb(208,142,47)",113,47
2013-02-03,46.2,20.0,18.6,20.5,23.9,15.7,15.599999999999998,16.5,19.4,18.1,17.3,19.3,24.7,21.7,20.5,22.7,"rgb(211,142,44)",113,44
2013-02-04,50.05,20.6,22.6,23.2,24.9,19.9,21.0,21.4,21.7,21.8,18.7,23.3,25.1,22.7,22.3,23.9,"rgb(201,138,54)",117,54
2013-02-05,49.45000000000001,17.8,22.4,22.3,24.8,18.0,18.2,20.2,21.4,21.5,17.599999999999994,22.2,24.8,22.1,22.5,24.0,"rgb(202,134,53)",121,53
2013-02-06,50.328571428571436,16.599999999999998,21.6,22.2,24.2,17.3,18.2,19.7,20.4,21.2,16.8,21.2,25.2,19.5,20.9,23.9,"rgb(191,129,64)",126,64
2013-02-07,51.37142857142857,17.400000000000002,19.5,20.8,22.800000000000004,15.599999999999998,16.400000000000002,17.900000000000006,19.2,19.3,16.3,19.7,24.2,19.7,21.0,23.5,"rgb(182,136,73)",119,73
2013-02-08,53.34285714285714,12.099999999999998,17.400000000000002,18.3,20.2,12.0,13.0,15.400000000000002,17.400000000000002,16.8,15.2,17.400000000000002,22.300000000000004,15.400000000000002,17.3,21.4,"rgb(248,137,7)",118,7
2013-02-09,51.6,12.7,15.9,16.7,19.5,12.6,12.3,14.1,16.099999999999998,15.9,14.6,16.2,21.6,16.400000000000002,17.7,20.5,"rgb(238,152,17)",103,17
2013-02-15,48.2,14.900000000000002,20.6,21.7,24.5,14.099999999999998,14.5,16.8,20.3,19.5,16.5,20.8,23.9,18.7,19.7,23.0,"rgb(225,120,30)",135,30
2013-02-16,47.13333333333333,14.6,19.1,19.2,21.1,16.7,16.599999999999998,18.0,19.0,18.8,16.400000000000002,18.7,22.4,16.5,17.3,20.9,"rgb(234,129,21)",126,21
2013-02-17,45.84285714285715,19.5,20.9,20.5,22.300000000000004,17.0,17.8,18.8,20.8,19.7,17.8,20.1,23.4,19.5,19.4,21.5,"rgb(197,110,58)",145,58
2013-02-18,52.0,19.9,23.0,24.3,25.5,20.2,20.6,22.1,22.1,23.1,19.0,23.3,24.7,21.8,21.9,23.6,"rgb(182,104,73)",151,73
2013-02-19,45.36666666666667,14.7,19.6,21.8,24.2,13.3,14.0,16.400000000000002,19.9,19.1,17.5,20.1,23.9,19.0,19.1,22.6,"rgb(225,115,30)",140,30
2013-02-20,41.84285714285715,12.7,16.8,17.8,20.2,13.5,13.8,15.400000000000002,16.8,16.3,16.099999999999998,17.099999999999998,21.9,15.099999999999998,17.3,20.5,"rgb(244,138,11)",117,11
2013-02-21,42.15714285714286,16.400000000000002,17.400000000000002,18.0,20.6,15.3,15.900000000000002,16.2,17.2,17.099999999999998,16.099999999999998,17.400000000000002,23.2,18.2,19.8,22.2,"rgb(236,138,19)",117,19
2013-02-22,42.05714285714287,14.8,17.2,18.0,20.1,13.5,13.0,15.0,18.2,16.900000000000002,16.5,17.5,23.1,18.9,19.3,22.300000000000004,"rgb(242,139,13)",116,13
2013-02-23,41.642857142857146,14.0,18.4,18.6,19.9,15.2,15.400000000000002,17.3,18.0,18.0,16.7,17.900000000000006,22.800000000000004,16.099999999999998,18.0,21.6,"rgb(244,141,11)",114,11
2013-02-24,43.88571428571429,17.400000000000002,18.5,18.4,20.6,18.8,17.400000000000002,17.7,17.8,17.3,16.099999999999998,17.900000000000006,22.0,18.3,16.599999999999998,20.4,"rgb(224,150,31)",105,31
2013-02-26,45.4,21.1,21.1,22.4,24.1,18.3,18.1,19.3,20.6,20.1,17.3,20.9,24.1,22.3,20.3,23.0,"rgb(198,114,57)",141,57
2013-02-27,41.5,17.3,22.1,22.9,24.800000000000004,16.8,17.099999999999998,19.1,21.6,21.2,17.8,21.800000000000004,25.0,20.3,21.2,24.1,"rgb(202,77,53)",178,53
2013-02-28,40.74285714285714,19.2,20.4,20.7,22.300000000000004,17.0,17.400000000000002,17.5,20.1,19.2,17.5,19.5,24.6,20.6,20.3,23.4,"rgb(197,101,58)",154,58
2013-03-01,39.92857142857143,18.4,22.5,23.6,24.4,17.900000000000006,18.4,20.6,22.1,22.6,17.599999999999994,23.300000000000004,24.9,21.1,22.7,24.2,"rgb(206,96,49)",159,49
2013-03-02,38.214285714285715,11.0,15.8,17.2,20.1,11.099999999999998,11.2,13.5,15.400000000000002,15.0,15.7,15.400000000000002,21.4,14.7,15.5,19.9,"rgb(244,138,11)",117,11
2013-03-03,38.61666666666667,9.7,13.3,14.4,17.5,11.2,9.8,12.2,12.1,13.3,12.5,13.1,19.5,13.5,14.3,18.0,"rgb(244,153,11)",102,11
2013-03-04,44.0,11.7,16.3,17.0,19.3,13.6,13.5,15.3,15.7,16.1,12.8,16.2,19.4,14.6,14.7,17.4,"rgb(241,154,14)",101,14
2013-03-05,37.07142857142857,15.0,18.8,18.9,20.8,17.900000000000006,16.8,17.8,17.8,18.0,13.5,18.4,20.9,16.599999999999998,15.400000000000002,18.9,"rgb(224,151,31)",104,31
2013-03-06,39.371428571428574,17.900000000000006,18.7,19.6,21.2,17.2,17.2,18.4,17.599999999999994,18.4,13.5,18.5,22.4,18.7,17.900000000000006,21.0,"rgb(220,145,35)",110,35
2013-03-07,37.25714285714286,16.5,19.2,20.3,21.6,16.7,17.7,19.2,17.2,19.0,14.5,18.5,21.800000000000004,19.7,19.0,22.1,"rgb(210,128,45)",127,45
2013-03-08,37.75714285714286,17.2,20.2,21.800000000000004,22.9,18.6,18.7,20.6,18.5,20.5,15.7,19.7,22.1,20.7,20.6,22.9,"rgb(200,112,55)",143,55
2013-03-09,37.714285714285715,17.7,21.1,22.9,23.800000000000004,19.9,19.6,21.4,19.6,21.2,16.599999999999998,21.2,23.0,21.5,20.6,23.1,"rgb(198,103,57)",152,57
2013-03-10,39.94285714285714,18.5,21.9,23.5,24.0,19.7,20.0,21.9,21.3,22.5,19.7,22.300000000000004,24.2,21.4,21.5,23.4,"rgb(205,98,50)",157,50
2013-03-11,43.4,15.6,20.2,21.9,24.0,15.6,16.3,18.4,20.4,20.0,18.1,20.4,24.3,19.0,19.2,22.7,"rgb(222,118,33)",137,33
2013-03-12,41.71666666666667,20.0,21.9,23.0,24.4,17.7,18.5,20.1,21.4,20.9,18.5,21.5,25.2,21.7,20.6,23.4,"rgb(196,103,59)",152,59
2013-03-13,37.96,19.6,23.2,24.6,25.8,20.0,19.9,22.8,22.5,23.7,19.3,23.5,26.3,22.2,23.0,24.6,"rgb(204,96,51)",159,51
2013-03-14,36.214285714285715,12.3,18.4,19.6,22.800000000000004,13.8,13.2,16.0,18.6,18.0,17.7,18.4,22.0,16.2,16.2,20.2,"rgb(241,135,14)",120,14
2013-03-15,35.714285714285715,14.8,18.3,20.4,22.4,15.8,15.099999999999998,17.2,18.0,18.2,16.0,18.9,22.7,18.0,18.2,21.3,"rgb(223,142,32)",113,32
2013-03-16,35.785714285714285,19.4,21.2,21.4,23.2,17.7,18.0,19.7,20.4,20.8,16.599999999999998,20.4,24.1,20.9,19.6,22.4,"rgb(208,126,47)",129,47
2013-03-17,36.47142857142858,20.6,22.800000000000004,23.9,24.800000000000004,20.1,20.0,22.1,21.7,22.5,17.900000000000006,22.1,25.7,22.6,21.7,24.2,"rgb(171,90,84)",165,84
2013-03-18,43.0,21.0,23.5,25.4,26.0,22.8,22.1,24.8,22.3,24.0,17.9,23.9,26.1,23.8,23.3,26.7,"rgb(167,69,88)",186,88
2013-03-19,36.042857142857144,21.9,24.300000000000004,25.300000000000004,25.5,22.2,21.800000000000004,24.1,23.300000000000004,24.9,18.7,24.4,25.7,23.9,23.9,26.300000000000004,"rgb(162,86,93)",169,93
2013-03-20,34.957142857142856,21.1,24.5,25.6,25.800000000000004,22.1,22.0,24.300000000000004,23.800000000000004,24.800000000000004,19.8,24.800000000000004,25.9,23.6,23.800000000000004,26.4,"rgb(164,87,91)",168,91
2013-03-21,35.533333333333346,17.400000000000002,20.4,22.2,25.1,17.7,18.3,20.0,20.7,20.3,16.7,20.6,25.8,18.5,20.3,24.5,"rgb(213,97,42)",158,42
2013-03-22,34.47142857142857,21.0,23.6,24.800000000000004,25.6,21.5,21.3,23.5,22.4,23.7,19.0,23.300000000000004,26.2,22.5,23.300000000000004,25.1,"rgb(167,88,88)",167,88
2013-03-23,36.15714285714286,21.2,24.800000000000004,26.5,26.800000000000004,21.3,20.7,23.0,24.1,24.7,19.6,24.800000000000004,27.6,23.7,25.0,26.7,"rgb(161,84,94)",171,94
2013-03-24,39.02857142857143,20.4,23.4,25.800000000000004,26.5,19.8,19.3,22.300000000000004,23.0,23.4,19.5,23.7,26.9,24.5,25.1,27.4,"rgb(177,77,78)",178,78
2013-03-25,40.5,14.5,21.5,23.3,24.7,16.9,16.4,19.3,21.5,21.3,17.7,21.7,24.0,17.7,18.1,22.0,"rgb(213,99,42)",156,42
2013-03-26,38.58571428571428,19.5,20.9,23.300000000000004,25.1,18.2,17.099999999999998,19.4,20.5,20.6,16.7,21.1,25.1,21.4,20.0,23.7,"rgb(197,70,58)",185,58
2013-03-27,35.78333333333333,16.099999999999998,21.8,23.5,25.9,16.7,16.099999999999998,19.3,22.1,21.4,19.0,22.3,25.7,20.2,20.1,24.3,"rgb(189,73,66)",182,66
2013-03-28,37.54285714285713,17.8,22.9,24.2,25.4,18.7,18.5,21.6,22.5,22.800000000000004,18.3,22.6,25.9,19.9,21.4,24.300000000000004,"rgb(194,54,61)",201,61
2013-03-29,37.42857142857143,16.099999999999998,21.6,23.800000000000004,25.4,17.2,16.8,19.6,21.7,21.5,17.8,22.2,26.0,19.4,20.6,24.6,"rgb(202,87,53)",168,53
2013-03-30,37.614285714285714,17.400000000000002,21.2,23.1,24.5,17.599999999999994,17.2,19.4,21.1,21.2,17.900000000000006,21.7,25.7,19.9,21.2,24.2,"rgb(199,87,56)",168,56
2013-03-31,37.5,17.099999999999998,21.5,22.6,24.300000000000004,17.900000000000006,17.5,19.8,20.9,21.1,17.3,21.7,25.300000000000004,19.6,19.9,23.5,"rgb(205,71,50)",184,50
2013-04-01,40.95,19.5,21.3,23.5,25.4,19.3,18.5,20.7,20.6,21.3,17.5,21.7,26.0,21.0,22.0,25.2,"rgb(193,66,62)",189,62
2013-04-02,36.56666666666667,17.599999999999994,23.1,24.6,26.3,18.8,18.1,21.0,22.8,22.8,18.6,23.3,25.4,20.5,20.8,24.3,"rgb(210,89,45)",166,45
2013-04-03,34.8,16.400000000000002,21.3,22.6,25.0,18.6,17.8,19.7,21.6,20.7,17.3,21.6,23.6,17.8,17.5,21.2,"rgb(197,58,58)",197,58
2013-04-05,42.0,20.5,21.6,24.1,26.0,20.9,19.9,22.8,21.0,22.1,17.5,23.3,27.2,21.8,21.7,25.8,"rgb(191,22,64)",233,64
2013-04-06,35.52857142857142,16.2,20.1,21.9,23.6,17.7,16.3,20.0,19.6,20.4,16.5,21.0,24.1,19.1,20.0,23.0,"rgb(151,36,104)",219,104
2013-04-07,36.93333333333333,12.7,18.7,18.4,20.3,15.4,14.5,17.2,17.3,18.1,14.1,17.900000000000006,20.3,15.7,14.8,18.0,"rgb(219,104,36)",151,36
2013-04-08,44.0,17.6,20.8,22.0,23.2,19.0,17.9,19.7,20.3,19.9,16.4,20.6,22.7,19.3,16.7,19.2,"rgb(193,101,62)",154,62
2013-04-09,36.2,16.8,20.0,21.9,24.1,17.5,16.599999999999998,19.0,20.0,20.1,16.2,21.0,25.0,19.7,19.1,22.2,"rgb(197,65,58)",190,58
2013-04-10,34.05714285714286,15.400000000000002,19.1,20.6,23.9,17.8,16.3,18.5,18.4,18.8,16.7,19.1,23.6,17.3,17.400000000000002,20.8,"rgb(220,105,35)",150,35
2013-04-11,34.0,15.5,19.3,20.8,23.6,16.8,15.4,17.400000000000002,18.9,18.5,15.3,19.2,23.2,17.0,17.400000000000002,20.7,"rgb(205,58,50)",197,50
2013-04-12,33.957142857142856,12.8,17.400000000000002,19.6,22.800000000000004,14.400000000000002,13.2,15.400000000000002,17.8,16.8,14.099999999999998,18.1,22.800000000000004,15.0,16.2,19.3,"rgb(205,58,50)",197,50
2013-04-13,36.15,16.900000000000002,19.9,21.4,23.2,18.5,16.8,23.3,19.1,19.8,15.1,20.5,23.4,17.400000000000002,17.400000000000002,20.6,"rgb(201,106,54)",149,54
2013-04-14,36.18571428571428,16.400000000000002,19.0,21.800000000000004,24.2,17.5,16.5,20.8,18.5,19.4,16.099999999999998,20.0,24.9,20.8,21.4,24.1,"rgb(195,57,60)",198,60
2013-04-15,35.0,19.3,22.7,23.9,24.8,21.5,20.6,22.4,21.4,22.6,17.3,22.8,25.2,21.8,21.3,23.8,"rgb(166,86,89)",169,89
2013-04-16,35.92857142857143,20.2,24.7,25.6,26.0,21.9,20.8,24.7,23.7,24.6,18.9,24.5,25.6,23.0,22.7,24.7,"rgb(159,80,96)",175,96
2013-04-17,36.58571428571429,22.9,25.2,26.300000000000004,26.800000000000004,24.6,23.9,26.7,24.2,25.1,18.9,25.6,26.5,24.5,23.6,26.2,"rgb(125,69,130)",186,130
2013-04-18,35.2,23.9,25.800000000000004,26.800000000000004,26.800000000000004,24.9,24.2,27.0,25.0,25.7,19.8,25.800000000000004,27.0,25.6,25.6,27.6,"rgb(120,63,135)",192,135
2013-04-19,36.01428571428572,19.4,24.7,25.2,26.300000000000004,20.4,20.6,23.2,24.4,24.4,19.0,24.2,26.800000000000004,22.1,22.800000000000004,25.800000000000004,"rgb(175,77,80)",178,80
2013-04-20,37.27142857142857,20.2,24.4,26.2,27.2,20.4,19.8,22.6,24.1,23.9,19.3,24.6,26.9,22.800000000000004,24.300000000000004,26.7,"rgb(189,55,66)",200,66
2013-04-21,37.92857142857143,14.099999999999998,19.9,22.2,25.6,15.8,14.900000000000002,17.400000000000002,19.5,19.1,18.9,20.1,23.800000000000004,17.5,18.4,22.1,"rgb(209,76,46)",179,46
2013-04-22,40.0,17.3,21.3,22.6,24.0,18.9,17.7,20.0,20.3,20.8,17.8,21.1,23.0,18.9,19.0,22.2,"rgb(201,109,54)",146,54
2013-04-23,43.48571428571428,22.300000000000004,25.1,25.9,26.2,22.7,21.1,24.5,24.800000000000004,24.7,18.7,25.0,25.9,23.300000000000004,23.0,24.300000000000004,"rgb(171,96,84)",159,84
2013-04-24,42.8,22.0,26.0,27.2,27.6,23.0,22.0,25.800000000000004,25.6,25.9,19.5,26.300000000000004,26.9,24.0,24.800000000000004,27.0,"rgb(150,85,105)",170,105
2013-04-25,43.01666666666667,19.6,23.4,25.7,27.5,20.6,19.8,22.8,22.8,23.5,18.3,23.8,26.9,22.2,23.3,26.4,"rgb(191,55,64)",200,64
2013-04-26,43.53333333333333,18.5,23.1,23.9,25.0,21.5,19.7,22.3,22.7,22.4,18.0,23.7,24.6,20.5,20.0,22.7,"rgb(206,86,49)",169,49
2013-04-27,45.91666666666666,17.7,21.5,22.2,22.3,20.3,19.5,22.7,20.3,21.4,16.400000000000002,21.4,23.8,18.8,17.099999999999998,19.9,"rgb(181,33,74)",222,74
2013-04-28,42.94285714285713,19.6,23.2,24.9,25.800000000000004,21.800000000000004,21.7,23.4,22.5,23.300000000000004,17.900000000000006,23.800000000000004,25.300000000000004,21.1,19.7,22.9,"rgb(187,83,68)",172,68
2013-04-29,37.0,22.1,25.0,26.3,26.7,23.2,23.4,25.1,23.8,25.0,19.3,25.0,26.9,23.9,23.1,25.5,"rgb(165,89,90)",166,90
2013-04-30,42.02857142857143,23.7,26.5,27.6,27.6,24.9,24.2,27.2,25.2,26.7,20.4,26.800000000000004,27.5,25.0,25.7,27.4,"rgb(173,70,82)",185,82
2013-05-01,42.825,14.599999999999998,21.4,24.800000000000004,25.4,16.3,15.900000000000002,18.1,21.800000000000004,20.6,18.4,22.800000000000004,23.1,17.599999999999994,18.3,21.4,"rgb(174,41,81)",214,81
2013-05-02,43.1,15.0,22.0,22.6,22.9,19.3,18.2,19.5,20.8,21.7,16.5,22.1,21.7,19.4,18.0,20.7,"rgb(190,91,65)",164,65
2013-05-03,41.8,18.7,21.4,23.0,24.4,20.6,18.7,20.0,21.0,20.6,17.0,21.800000000000004,22.9,20.5,18.9,21.3,"rgb(189,85,66)",170,66
2013-05-04,41.775,21.0,24.5,24.5,25.300000000000004,22.1,21.800000000000004,23.800000000000004,23.7,24.300000000000004,18.3,23.9,25.2,21.7,21.3,23.5,"rgb(183,95,72)",160,72
2013-05-05,44.4625,22.4,26.300000000000004,25.800000000000004,26.4,24.2,23.7,25.800000000000004,24.6,25.9,19.4,25.300000000000004,26.0,22.4,22.9,25.2,"rgb(147,86,108)",169,108
2013-05-06,42.0,21.9,26.2,25.9,26.5,24.9,24.4,26.3,24.6,25.7,19.3,25.3,25.8,22.9,22.5,24.7,"rgb(151,47,104)",208,104
2013-05-07,44.7,22.6,26.0,25.6,27.1,25.1,24.2,26.1,24.7,25.5,20.1,25.300000000000004,26.1,23.0,23.0,24.9,"rgb(144,86,111)",169,111
2013-05-08,45.25,22.2,25.800000000000004,26.4,27.0,25.4,24.300000000000004,26.2,24.2,25.800000000000004,19.9,25.6,26.1,22.800000000000004,23.1,24.7,"rgb(143,86,112)",169,112
2013-05-09,45.7875,23.9,26.800000000000004,27.7,28.0,25.1,24.4,26.300000000000004,25.6,26.2,20.8,26.5,27.4,24.6,24.6,26.2,"rgb(136,85,119)",170,119
2013-05-10,46.7,24.1,28.2,28.9,28.800000000000004,25.9,25.4,28.7,27.4,28.0,21.9,28.1,28.4,25.4,26.300000000000004,28.2,"rgb(116,59,139)",196,139
2013-05-11,43.28333333333333,21.0,25.6,28.3,28.7,21.3,21.3,24.3,24.3,26.0,19.9,27.3,28.1,23.2,23.9,26.9,"rgb(193,44,62)",211,62
2013-05-12,44.7625,21.2,24.800000000000004,26.2,26.7,22.1,20.9,23.4,24.1,24.800000000000004,19.7,25.6,25.6,22.300000000000004,22.300000000000004,24.9,"rgb(194,42,61)",213,61
2013-05-13,50.0,22.9,24.5,27.4,28.2,23.7,22.4,25.0,24.2,24.9,19.6,25.3,26.5,24.1,24.5,27.1,"rgb(129,36,126)",219,126
2013-05-14,43.625,23.5,26.5,27.9,28.300000000000004,25.2,24.7,26.6,24.300000000000004,26.6,20.5,26.2,27.7,25.1,24.0,26.800000000000004,"rgb(139,63,116)",192,116
2013-05-15,44.12499999999999,23.0,26.800000000000004,28.9,29.1,24.800000000000004,24.1,26.6,24.7,27.2,21.1,28.0,28.6,25.0,24.6,27.7,"rgb(117,58,138)",197,138
2013-05-16,44.225,24.2,26.7,27.1,27.6,25.6,24.800000000000004,28.7,25.0,26.7,21.2,27.4,27.5,25.800000000000004,24.6,27.0,"rgb(130,34,125)",221,125
2013-05-17,42.25,24.6,27.4,26.800000000000004,27.300000000000004,25.6,25.4,28.5,25.800000000000004,27.2,20.5,27.4,27.0,26.300000000000004,24.9,26.4,"rgb(191,26,64)",229,64
2013-05-18,42.3,24.4,28.5,26.4,26.1,26.5,26.9,29.7,27.300000000000004,28.4,21.5,28.1,26.7,26.0,26.300000000000004,27.800000000000004,"rgb(138,36,117)",219,117
2013-05-19,46.45555555555556,25.5,26.300000000000004,26.300000000000004,27.5,27.4,27.0,29.2,25.5,26.300000000000004,20.8,26.2,28.1,26.800000000000004,24.4,27.2,"rgb(182,21,73)",234,73
2013-05-20,45.0,24.9,26.5,27.4,28.4,27.1,26.2,28.9,26.1,27.2,21.0,26.6,28.6,26.3,25.6,27.5,"rgb(192,35,63)",220,63
2013-05-21,41.6,23.4,25.6,26.9,27.2,24.6,23.6,27.1,25.0,25.800000000000004,20.2,26.2,27.2,25.300000000000004,25.7,26.9,"rgb(187,25,68)",230,68
2013-05-22,44.76666666666666,23.7,26.2,27.0,27.4,24.800000000000004,23.5,26.9,25.5,26.800000000000004,21.4,27.300000000000004,27.4,25.7,26.300000000000004,28.0,"rgb(191,46,64)",209,64
2013-05-23,41.375,23.800000000000004,25.5,28.0,28.300000000000004,25.300000000000004,24.9,27.300000000000004,25.0,25.9,20.1,26.7,28.2,25.300000000000004,25.7,27.800000000000004,"rgb(139,79,116)",176,116
2013-05-24,40.13333333333333,23.4,27.2,28.2,28.4,25.7,24.8,27.1,26.6,26.9,21.1,27.1,27.7,24.9,25.2,27.1,"rgb(140,67,115)",188,115
2013-05-25,46.81666666666666,23.4,27.9,27.8,28.1,26.3,25.6,27.7,25.9,27.3,20.3,27.6,27.7,25.3,23.1,26.6,"rgb(131,78,124)",177,124
2013-05-26,44.21111111111111,23.800000000000004,27.800000000000004,28.1,28.4,26.300000000000004,25.5,28.0,25.800000000000004,27.2,20.2,27.800000000000004,27.6,25.5,24.9,26.7,"rgb(109,70,146)",185,146
2013-05-27,47.0,25.4,29.2,29.4,29.1,28.2,27.5,30.5,27.7,28.7,22.2,29.1,28.7,26.4,26.7,28.5,"rgb(112,59,143)",196,143
2013-05-28,43.66666666666666,26.6,29.4,28.800000000000004,28.800000000000004,28.300000000000004,28.0,30.7,27.6,28.5,22.2,29.300000000000004,29.6,28.0,26.0,29.2,"rgb(105,57,150)",198,150
2013-05-29,37.114285714285714,25.0,29.800000000000004,30.1,29.5,28.6,27.5,30.6,27.1,29.2,22.4,29.5,29.300000000000004,27.800000000000004,26.5,29.5,"rgb(111,52,144)",203,144
2013-05-30,41.5875,25.7,29.5,29.5,29.5,28.0,27.4,29.800000000000004,27.800000000000004,28.9,22.4,28.800000000000004,29.0,27.6,26.9,29.2,"rgb(110,59,145)",196,145
2013-05-31,39.1888888888889,26.6,29.4,29.7,29.7,28.0,27.4,29.9,28.2,28.5,22.7,29.0,29.1,27.6,27.5,29.300000000000004,"rgb(104,53,151)",202,151
2013-06-01,36.385714285714286,26.2,29.4,29.9,29.9,28.0,27.2,30.0,28.1,28.6,22.7,29.1,29.0,28.1,28.300000000000004,30.0,"rgb(98,54,157)",201,157
2013-06-02,36.1,26.6,29.300000000000004,29.4,29.5,27.7,27.300000000000004,30.300000000000004,28.1,28.1,23.0,28.7,29.4,28.1,27.7,29.5,"rgb(93,59,162)",196,162
2013-06-03,41.0,25.1,29.3,29.9,30.0,26.5,27.1,29.0,28.6,28.3,22.7,28.7,29.2,27.2,27.4,29.5,"rgb(101,59,154)",196,154
2013-06-04,36.56000000000001,24.0,27.5,29.300000000000004,29.9,26.2,26.1,28.300000000000004,26.1,27.0,21.4,27.5,29.4,25.7,25.7,29.0,"rgb(112,10,143)",245,143
2013-06-05,32.790000000000006,23.5,26.9,28.7,30.0,25.6,25.2,27.300000000000004,25.1,26.5,21.6,26.800000000000004,28.9,24.800000000000004,25.4,28.5,"rgb(143,78,112)",177,112
2013-06-06,35.53333333333333,24.1,28.4,29.2,30.1,26.6,26.6,28.4,26.7,27.9,21.800000000000004,28.2,29.1,25.6,25.2,28.1,"rgb(137,69,118)",186,118
2013-06-07,36.04,25.300000000000004,29.0,29.7,30.1,27.5,26.800000000000004,29.4,27.0,28.1,21.6,28.800000000000004,29.6,27.300000000000004,26.7,28.9,"rgb(112,54,143)",201,143
2013-06-08,36.94,26.4,29.800000000000004,29.9,30.1,28.7,27.9,30.9,28.1,28.800000000000004,22.800000000000004,29.9,30.0,28.6,28.0,30.2,"rgb(89,63,166)",192,166
2013-06-09,34.4625,25.9,29.1,30.2,30.5,28.4,28.2,30.6,27.800000000000004,28.4,22.2,29.9,30.300000000000004,27.800000000000004,28.0,30.4,"rgb(94,66,161)",189,161
2013-06-10,32.5,23.3,28.1,29.0,30.1,25.9,26.3,29.0,27.5,27.0,22.1,29.2,30.1,25.1,26.3,29.8,"rgb(119,39,136)",216,136
2013-06-11,36.525,24.9,28.300000000000004,29.7,30.4,26.7,25.7,28.2,26.5,27.5,22.1,28.4,30.0,26.300000000000004,26.800000000000004,29.5,"rgb(108,7,147)",248,147
2013-06-12,36.51428571428571,24.6,27.0,29.5,30.4,26.4,25.1,27.2,25.5,26.9,21.800000000000004,27.300000000000004,28.5,26.0,27.4,29.300000000000004,"rgb(192,42,63)",213,63
2013-06-14,45.0,25.6,27.5,28.0,29.3,27.4,26.2,28.3,26.4,27.1,21.4,27.5,27.7,26.7,24.1,26.3,"rgb(150,48,105)",207,105
2013-06-15,33.82857142857143,26.300000000000004,27.9,28.4,30.300000000000004,27.6,26.6,28.7,26.5,27.300000000000004,22.1,28.0,28.5,27.800000000000004,26.4,28.300000000000004,"rgb(111,38,144)",217,144
2013-06-16,35.31428571428571,25.800000000000004,28.7,28.7,29.800000000000004,27.5,27.1,29.0,27.1,27.7,22.300000000000004,28.300000000000004,29.1,27.4,27.6,29.0,"rgb(100,35,155)",220,155
2013-06-17,48.0,26.1,28.3,29.5,29.8,27.3,26.4,28.9,26.7,27.6,21.9,28.6,29.3,28.0,26.4,29.2,"rgb(96,73,159)",182,159
2013-06-18,30.9875,26.300000000000004,29.4,29.6,29.9,28.4,27.300000000000004,30.1,27.0,28.9,21.6,29.6,29.5,27.9,27.1,29.300000000000004,"rgb(89,56,166)",199,166
2013-06-19,30.45,26.300000000000004,29.4,29.7,29.9,28.1,27.7,30.1,27.5,28.300000000000004,21.800000000000004,29.1,29.0,29.1,27.1,29.6,"rgb(88,65,167)",190,167
2013-06-20,30.828571428571426,26.4,29.2,30.0,30.1,28.1,27.5,29.7,27.7,28.4,22.4,29.1,29.5,28.300000000000004,27.4,29.7,"rgb(88,58,167)",197,167
2013-06-21,29.9875,27.300000000000004,28.300000000000004,29.9,29.9,28.800000000000004,27.0,29.0,27.2,27.800000000000004,22.5,29.300000000000004,29.1,28.800000000000004,25.4,27.1,"rgb(150,45,105)",210,105
2013-06-22,30.4,26.9,29.6,30.300000000000004,30.0,28.800000000000004,27.9,29.5,28.1,28.7,22.6,29.7,26.800000000000004,28.4,26.6,27.0,"rgb(145,36,110)",219,110
2013-06-23,31.26,25.8,29.7,29.4,29.1,28.7,26.8,29.5,28.8,29.3,22.5,30.1,28.3,28.8,28.5,28.8,"rgb(123,47,132)",208,132
2013-06-24,46.0,25.1,28.1,25.9,28.0,28.4,27.5,30.0,26.3,26.0,21.0,27.1,28.6,28.4,28.1,28.9,"rgb(119,37,136)",218,136
2013-06-25,33.0,26.300000000000004,27.9,27.5,28.300000000000004,28.9,28.1,30.5,26.7,26.7,22.2,28.0,29.2,28.4,27.7,28.5,"rgb(115,39,140)",216,140
2013-06-26,28.52857142857143,27.300000000000004,30.300000000000004,30.0,29.9,29.300000000000004,28.800000000000004,31.1,29.0,29.1,23.5,30.2,29.7,28.9,28.7,29.5,"rgb(94,47,161)",208,161
2013-06-27,26.557142857142853,27.9,30.300000000000004,30.2,30.4,29.300000000000004,29.2,31.800000000000004,28.7,29.2,23.5,30.0,30.0,29.0,29.300000000000004,30.0,"rgb(91,50,164)",205,164
2013-06-28,27.157142857142855,27.5,29.9,29.9,30.1,29.0,28.0,30.800000000000004,28.5,29.0,23.6,29.9,29.800000000000004,29.0,29.5,30.0,"rgb(89,44,166)",211,166
2013-06-29,28.728571428571424,27.5,29.9,29.9,30.0,28.9,27.9,30.300000000000004,27.9,28.9,23.300000000000004,29.6,29.5,29.4,28.5,29.7,"rgb(102,8,153)",247,153
2013-06-30,31.071428571428577,26.2,29.7,29.9,31.0,28.5,27.7,29.7,27.5,29.0,23.5,29.4,29.9,28.6,28.7,30.300000000000004,"rgb(97,41,158)",214,158
2013-07-01,35.0,27.6,29.9,31.2,31.9,29.2,28.8,30.3,27.5,29.5,23.3,28.3,29.5,29.4,29.1,30.4,"rgb(120,16,135)",239,135
2013-07-02,26.300000000000004,27.0,28.800000000000004,29.9,31.1,29.300000000000004,28.2,29.7,26.2,28.6,22.1,28.2,29.300000000000004,29.4,28.4,29.9,"rgb(117,2,138)",253,138
2013-07-03,29.7,27.300000000000004,28.5,29.2,30.1,29.1,27.800000000000004,30.0,26.0,28.4,21.9,28.300000000000004,29.6,29.1,28.6,30.1,"rgb(107,3,148)",252,148
2013-07-04,28.842857142857145,27.7,28.7,29.9,30.1,29.4,28.1,30.6,26.5,29.0,23.4,29.4,29.800000000000004,29.5,28.6,29.9,"rgb(96,42,159)",213,159
2013-07-05,29.5375,26.4,28.9,30.1,30.5,29.6,28.1,31.0,26.300000000000004,29.2,22.6,29.7,30.1,29.6,29.300000000000004,30.4,"rgb(106,0,149)",255,149
2013-07-06,28.314285714285717,26.0,27.300000000000004,30.2,30.4,28.300000000000004,26.9,30.2,25.300000000000004,27.9,22.1,29.2,29.7,29.5,29.1,30.1,"rgb(102,5,153)",250,153
2013-07-07,30.02857142857143,25.4,27.5,29.800000000000004,30.5,28.4,27.1,29.9,25.4,28.0,21.7,28.800000000000004,29.300000000000004,29.9,28.6,29.9,"rgb(106,3,149)",252,149
2013-07-08,37.0,26.7,27.1,29.0,30.1,28.9,26.7,30.1,25.3,28.0,21.0,27.4,28.8,29.3,27.8,29.4,"rgb(103,8,152)",247,152
2013-07-09,25.383333333333336,26.5,26.7,26.8,28.8,28.1,26.2,29.0,24.3,26.8,20.0,26.8,27.8,29.0,27.1,28.5,"rgb(107,0,148)",255,148
2013-07-10,29.933333333333334,26.0,27.6,27.6,28.8,28.0,26.3,28.5,25.0,27.7,20.8,26.9,28.6,28.5,27.7,29.2,"rgb(99,38,156)",217,156
2013-07-11,31.17142857142857,25.7,28.800000000000004,29.0,29.7,28.1,27.2,29.5,26.9,28.1,21.6,28.5,28.7,28.9,27.7,29.800000000000004,"rgb(96,40,159)",215,159
2013-07-12,29.47777777777777,24.6,28.4,29.1,29.7,27.6,27.0,28.7,26.9,27.800000000000004,21.6,28.300000000000004,29.1,28.6,27.800000000000004,30.0,"rgb(144,118,111)",137,111
2013-07-13,31.185714285714283,25.5,25.4,28.1,29.5,24.4,23.4,25.2,23.7,25.9,20.3,27.6,29.6,27.5,27.2,29.6,"rgb(188,26,67)",229,67
2013-07-14,27.76,26.3,27.3,26.5,27.2,23.3,26.2,28.1,25.5,27.7,22.1,28.3,26.1,27.5,24.7,26.3,"rgb(142,38,113)",217,113
2013-07-16,29.16666666666667,26.2,27.7,29.2,29.2,28.7,27.6,28.6,26.0,26.9,21.4,28.5,28.8,28.0,27.0,28.4,"rgb(96,41,159)",214,159
2013-07-17,24.12,25.7,27.3,29.1,29.3,28.1,27.7,29.1,26.2,27.6,21.6,28.0,26.4,27.3,24.2,26.3,"rgb(145,40,110)",215,110
2013-07-18,29.349999999999994,25.0,26.7,28.1,28.1,28.0,26.3,28.2,25.5,27.4,21.8,28.3,25.7,25.9,23.1,25.6,"rgb(148,43,107)",212,107
2013-07-19,33.333333333333336,25.3,28.3,29.0,28.9,27.4,26.8,28.8,26.2,28.0,21.8,27.7,26.5,27.0,25.0,26.9,"rgb(132,35,123)",220,123
2013-07-20,33.583333333333336,25.9,28.9,29.3,29.2,28.1,27.5,29.1,27.1,27.8,22.5,28.5,28.0,28.2,26.4,28.3,"rgb(102,44,153)",211,153
2013-07-21,29.9,26.9,28.9,29.4,29.8,28.3,27.8,29.5,28.1,28.5,22.0,29.1,28.8,28.3,27.3,29.2,"rgb(96,37,159)",218,159
2013-07-22,25.0,27.9,29.7,29.9,29.9,28.2,28.4,29.6,28.3,28.4,22.7,29.5,29.1,28.7,27.5,29.4,"rgb(96,38,159)",217,159
2013-07-23,36.35,26.9,29.6,29.9,30.4,28.5,28.1,30.0,28.1,28.6,22.1,28.8,29.1,28.7,27.8,29.2,"rgb(105,46,150)",209,150
2013-07-24,34.82000000000001,27.5,28.3,29.5,29.9,28.6,27.4,30.2,26.6,27.9,22.0,28.1,28.9,28.9,28.2,29.2,"rgb(115,12,140)",243,140
2013-07-25,36.44000000000001,26.8,27.8,28.2,28.6,28.5,26.8,29.6,26.5,27.5,20.9,28.0,28.4,28.6,27.4,29.2,"rgb(123,38,132)",217,132
2013-07-26,36.85,25.9,27.4,28.8,28.6,28.2,26.1,29.1,25.8,27.3,20.6,28.0,28.6,28.1,26.9,29.8,"rgb(132,35,123)",220,123
2013-07-27,33.08,26.7,28.2,29.9,29.7,29.1,27.4,29.9,27.3,28.2,21.8,29.1,29.2,28.9,28.1,29.6,"rgb(103,7,152)",248,152
2013-07-28,34.25,26.5,28.9,29.4,29.3,29.0,27.5,29.9,26.5,28.5,22.1,28.8,29.2,29.0,27.8,29.7,"rgb(101,11,154)",244,154
2013-07-30,43.66,26.7,28.5,29.7,30.9,29.0,27.5,30.0,25.9,27.8,21.9,28.1,29.0,29.3,28.0,29.7,"rgb(107,7,148)",248,148
2013-07-31,35.56,27.1,26.9,28.6,30.5,28.3,26.7,29.4,24.9,26.7,22.2,27.3,28.9,29.7,27.7,29.9,"rgb(104,6,151)",249,151
2013-08-01,40.1,26.3,28.1,28.0,28.3,28.5,27.1,29.6,25.6,27.0,22.2,27.4,26.7,28.6,24.4,27.1,"rgb(142,35,113)",220,113
2013-08-02,39.95,27.0,28.5,29.0,29.1,27.8,27.2,29.3,27.1,26.9,22.2,28.1,27.4,28.4,26.0,27.5,"rgb(135,35,120)",220,120
2013-08-03,41.56666666666667,26.9,29.6,29.8,29.9,29.4,28.5,30.7,27.1,28.7,22.7,28.6,29.6,29.2,28.5,29.5,"rgb(100,15,155)",240,155
2013-08-04,37.8,27.6,29.6,29.8,29.6,29.6,28.1,30.7,27.5,28.9,22.4,28.3,29.2,29.8,29.3,30.0,"rgb(105,49,150)",206,150
2013-08-06,40.92,27.1,29.9,30.8,30.9,29.7,28.3,30.7,27.7,28.9,22.9,29.0,29.7,29.7,28.7,29.9,"rgb(99,19,156)",236,156
2013-08-07,40.15000000000001,27.8,29.5,29.9,30.1,29.8,27.9,30.3,27.1,28.5,22.1,28.6,29.3,29.8,28.7,29.8,"rgb(106,50,149)",205,149
2013-08-08,49.06,28.5,30.0,30.1,30.0,30.0,28.5,31.3,28.3,29.0,22.9,29.6,29.3,29.8,28.8,30.0,"rgb(106,60,149)",195,149
2013-08-09,62.44,28.1,30.0,30.5,30.4,30.0,28.9,30.9,27.6,29.3,22.8,30.2,29.2,29.5,29.0,30.0,"rgb(99,16,156)",239,156
2013-08-10,51.36,27.5,29.5,29.8,30.5,29.6,28.6,30.2,27.7,29.0,22.0,29.0,29.5,29.5,28.7,30.1,"rgb(117,21,138)",234,138
2013-08-11,46.38333333333333,28.0,30.0,30.3,30.6,29.6,28.7,30.2,28.3,29.2,22.4,29.6,29.7,29.6,28.0,30.0,"rgb(103,65,152)",190,152
2013-08-13,50.04,28.4,29.9,29.8,29.5,30.1,28.6,29.8,28.3,28.9,23.0,29.9,26.9,29.8,25.7,27.2,"rgb(144,33,111)",222,111
2013-08-14,65.05999999999999,26.5,27.4,28.2,28.1,28.3,26.1,28.5,25.6,26.8,21.1,27.8,26.2,28.5,26.1,27.2,"rgb(184,22,71)",233,71
2013-08-15,50.5,25.2,26.7,27.5,27.8,27.2,26.1,28.2,25.0,26.3,20.8,27.6,26.8,26.6,26.1,28.5,"rgb(134,34,121)",221,121
2013-08-16,57.62000000000001,26.4,28.3,27.3,28.2,27.2,25.9,29.1,26.7,27.5,21.7,27.9,27.6,27.4,26.4,28.3,"rgb(116,39,139)",216,139
2013-08-17,48.5,25.4,27.6,28.9,29.5,27.3,26.4,29.2,26.4,27.2,21.2,27.8,28.5,28.0,26.7,28.6,"rgb(120,18,135)",237,135
2013-08-18,47.94,26.1,28.9,29.7,30.1,28.0,27.1,29.6,27.3,27.8,21.7,28.5,28.8,28.8,27.3,29.1,"rgb(92,71,163)",184,163
2013-08-19,45.9,27.4,29.3,29.9,30.3,28.9,27.8,30.1,27.7,28.5,22.4,29.0,29.3,29.3,28.3,29.8,"rgb(90,70,165)",185,165
2013-08-20,60.1,25.2,27.8,27.8,28.6,26.1,25.1,27.6,26.3,26.9,21.1,27.4,28.1,28.2,25.2,28.3,"rgb(192,44,63)",211,63
2013-08-21,48.475,25.3,26.4,27.3,29.0,27.0,25.0,27.2,25.7,25.6,21.4,26.6,28.6,26.2,26.9,29.3,"rgb(188,26,67)",229,67
2013-08-24,43.26000000000001,26.7,26.7,28.7,29.1,27.0,25.7,28.0,26.1,27.0,21.5,27.7,27.8,28.3,27.3,27.9,"rgb(192,51,63)",204,63
2013-08-25,62.48,26.4,27.6,28.4,29.1,27.8,26.4,28.8,26.7,27.5,21.2,27.1,28.5,28.2,27.9,29.0,"rgb(103,88,152)",167,152
2013-08-27,44.22,27.0,29.2,29.7,29.9,29.3,27.8,29.5,27.8,28.3,21.9,29.0,29.1,28.7,28.1,29.6,"rgb(96,65,159)",190,159
2013-08-28,49.74,26.8,29.6,28.3,27.9,29.3,28.5,30.6,27.7,28.3,21.7,28.0,26.6,27.5,26.3,28.4,"rgb(121,17,134)",238,134
2013-08-29,53.98,24.3,24.8,24.9,25.8,25.9,24.4,26.8,23.5,24.3,19.3,25.0,26.5,27.2,25.0,27.6,"rgb(191,24,64)",231,64
2013-08-30,49.50000000000001,25.6,23.9,25.1,26.4,26.7,25.3,27.4,23.1,23.7,19.7,25.3,27.8,27.8,26.8,28.1,"rgb(190,22,65)",233,65
2013-08-31,48.92,24.6,23.9,24.4,25.5,25.3,23.5,25.5,23.4,23.3,18.8,24.5,25.5,26.6,24.8,25.9,"rgb(191,23,64)",232,64
2013-09-01,42.2,21.8,23.6,24.8,25.8,23.0,21.4,23.5,22.2,23.1,18.4,24.0,25.9,25.1,23.9,26.1,"rgb(185,29,70)",226,70
2013-09-03,45.22000000000001,22.2,26.6,27.6,28.1,24.7,24.3,26.2,25.1,25.5,20.8,26.4,25.8,26.4,23.3,25.2,"rgb(122,78,133)",177,133
2013-09-04,44.74,22.9,26.4,27.9,28.1,24.9,24.5,26.7,24.7,24.9,20.1,26.2,27.2,26.0,22.7,25.9,"rgb(125,83,130)",172,130
2013-09-05,45.28,23.8,27.1,28.3,28.2,26.0,25.5,26.9,25.9,26.0,20.6,27.1,28.0,26.3,24.9,27.3,"rgb(128,84,127)",171,127
2013-09-06,52.78,26.0,27.9,29.1,28.8,27.2,26.6,28.1,26.7,27.0,21.6,28.0,28.7,27.3,25.9,28.5,"rgb(120,93,135)",162,135
2013-09-07,64.85,25.4,28.4,29.1,28.8,27.3,27.0,28.4,27.2,27.6,21.8,28.4,28.8,26.8,26.4,28.7,"rgb(114,105,141)",150,141
2013-09-08,73.25,25.3,28.5,29.4,29.0,27.6,26.8,28.6,27.0,27.7,22.1,28.5,28.8,27.0,26.1,28.5,"rgb(113,108,142)",147,142
2013-09-10,64.5,26.6,28.9,29.3,29.4,28.2,27.4,28.9,27.1,27.7,22.7,28.6,29.4,28.0,27.0,29.0,"rgb(112,98,143)",157,143
2013-09-11,58.18333333333333,27.3,28.6,29.6,29.2,28.6,27.3,29.0,27.2,27.9,22.6,28.4,28.4,28.5,27.0,29.4,"rgb(116,95,139)",160,139
2013-09-12,61.25,26.5,27.1,28.9,28.6,29.0,27.6,29.4,25.8,26.9,21.0,27.4,27.1,28.2,25.6,27.9,"rgb(113,82,142)",173,142
2013-09-13,56.7,26.8,27.6,29.2,29.2,28.5,26.6,28.6,25.8,27.1,21.7,27.3,28.7,28.0,27.0,28.9,"rgb(108,81,147)",174,147
2013-09-14,54.68333333333334,26.7,28.4,28.9,29.3,28.3,26.7,28.9,26.7,27.9,21.7,27.5,27.9,28.0,25.3,28.3,"rgb(100,83,155)",172,155
2013-09-15,57.61666666666667,25.2,29.0,28.5,29.1,27.7,26.9,29.1,27.7,27.9,21.9,28.3,28.7,27.9,26.0,28.1,"rgb(99,94,156)",161,156
2013-09-16,58.55,24.4,29.6,28.5,29.5,27.1,26.3,28.8,27.8,28.0,22.4,29.0,28.5,27.0,25.4,28.0,"rgb(99,102,156)",153,156
2013-09-17,56.86666666666667,22.8,28.5,28.6,28.7,26.6,25.6,27.7,26.3,27.5,21.8,27.7,28.5,25.7,25.0,27.7,"rgb(102,102,153)",153,153
2013-09-18,56.0,23.5,28.4,29.0,28.9,27.2,26.6,28.5,26.6,27.7,22.1,28.1,28.9,25.1,25.0,28.6,"rgb(141,79,114)",176,114
2013-09-19,58.5,25.3,28.7,29.6,29.5,27.6,27.4,29.3,27.2,27.7,22.9,29.1,29.6,26.6,26.3,28.9,"rgb(153,121,102)",134,102
2013-09-21,48.0,26.4,28.8,27.3,27.8,27.6,26.8,30.0,27.5,27.5,21.9,26.9,25.4,27.5,25.2,27.8,"rgb(152,47,103)",208,103
2013-09-22,63.3,25.6,27.9,27.3,28.6,27.3,26.5,28.0,26.3,26.3,21.4,26.6,26.8,26.5,24.4,27.3,"rgb(151,50,104)",205,104
2013-09-23,50.0,25.3,27.2,28.1,28.9,27.5,25.6,27.8,25.3,26.1,20.5,26.8,28.1,26.0,24.7,27.1,"rgb(141,64,114)",191,114
2013-09-24,54.15,25.8,27.7,27.9,28.2,27.8,26.5,28.8,25.1,26.1,21.0,28.0,28.0,27.1,24.6,27.6,"rgb(103,83,152)",172,152
2013-09-25,55.86666666666667,24.4,27.8,27.8,28.5,26.5,26.0,28.2,25.8,26.5,21.4,27.8,28.5,26.9,24.6,27.7,"rgb(104,103,151)",152,151
2013-09-26,57.31666666666666,21.1,27.2,27.6,28.1,24.4,23.2,26.1,25.2,25.9,20.7,26.9,27.5,23.8,22.4,26.1,"rgb(113,121,142)",134,142
2013-09-27,61.16666666666666,22.1,26.9,27.0,27.9,25.0,24.3,26.4,25.5,25.5,21.2,26.1,27.5,24.7,24.2,27.1,"rgb(110,117,145)",138,145
2013-09-28,56.38333333333333,23.8,27.6,27.9,28.2,26.1,25.7,27.4,26.1,26.2,21.2,27.2,28.1,25.5,24.9,27.6,"rgb(104,95,151)",160,151
2013-09-29,57.25,25.3,28.0,28.7,28.7,26.2,25.9,27.9,26.2,27.0,21.4,27.8,28.7,26.8,25.6,28.1,"rgb(103,94,152)",161,152
2013-09-30,48.0,23.7,28.6,28.8,28.8,24.7,24.9,27.2,27.0,27.2,22.1,28.3,29.0,25.2,25.2,28.4,"rgb(159,128,96)",127,96
2013-10-01,57.53333333333333,23.4,28.0,28.5,29.2,25.1,24.9,27.1,26.9,26.5,21.4,27.5,28.2,25.7,24.1,27.6,"rgb(110,109,145)",146,145
2013-10-02,58.96666666666667,22.3,26.6,26.9,28.4,24.7,23.8,26.2,25.2,25.4,20.4,25.7,27.8,25.4,24.3,27.4,"rgb(112,117,143)",138,143
2013-10-03,59.58333333333334,19.3,24.8,25.6,26.8,22.9,22.0,25.0,23.1,24.0,18.2,24.4,26.7,23.4,22.7,26.4,"rgb(120,129,135)",126,135
2013-10-04,64.23333333333333,20.1,25.1,25.2,26.5,23.3,22.0,24.8,23.1,23.9,18.8,23.6,26.2,24.6,23.0,26.3,"rgb(125,130,130)",125,130
2013-10-05,65.5,22.4,24.7,25.7,27.5,24.4,21.9,24.3,23.7,23.9,19.4,24.7,26.4,24.4,24.4,27.0,"rgb(141,120,114)",135,114
2013-10-06,72.0,23.3,24.8,26.4,27.3,25.1,23.1,25.4,22.7,24.6,18.7,24.7,26.9,25.9,25.6,27.9,"rgb(141,120,114)",135,114
2013-10-07,54.0,24.9,27.1,27.5,28.2,26.4,25.2,27.6,25.5,26.3,20.5,26.5,27.8,26.3,26.2,29.0,"rgb(93,73,162)",182,162
2013-10-08,63.88333333333333,24.9,27.5,28.0,28.2,26.3,25.3,27.4,25.6,26.1,20.6,27.3,27.6,27.0,25.9,28.6,"rgb(109,91,146)",164,146
2013-10-09,63.06666666666667,23.1,27.6,28.0,28.5,24.8,24.1,26.7,26.1,26.6,21.3,27.3,27.8,25.7,25.3,28.6,"rgb(125,127,130)",128,130
2013-10-10,61.1,24.0,27.3,27.7,28.2,25.5,24.7,26.8,25.9,26.2,21.5,26.9,28.6,25.9,25.9,28.6,"rgb(113,106,142)",149,142
2013-10-11,57.26666666666666,23.2,27.6,28.1,28.1,25.3,25.0,26.8,25.6,26.1,21.0,26.8,28.5,25.7,25.6,28.2,"rgb(127,128,128)",127,128
2013-10-12,59.98333333333334,22.4,27.7,27.8,28.2,24.8,23.7,27.1,25.5,26.4,21.6,27.1,27.7,24.9,22.7,27.6,"rgb(155,121,100)",134,100
2013-10-13,68.38,22.9,28.0,28.0,27.8,25.2,24.3,26.9,25.7,25.8,20.9,27.1,27.2,25.1,23.7,26.9,"rgb(109,115,146)",140,146
2013-10-14,60.0,23.0,27.7,27.7,28.0,25.8,25.1,27.3,26.0,26.3,20.7,26.8,27.5,25.0,23.4,27.0,"rgb(110,100,145)",155,145
2013-10-15,63.85,21.4,26.4,26.5,27.5,24.2,22.9,25.7,24.6,25.1,19.9,25.4,26.4,24.8,21.9,25.9,"rgb(115,121,140)",134,140
2013-10-17,65.98333333333333,18.5,23.3,24.1,26.2,22.4,21.7,23.4,21.6,22.4,17.099999999999998,22.5,25.5,21.9,20.8,24.6,"rgb(156,164,99)",91,99
2013-10-18,67.33333333333333,20.1,24.6,25.4,26.4,23.2,22.6,24.3,23.1,23.7,18.0,24.1,26.1,21.6,22.4,25.7,"rgb(152,157,103)",98,103
2013-10-19,65.47999999999999,20.7,25.1,25.9,26.8,23.6,23.3,25.0,23.9,24.3,18.9,24.7,26.0,22.7,22.3,25.7,"rgb(148,163,107)",92,107
2013-10-20,68.6,20.5,25.0,25.3,26.9,23.2,22.6,24.9,23.2,23.9,18.4,24.0,26.5,22.8,22.2,26.2,"rgb(134,145,121)",110,121
2013-10-21,58.0,19.0,24.4,24.5,26.2,22.7,21.3,23.9,22.7,23.3,18.2,23.4,25.8,20.9,20.3,24.7,"rgb(136,146,119)",109,119
2013-10-22,64.83333333333333,18.6,23.2,23.2,25.1,21.7,20.4,22.8,20.9,22.0,17.900000000000006,21.9,25.4,21.8,20.9,24.6,"rgb(138,152,117)",103,117
2013-10-23,65.26666666666667,19.3,23.0,23.0,25.0,21.9,20.2,22.7,21.1,22.1,16.0,21.8,24.2,22.6,21.1,24.4,"rgb(130,135,125)",120,125
2013-10-24,66.25,18.0,22.2,22.8,25.0,20.8,17.900000000000006,20.7,20.4,21.6,16.099999999999998,21.4,24.9,22.0,21.0,24.2,"rgb(130,133,125)",122,125
2013-10-25,61.56666666666666,17.099999999999998,21.7,22.2,24.0,19.6,17.900000000000006,20.5,20.3,20.6,17.5,20.6,23.9,20.6,19.0,22.6,"rgb(140,152,115)",103,115
2013-10-26,62.11666666666667,16.3,21.1,21.5,23.9,19.3,18.2,20.2,19.4,19.6,16.3,20.2,23.7,20.1,19.0,22.5,"rgb(159,168,96)",87,96
2013-10-27,60.68333333333334,17.400000000000002,21.4,22.0,24.0,20.3,19.9,21.0,19.2,20.5,15.8,20.5,23.9,20.6,18.6,22.5,"rgb(162,172,93)",83,93
2013-10-28,55.0,18.8,22.2,23.3,24.4,21.8,20.7,21.8,20.2,21.0,16.1,21.4,24.6,22.0,19.8,23.3,"rgb(161,175,94)",80,94
2013-10-29,66.63333333333334,19.9,22.6,23.8,24.9,22.9,21.5,22.5,21.0,21.7,16.8,22.1,25.2,22.9,20.8,24.0,"rgb(157,175,98)",80,98
2013-10-30,64.54285714285714,21.0,23.7,24.9,25.6,24.2,22.6,23.9,21.800000000000004,22.5,18.0,23.1,25.7,23.0,21.1,24.2,"rgb(153,169,102)",86,102
2013-10-31,62.5,20.0,24.2,25.0,26.0,23.1,22.3,23.8,22.1,22.9,19.2,23.1,25.7,21.7,21.5,24.9,"rgb(159,148,96)",107,96
2013-11-01,66.01666666666667,23.3,25.9,25.1,26.5,23.6,24.4,25.5,24.4,24.9,21.8,24.9,27.2,23.9,24.5,26.4,"rgb(164,131,91)",124,91
2013-11-02,67.43333333333332,23.5,24.8,25.6,26.2,24.0,23.1,24.9,23.4,23.7,19.5,24.7,25.4,24.3,21.9,24.3,"rgb(152,49,103)",206,103
2013-11-03,64.91666666666667,22.6,25.1,26.0,27.0,22.5,21.9,24.2,24.0,24.1,20.3,25.0,26.0,24.4,22.9,24.9,"rgb(150,159,105)",96,105
2013-11-05,60.23333333333334,19.5,23.7,24.8,26.4,21.2,20.8,23.0,22.1,22.4,19.7,23.4,26.1,20.7,22.5,25.3,"rgb(168,137,87)",118,87
2013-11-06,57.55714285714286,22.4,24.0,24.800000000000004,26.4,22.4,21.5,23.0,23.300000000000004,23.4,19.0,24.0,26.2,23.2,23.300000000000004,25.1,"rgb(155,173,100)",82,100
2013-11-07,60.21666666666667,20.6,25.4,25.3,25.9,23.1,22.5,24.7,24.0,24.3,19.5,24.5,25.6,22.0,21.4,24.6,"rgb(158,164,97)",91,97
2013-11-08,61.58333333333334,23.4,25.6,25.8,26.7,25.2,24.6,25.8,24.2,24.3,19.7,24.9,26.5,23.8,22.5,25.5,"rgb(153,169,102)",86,102
2013-11-09,66.45,23.9,25.2,25.2,26.5,23.4,23.2,24.4,23.5,24.1,21.4,24.7,26.4,25.0,21.5,24.6,"rgb(157,169,98)",86,98
2013-11-10,61.46666666666667,24.2,25.6,26.0,26.7,24.4,24.1,25.1,24.4,24.6,21.2,25.0,27.1,25.4,23.7,26.2,"rgb(155,171,100)",84,100
2013-11-11,48.25,19.3,24.8,25.7,26.9,20.8,20.8,23.1,24.0,24.1,19.0,24.7,26.5,21.0,22.0,25.1,"rgb(163,144,92)",111,92
2013-11-12,61.6,18.2,23.800000000000004,23.7,25.300000000000004,20.6,20.0,22.7,22.800000000000004,22.9,18.8,23.1,24.9,19.3,20.2,23.4,"rgb(168,138,87)",117,87
2013-11-13,60.0,18.0,24.1,24.3,25.7,20.3,19.9,22.1,22.8,23.2,18.4,23.5,24.7,19.5,20.3,23.8,"rgb(166,141,89)",114,89
2013-11-14,61.48333333333334,20.0,23.4,23.5,25.4,22.5,22.1,22.7,22.3,23.1,19.1,22.7,25.4,21.1,21.5,24.2,"rgb(150,168,105)",87,105
2013-11-15,62.6,18.3,23.4,23.9,25.4,20.4,19.5,21.8,22.3,22.8,19.3,23.0,25.3,20.5,20.6,24.2,"rgb(155,167,100)",88,100
2013-11-16,63.3,17.599999999999994,21.8,22.7,25.1,19.3,18.1,20.3,20.7,21.2,18.4,21.5,25.4,20.0,20.6,24.3,"rgb(156,173,99)",82,99
2013-11-17,61.26666666666666,14.9,21.0,20.9,23.2,17.7,17.599999999999994,19.9,18.9,20.5,16.7,19.3,23.2,18.0,18.2,21.7,"rgb(162,172,93)",83,93
2013-11-19,62.03333333333333,12.5,19.3,19.2,21.1,16.900000000000002,15.9,17.8,16.400000000000002,18.5,13.2,17.599999999999994,21.1,16.400000000000002,15.9,19.3,"rgb(234,169,21)",86,21
2013-11-20,60.66666666666666,16.400000000000002,19.8,20.1,22.3,19.3,17.2,18.3,17.8,18.8,13.4,19.4,22.1,18.2,15.9,20.2,"rgb(202,170,53)",85,53
2013-11-21,54.55,17.599999999999994,21.6,21.7,23.800000000000004,20.4,18.3,20.5,19.1,20.9,15.7,20.3,23.1,18.7,17.5,21.4,"rgb(196,166,59)",89,59
2013-11-22,63.13333333333333,17.5,20.3,20.7,23.4,20.1,18.5,19.7,17.099999999999998,19.6,15.8,18.8,23.8,18.5,17.400000000000002,21.8,"rgb(191,170,64)",85,64
2013-11-23,60.04999999999999,21.1,21.3,22.5,23.7,23.0,20.8,21.2,19.0,20.5,18.3,20.0,24.6,21.3,19.6,23.2,"rgb(189,169,66)",86,66
2013-11-24,56.15714285714285,21.7,21.800000000000004,23.2,24.6,20.5,19.6,21.4,20.5,20.9,18.4,21.6,25.800000000000004,22.0,21.7,24.4,"rgb(185,107,70)",148,70
2013-11-25,66.0,14.4,19.3,21.0,23.3,16.6,15.5,17.7,18.3,18.5,16.4,19.3,22.8,17.7,17.8,21.2,"rgb(209,66,46)",189,46
2013-11-26,62.26666666666667,16.099999999999998,20.7,21.0,23.2,18.6,18.0,19.5,19.0,19.2,14.9,20.2,21.9,17.900000000000006,17.7,20.5,"rgb(178,173,77)",82,77
2013-11-27,58.1,17.0,20.3,21.3,23.1,18.2,17.400000000000002,19.4,18.5,19.6,14.5,20.0,23.2,19.7,19.0,21.9,"rgb(164,175,91)",80,91
2013-11-28,55.84285714285714,10.7,15.5,16.400000000000002,18.8,12.5,11.400000000000002,13.8,14.099999999999998,14.900000000000002,11.599999999999998,15.3,20.4,14.2,14.400000000000002,18.3,"rgb(253,158,2)",97,2
2013-11-29,58.81428571428571,9.5,14.8,15.7,18.1,12.599999999999998,11.400000000000002,13.400000000000002,12.5,14.3,9.7,14.2,18.3,13.900000000000002,12.900000000000002,15.900000000000002,"rgb(249,162,6)",93,6
2013-11-30,58.328571428571436,12.099999999999998,15.8,16.400000000000002,18.7,15.7,13.8,14.8,13.599999999999998,14.900000000000002,10.900000000000002,14.7,19.7,15.5,15.0,18.1,"rgb(234,169,21)",86,21
2013-12-01,60.7,12.9,16.8,18.1,20.0,15.6,14.5,15.7,14.5,16.3,12.5,16.2,20.8,16.900000000000002,15.3,19.1,"rgb(237,166,18)",89,18
2013-12-02,51.6,12.5,17.3,18.3,20.5,16.7,15.5,16.5,14.9,16.8,14.0,16.2,21.2,16.5,16.2,19.5,"rgb(234,168,21)",87,21
2013-12-03,58.01666666666666,13.5,17.3,18.9,20.7,16.400000000000002,15.6,15.8,14.9,16.599999999999998,13.1,16.599999999999998,20.9,16.7,15.6,19.0,"rgb(213,173,42)",82,42
2013-12-04,55.3,13.2,17.3,18.4,20.2,15.8,15.9,16.5,14.1,16.6,12.3,16.0,20.8,17.9,15.9,19.3,"rgb(207,175,48)",80,48
2013-12-05,57.15,14.4,17.2,18.7,20.5,18.2,17.7,17.5,14.2,16.400000000000002,12.5,15.6,21.9,18.5,16.7,20.1,"rgb(201,174,54)",81,54
2013-12-06,54.78333333333334,15.3,19.6,19.8,21.8,18.0,16.400000000000002,17.900000000000006,16.0,18.4,14.2,17.7,22.0,18.4,16.900000000000002,20.7,"rgb(197,175,58)",80,58
2013-12-07,52.42857142857143,17.099999999999998,21.800000000000004,21.6,22.800000000000004,20.0,19.3,20.6,19.3,20.9,16.400000000000002,20.2,22.9,18.3,18.3,21.2,"rgb(194,170,61)",85,61
2013-12-08,51.914285714285704,19.4,21.4,22.1,22.9,21.800000000000004,20.1,21.1,19.1,20.8,16.8,20.8,22.6,19.4,20.0,22.4,"rgb(191,125,64)",130,64
2013-12-09,55.0,18.1,21.4,22.7,24.5,19.5,18.5,20.6,19.7,21.4,16.9,21.9,24.5,21.0,20.5,23.4,"rgb(141,148,114)",107,114
2013-12-10,52.28571428571429,12.8,17.7,19.4,22.1,15.099999999999998,13.599999999999998,15.900000000000002,16.599999999999998,17.0,15.5,18.3,21.2,15.7,14.900000000000002,18.8,"rgb(203,166,52)",89,52
2013-12-11,54.457142857142856,12.900000000000002,17.0,17.7,20.7,15.2,13.8,16.0,14.8,16.400000000000002,13.099999999999998,16.7,21.1,15.400000000000002,14.5,18.1,"rgb(206,169,49)",86,49
2013-12-12,54.56249999999999,14.3,18.2,18.9,21.3,16.5,15.2,16.8,16.8,17.7,14.599999999999998,18.2,21.3,15.5,15.099999999999998,18.3,"rgb(203,171,52)",84,52
2013-12-13,54.5125,15.5,19.2,20.9,23.1,17.400000000000002,16.2,18.2,17.599999999999994,18.4,16.5,19.7,23.1,17.599999999999994,18.4,21.4,"rgb(198,174,57)",81,57
2013-12-14,54.49999999999999,17.7,20.6,20.4,21.6,18.7,18.6,19.8,19.7,19.8,17.3,20.3,23.5,18.7,18.5,21.4,"rgb(169,133,86)",122,86
2013-12-15,52.93333333333334,18.0,20.5,21.4,22.9,18.5,18.0,19.5,19.6,19.6,16.7,20.6,24.2,19.3,19.1,21.4,"rgb(165,129,90)",126,90
2013-12-16,42.5,18.6,20.4,21.5,23.0,18.6,17.8,18.9,20.0,19.6,17.9,20.6,25.3,21.0,21.3,23.4,"rgb(182,51,73)",204,73
2013-12-17,48.23333333333334,15.1,16.5,16.8,18.7,14.9,13.8,15.4,15.1,15.5,14.7,16.3,21.4,17.8,18.4,21.4,"rgb(189,37,66)",218,66
2013-12-18,45.46,12.2,15.2,16.4,17.6,13.1,11.3,13.7,13.9,14.8,9.7,15.5,18.6,16.1,15.6,18.5,"rgb(210,66,45)",189,45
2013-12-19,47.6875,10.8,14.099999999999998,14.5,16.099999999999998,12.3,10.5,12.8,12.8,13.7,9.1,13.900000000000002,18.7,14.099999999999998,14.599999999999998,17.7,"rgb(255,153,0)",102,0
2013-12-20,49.9,10.5,14.7,14.9,17.8,12.5,11.4,13.7,13.3,14.0,10.5,14.3,19.2,12.7,13.7,16.8,"rgb(252,154,3)",101,3
2013-12-21,54.085714285714296,10.5,14.099999999999998,15.2,18.0,11.8,10.7,12.8,13.3,13.599999999999998,11.099999999999998,14.3,19.9,12.7,14.2,17.2,"rgb(250,156,5)",99,5
2013-12-22,52.1625,11.7,15.5,15.8,18.0,14.0,12.7,14.599999999999998,14.099999999999998,14.900000000000002,13.099999999999998,15.2,20.3,13.599999999999998,15.0,18.0,"rgb(248,159,7)",96,7
2013-12-23,52.0,13.4,17.5,17.5,20.0,14.3,14.1,15.9,16.1,16.5,13.5,16.8,21.6,15.0,16.1,19.7,"rgb(247,148,8)",107,8
2013-12-24,53.1,12.5,16.3,16.7,19.5,13.400000000000002,12.8,14.900000000000002,15.400000000000002,15.5,13.7,16.2,20.9,14.400000000000002,16.2,19.6,"rgb(179,132,76)",123,76
2013-12-25,52.18571428571428,14.3,17.2,17.5,19.4,14.599999999999998,14.0,15.8,15.900000000000002,16.599999999999998,13.3,17.0,21.5,16.0,17.400000000000002,20.0,"rgb(175,135,80)",120,80
2013-12-26,52.52857142857143,12.3,15.599999999999998,16.3,18.2,13.0,11.7,13.7,14.2,14.900000000000002,11.0,15.400000000000002,20.2,15.2,15.7,19.7,"rgb(215,71,40)",184,40
2013-12-27,54.02857142857143,7.899999999999999,12.099999999999998,12.7,15.099999999999998,10.2,8.5,10.8,10.5,11.5,7.6,11.8,16.400000000000002,11.2,11.0,14.599999999999998,"rgb(251,161,4)",94,4
2013-12-28,56.457142857142856,9.3,13.2,12.900000000000002,15.5,11.5,10.900000000000002,11.900000000000002,10.900000000000002,12.5,9.3,12.3,18.1,12.5,12.5,15.8,"rgb(245,164,10)",91,10
2013-12-29,54.7125,9.3,13.0,14.099999999999998,16.8,11.0,9.6,11.5,11.8,12.400000000000002,9.7,13.3,18.8,11.8,12.5,16.0,"rgb(247,163,8)",92,8
2013-12-30,55.0,11.9,15.3,15.9,18.6,13.9,12.5,13.7,13.8,14.9,11.7,15.3,20.3,14.2,15.7,18.9,"rgb(227,168,28)",87,28
2013-12-31,57.16666666666666,13.3,16.7,17.0,19.5,15.5,14.5,15.4,15.3,16.2,13.5,16.3,21.4,16.099999999999998,16.099999999999998,19.4,"rgb(218,171,37)",84,37
