平均價,交易量,DateTime
14.8375,87122.0,2012-01-01
13.0,2300.0,2012-01-02
16.025,107689.0,2012-01-03
15.0,94381.0,2012-01-04
14.928571428571429,122073.0,2012-01-05
15.22857142857143,123611.0,2012-01-06
15.942857142857141,147051.0,2012-01-07
16.35,126781.0,2012-01-08
15.914285714285715,82188.0,2012-01-10
17.2,70193.0,2012-01-11
17.17142857142857,70492.0,2012-01-12
17.85,89730.0,2012-01-13
18.228571428571428,100071.0,2012-01-14
17.54285714285714,83065.0,2012-01-15
18.0,3560.0,2012-01-16
16.67142857142857,120091.0,2012-01-17
17.0,96008.0,2012-01-18
15.975000000000001,175975.0,2012-01-19
14.825000000000001,147990.0,2012-01-20
15.199999999999998,89812.0,2012-01-21
17.414285714285715,31710.0,2012-01-22
20.966666666666665,77937.0,2012-01-28
21.585714285714285,88558.0,2012-01-29
20.883333333333336,92649.0,2012-01-30
22.066666666666666,15411.0,2012-01-31
19.871428571428574,89475.0,2012-02-01
18.966666666666665,56298.0,2012-02-02
19.928571428571427,69385.0,2012-02-03
20.057142857142857,113087.0,2012-02-04
20.375,117599.0,2012-02-05
23.916666666666668,40473.0,2012-02-06
20.0,1460.0,2012-02-08
24.53333333333333,49814.0,2012-02-09
25.400000000000002,59795.0,2012-02-10
25.028571428571432,119647.0,2012-02-11
23.028571428571432,121523.0,2012-02-12
22.0,1940.0,2012-02-13
21.7625,119551.0,2012-02-14
21.157142857142855,84454.0,2012-02-15
20.87142857142857,66169.0,2012-02-16
21.4625,62831.0,2012-02-17
22.6875,81820.0,2012-02-18
23.185714285714287,95962.0,2012-02-19
18.0,2050.0,2012-02-20
21.75,226947.0,2012-02-21
23.0125,121812.0,2012-02-22
25.14285714285714,44015.0,2012-02-23
22.925,69225.0,2012-02-24
21.025000000000002,100629.0,2012-02-25
20.133333333333333,102271.0,2012-02-26
20.0,1980.0,2012-02-27
19.049999999999997,154224.0,2012-02-28
19.225,106515.0,2012-02-29
19.7125,104989.0,2012-03-01
19.525,121252.0,2012-03-02
20.175,138523.0,2012-03-03
20.6,104216.0,2012-03-04
18.4,5632.0,2012-03-05
20.487499999999997,272048.0,2012-03-06
21.337500000000002,167489.0,2012-03-07
21.45,96521.0,2012-03-08
19.950000000000003,93029.0,2012-03-09
20.342857142857138,137400.0,2012-03-10
20.88571428571429,95803.0,2012-03-11
16.0,3400.0,2012-03-12
21.157142857142862,112509.0,2012-03-13
22.02857142857143,83668.0,2012-03-14
21.88571428571429,125133.0,2012-03-15
21.58571428571429,133763.0,2012-03-16
21.414285714285715,134004.0,2012-03-17
21.871428571428567,101544.0,2012-03-18
20.0,6224.0,2012-03-19
21.4,271695.0,2012-03-20
20.725,266811.0,2012-03-21
19.928571428571427,218177.0,2012-03-22
20.650000000000002,159035.0,2012-03-23
20.971428571428568,132287.0,2012-03-24
20.757142857142856,112524.0,2012-03-25
18.0,2800.0,2012-03-26
19.8,174575.0,2012-03-27
20.837500000000002,147476.0,2012-03-28
17.314285714285717,128937.0,2012-03-29
19.633333333333336,143224.0,2012-03-30
20.557142857142857,163385.0,2012-03-31
20.7,154725.0,2012-04-01
18.400000000000002,145227.0,2012-04-02
22.128571428571426,278554.0,2012-04-03
25.8,7328.0,2012-04-04
20.0,2180.0,2012-04-05
22.139999999999997,247658.0,2012-04-06
21.3,219957.0,2012-04-07
20.8,184051.0,2012-04-08
18.0,4280.0,2012-04-09
18.91428571428571,294264.0,2012-04-10
17.685714285714287,225875.0,2012-04-11
17.3375,219573.0,2012-04-12
16.974999999999998,203848.0,2012-04-13
16.1625,226874.0,2012-04-14
15.25,193317.0,2012-04-15
13.0,6250.0,2012-04-16
16.174999999999997,241983.0,2012-04-17
16.0375,181489.0,2012-04-18
16.5,232583.0,2012-04-19
17.242857142857144,263412.0,2012-04-20
17.77142857142857,226723.0,2012-04-21
19.63333333333333,134749.0,2012-04-22
13.0,3620.0,2012-04-23
17.7625,237522.0,2012-04-24
18.15714285714286,200247.0,2012-04-25
16.85,219338.0,2012-04-26
16.414285714285715,166081.0,2012-04-27
16.7,196559.0,2012-04-28
17.314285714285713,192562.0,2012-04-29
12.0,2688.0,2012-04-30
17.45714285714286,218709.0,2012-05-01
18.150000000000002,191164.0,2012-05-02
17.025,289720.0,2012-05-03
17.714285714285715,348526.0,2012-05-04
17.5,243319.0,2012-05-05
18.599999999999998,186893.0,2012-05-06
17.0,3386.0,2012-05-07
17.583333333333332,276636.0,2012-05-08
17.6375,208419.0,2012-05-09
16.228571428571428,215286.0,2012-05-10
16.314285714285713,203317.0,2012-05-11
16.271428571428572,212799.0,2012-05-12
16.514285714285712,152860.0,2012-05-13
14.0,3250.0,2012-05-14
16.857142857142858,254566.0,2012-05-15
16.5,194357.0,2012-05-16
16.385714285714286,188319.0,2012-05-17
16.4,191918.0,2012-05-18
16.12857142857143,236093.0,2012-05-19
17.983333333333334,235173.0,2012-05-20
13.0,2800.0,2012-05-21
18.45,216325.0,2012-05-22
16.066666666666666,200924.0,2012-05-23
15.028571428571427,230343.0,2012-05-24
14.485714285714286,207543.0,2012-05-25
14.228571428571428,226262.0,2012-05-26
15.199999999999998,158685.0,2012-05-27
12.0,4100.0,2012-05-28
14.271428571428572,210411.0,2012-05-29
14.585714285714287,148427.0,2012-05-30
14.683333333333335,144804.0,2012-05-31
14.828571428571427,169158.0,2012-06-01
16.457142857142856,206765.0,2012-06-02
17.749999999999996,235897.0,2012-06-03
15.0,2300.0,2012-06-04
17.583333333333332,204690.0,2012-06-05
16.985714285714288,107358.0,2012-06-06
17.814285714285717,107682.0,2012-06-07
18.428571428571427,123564.0,2012-06-08
20.48333333333333,139751.0,2012-06-09
19.557142857142857,118530.0,2012-06-10
15.0,3300.0,2012-06-11
20.67142857142857,88688.0,2012-06-12
20.4,86115.0,2012-06-13
21.45,101610.0,2012-06-14
20.5375,146050.0,2012-06-15
19.650000000000002,136298.0,2012-06-16
19.016666666666666,203736.0,2012-06-17
18.7,15382.0,2012-06-18
20.014285714285712,199540.0,2012-06-19
20.1875,99601.0,2012-06-20
21.599999999999998,55970.0,2012-06-21
23.616666666666664,84065.0,2012-06-22
23.1,106891.0,2012-06-23
20.0,3000.0,2012-06-25
22.099999999999998,137804.0,2012-06-26
23.185714285714287,90658.0,2012-06-27
24.349999999999998,73748.0,2012-06-28
26.72857142857143,69280.0,2012-06-29
28.242857142857144,62623.0,2012-06-30
39.78333333333334,83473.0,2012-07-01
32.3,9565.0,2012-07-02
38.32857142857143,130654.0,2012-07-03
41.53333333333333,51376.0,2012-07-04
45.48333333333333,31259.0,2012-07-05
45.32857142857142,52550.0,2012-07-06
42.79999999999999,68475.0,2012-07-07
44.06666666666666,59207.0,2012-07-08
42.0,3400.0,2012-07-09
43.285714285714285,95362.0,2012-07-10
44.65,52734.0,2012-07-11
43.471428571428575,57270.0,2012-07-12
44.166666666666664,44214.0,2012-07-13
44.714285714285715,52566.0,2012-07-14
48.300000000000004,43416.0,2012-07-15
42.0,3700.0,2012-07-16
47.92857142857143,91216.0,2012-07-17
49.63333333333333,96617.0,2012-07-18
49.057142857142864,69660.0,2012-07-19
49.6,40000.0,2012-07-20
49.3,34763.0,2012-07-21
48.214285714285715,39307.0,2012-07-22
42.0,3200.0,2012-07-23
45.5,95800.0,2012-07-24
41.557142857142864,80668.0,2012-07-25
41.46666666666667,51411.0,2012-07-26
41.457142857142856,58494.0,2012-07-27
42.25714285714286,67383.0,2012-07-28
41.957142857142856,48203.0,2012-07-29
38.0,4400.0,2012-07-30
41.2,123072.0,2012-07-31
40.228571428571435,126578.0,2012-08-01
35.13333333333333,67562.0,2012-08-02
48.7,11513.0,2012-08-03
44.385714285714286,45680.0,2012-08-04
45.949999999999996,47863.0,2012-08-05
40.0,3400.0,2012-08-06
41.35714285714287,125863.0,2012-08-07
39.57142857142857,75794.0,2012-08-08
38.7,75812.0,2012-08-09
38.971428571428575,58969.0,2012-08-10
39.199999999999996,75464.0,2012-08-11
40.74285714285714,55510.0,2012-08-12
36.0,3600.0,2012-08-13
41.10000000000001,105289.0,2012-08-14
41.35714285714285,117773.0,2012-08-15
42.21666666666667,122175.0,2012-08-16
43.84285714285715,75965.0,2012-08-17
47.64,41469.0,2012-08-18
47.6,40682.0,2012-08-19
42.0,3700.0,2012-08-20
45.08571428571428,124947.0,2012-08-21
43.63333333333333,108694.0,2012-08-22
40.92857142857143,98425.0,2012-08-23
41.42857142857143,64242.0,2012-08-24
41.15714285714286,51937.0,2012-08-25
48.44,39503.0,2012-08-26
41.0,3400.0,2012-08-27
45.449999999999996,118301.0,2012-08-28
44.61666666666667,86432.0,2012-08-29
47.883333333333326,112725.0,2012-08-30
51.6,61144.0,2012-08-31
57.275,31720.0,2012-09-01
59.56,31719.0,2012-09-02
47.4,5346.0,2012-09-03
45.2,8412.0,2012-09-04
47.44285714285714,139480.0,2012-09-05
45.300000000000004,79608.0,2012-09-06
46.93333333333333,53671.0,2012-09-07
46.07142857142858,74066.0,2012-09-08
46.88333333333333,52873.0,2012-09-09
40.0,4200.0,2012-09-10
47.13333333333333,77543.0,2012-09-11
47.685714285714276,57665.0,2012-09-12
48.885714285714286,78742.0,2012-09-13
46.92857142857143,113861.0,2012-09-14
48.85,103509.0,2012-09-15
49.06666666666666,57652.0,2012-09-16
49.85,59490.0,2012-09-18
48.56666666666667,53901.0,2012-09-19
48.028571428571425,67730.0,2012-09-20
46.333333333333336,88882.0,2012-09-21
43.04285714285714,113411.0,2012-09-22
40.857142857142854,75778.0,2012-09-23
42.0,3800.0,2012-09-24
40.98571428571428,107008.0,2012-09-25
40.03333333333333,71290.0,2012-09-26
39.03333333333334,86850.0,2012-09-27
37.48571428571429,119312.0,2012-09-28
38.050000000000004,116783.0,2012-09-29
35.58571428571428,59804.0,2012-09-30
32.0,3400.0,2012-10-02
36.028571428571425,126952.0,2012-10-03
34.5125,100107.0,2012-10-04
33.82857142857143,115677.0,2012-10-05
31.225,125070.0,2012-10-06
30.837500000000006,89744.0,2012-10-07
30.0,3500.0,2012-10-08
31.9875,135835.0,2012-10-09
29.65,105771.0,2012-10-10
29.442857142857143,108738.0,2012-10-11
29.4,119562.0,2012-10-12
29.2625,155569.0,2012-10-13
30.3,162159.0,2012-10-14
26.0,3400.0,2012-10-15
30.97142857142857,114815.5,2012-10-16
28.925,87379.0,2012-10-17
29.3875,100022.0,2012-10-18
29.914285714285715,117841.0,2012-10-19
29.17142857142857,133635.0,2012-10-20
29.450000000000003,126257.0,2012-10-21
27.0,3500.0,2012-10-22
30.0875,127593.0,2012-10-23
31.300000000000004,78651.0,2012-10-24
32.05,80471.0,2012-10-25
32.53333333333333,112537.0,2012-10-26
34.68333333333333,149416.0,2012-10-27
35.98333333333333,158075.0,2012-10-28
34.0,2400.0,2012-10-29
34.4,146298.0,2012-10-30
33.4625,81907.0,2012-10-31
32.91428571428571,95139.0,2012-11-01
33.925,102904.0,2012-11-02
35.51428571428571,116426.0,2012-11-03
35.91428571428572,101378.0,2012-11-04
36.0,3200.0,2012-11-05
34.46666666666667,123923.0,2012-11-06
34.03333333333333,92347.0,2012-11-07
33.27142857142858,90852.0,2012-11-08
34.48571428571428,84318.0,2012-11-09
34.91428571428572,102669.0,2012-11-10
36.02857142857143,91301.0,2012-11-11
36.0,1600.0,2012-11-12
38.41428571428571,174041.5,2012-11-13
39.02857142857143,114271.0,2012-11-14
39.96666666666666,60285.0,2012-11-15
39.62857142857143,59644.0,2012-11-16
41.08571428571429,74084.0,2012-11-17
42.47142857142857,52346.0,2012-11-18
45.0,1100.0,2012-11-19
43.542857142857144,85157.0,2012-11-20
42.471428571428575,84207.0,2012-11-21
42.5,69800.0,2012-11-22
41.24285714285715,50034.0,2012-11-23
41.1,58855.0,2012-11-24
43.43333333333334,50607.0,2012-11-25
44.0,1050.0,2012-11-26
45.785714285714285,138059.0,2012-11-27
49.32857142857142,57445.0,2012-11-28
52.73333333333334,28339.0,2012-11-29
53.5,41748.0,2012-11-30
51.08571428571428,43036.0,2012-12-01
51.228571428571435,39444.0,2012-12-02
52.0,1000.0,2012-12-03
50.457142857142856,73145.0,2012-12-04
50.25714285714285,38737.0,2012-12-05
51.228571428571435,28982.0,2012-12-06
54.57142857142857,27367.0,2012-12-07
55.25,29277.0,2012-12-08
57.800000000000004,20227.0,2012-12-09
55.0,1300.0,2012-12-10
60.84285714285715,44783.0,2012-12-11
62.042857142857144,52017.0,2012-12-12
61.86666666666667,29742.0,2012-12-13
62.17999999999999,13540.0,2012-12-14
68.91666666666667,18597.0,2012-12-15
65.03333333333335,25870.0,2012-12-16
66.0,1200.0,2012-12-17
59.457142857142856,78660.0,2012-12-18
53.18333333333334,51363.0,2012-12-19
48.81428571428571,51786.0,2012-12-20
48.333333333333336,46465.0,2012-12-21
42.28,47418.0,2012-12-22
43.833333333333336,26980.0,2012-12-23
50.0,880.0,2012-12-24
45.28333333333333,71054.0,2012-12-25
44.81428571428571,100331.0,2012-12-26
39.833333333333336,72554.0,2012-12-27
38.85,49160.0,2012-12-28
36.885714285714286,48467.0,2012-12-29
34.800000000000004,36599.0,2012-12-30
38.0,1750.0,2012-12-31
34.885714285714286,40051.0,2013-01-01
32.949999999999996,48541.0,2013-01-02
31.228571428571428,79560.0,2013-01-03
26.58571428571429,84864.0,2013-01-04
25.199999999999996,87435.0,2013-01-05
23.53333333333333,51894.0,2013-01-06
20.0,3200.0,2013-01-07
24.142857142857142,98436.0,2013-01-08
23.6,97199.0,2013-01-09
23.45714285714286,115000.0,2013-01-10
22.41428571428571,144559.0,2013-01-11
21.0125,101709.0,2013-01-12
21.600000000000005,55799.0,2013-01-13
17.0,2200.0,2013-01-14
20.383333333333336,84552.0,2013-01-15
21.057142857142853,82937.0,2013-01-16
20.071428571428573,98364.0,2013-01-17
20.057142857142857,76197.0,2013-01-18
18.5,101375.0,2013-01-19
17.779999999999998,75759.0,2013-01-20
17.0,2400.0,2013-01-21
18.166666666666664,98820.0,2013-01-22
19.02857142857143,87683.0,2013-01-23
19.133333333333336,138112.0,2013-01-24
18.12857142857143,171333.0,2013-01-25
17.77142857142857,145155.0,2013-01-26
17.62,78662.0,2013-01-27
17.0,2500.0,2013-01-28
17.557142857142857,111496.0,2013-01-29
17.516666666666666,95059.0,2013-01-30
16.87142857142857,110192.0,2013-01-31
16.05,100750.0,2013-02-01
15.985714285714284,130811.0,2013-02-02
15.983333333333334,107760.0,2013-02-03
18.7,6832.0,2013-02-04
15.671428571428569,193741.0,2013-02-05
14.62857142857143,205634.0,2013-02-06
13.87142857142857,191933.0,2013-02-07
14.557142857142859,162364.0,2013-02-08
15.099999999999998,59690.0,2013-02-09
14.200000000000001,256735.0,2013-02-15
14.242857142857144,231831.0,2013-02-16
13.071428571428571,236428.0,2013-02-17
13.0,1400.0,2013-02-18
13.587499999999999,145058.0,2013-02-19
14.974999999999998,80251.0,2013-02-20
14.387500000000001,123759.0,2013-02-21
13.775000000000002,195994.0,2013-02-22
14.224999999999998,226724.0,2013-02-23
15.275,125335.0,2013-02-24
14.8,9440.0,2013-02-26
15.3375,129696.0,2013-02-27
17.8,106364.0,2013-02-28
19.87142857142857,114173.0,2013-03-01
19.785714285714285,146242.0,2013-03-02
19.7,111651.0,2013-03-03
17.0,2500.0,2013-03-04
20.12857142857143,121989.0,2013-03-05
20.457142857142856,108922.0,2013-03-06
22.199999999999996,88053.0,2013-03-07
23.214285714285715,109260.0,2013-03-08
24.38571428571429,147146.0,2013-03-09
25.057142857142857,161567.0,2013-03-10
24.95,6121.0,2013-03-11
26.214285714285715,189469.0,2013-03-12
27.900000000000002,91906.0,2013-03-13
28.542857142857144,69443.0,2013-03-14
28.25714285714286,101027.0,2013-03-15
27.671428571428574,134648.0,2013-03-16
26.385714285714283,114275.0,2013-03-17
24.0,1600.0,2013-03-18
26.525000000000002,136042.0,2013-03-19
27.325000000000003,109134.0,2013-03-20
27.099999999999998,96500.0,2013-03-21
28.37142857142857,96218.0,2013-03-22
27.600000000000005,146361.0,2013-03-23
28.450000000000003,168450.5,2013-03-24
27.75,5159.0,2013-03-25
29.5375,207837.0,2013-03-26
28.85714285714286,105422.0,2013-03-27
28.7125,79170.0,2013-03-28
29.171428571428574,100013.0,2013-03-29
31.9875,114879.0,2013-03-30
31.099999999999998,97662.0,2013-03-31
36.45,3985.0,2013-04-01
33.22857142857143,153487.0,2013-04-02
34.77142857142858,167665.0,2013-04-03
38.0,1800.0,2013-04-05
38.05714285714286,95578.0,2013-04-06
39.92857142857143,61551.0,2013-04-07
42.0,1800.0,2013-04-08
37.62857142857143,251338.0,2013-04-09
34.9,167830.0,2013-04-10
31.866666666666664,93661.0,2013-04-11
32.4625,61844.0,2013-04-12
32.86666666666667,76118.0,2013-04-13
31.5625,74032.0,2013-04-14
30.0,3000.0,2013-04-15
29.575000000000003,162784.5,2013-04-16
27.05,136836.0,2013-04-17
23.8625,130723.0,2013-04-18
22.612500000000004,142297.0,2013-04-19
21.5625,150866.0,2013-04-20
20.775,113397.0,2013-04-21
23.0,5400.0,2013-04-22
22.6625,298125.0,2013-04-23
23.78571428571429,189921.0,2013-04-24
23.9,116640.0,2013-04-25
23.87142857142857,77458.0,2013-04-26
24.871428571428574,118558.0,2013-04-27
25.125,98347.0,2013-04-28
22.0,4500.0,2013-04-29
25.675,206872.0,2013-04-30
23.411111111111108,162883.0,2013-05-01
24.211111111111112,128830.0,2013-05-02
24.166666666666668,115581.0,2013-05-03
24.51111111111111,104360.0,2013-05-04
26.1375,96152.0,2013-05-05
25.0,4800.0,2013-05-06
27.3,188701.0,2013-05-07
27.037499999999998,191871.0,2013-05-08
28.237499999999997,195844.0,2013-05-09
28.5625,135639.0,2013-05-10
31.400000000000002,103107.0,2013-05-11
29.049999999999997,93383.0,2013-05-12
29.0,3000.0,2013-05-13
29.599999999999998,149837.0,2013-05-14
29.462500000000002,123910.0,2013-05-15
27.5,136773.0,2013-05-16
27.625000000000004,133296.0,2013-05-17
29.574999999999996,115266.0,2013-05-18
28.144444444444442,103767.0,2013-05-19
27.0,4000.0,2013-05-20
28.7125,139955.0,2013-05-21
29.377777777777776,162557.0,2013-05-22
29.08888888888889,208518.0,2013-05-23
31.185714285714287,138192.0,2013-05-24
29.661428571428576,122033.0,2013-05-25
29.21111111111111,93075.0,2013-05-26
30.0,3500.0,2013-05-27
29.72222222222222,156117.0,2013-05-28
28.299999999999997,108866.0,2013-05-29
27.111111111111107,120935.0,2013-05-30
26.822222222222223,102877.0,2013-05-31
26.41111111111111,121350.0,2013-06-01
26.5,90044.0,2013-06-02
27.0,2500.0,2013-06-03
26.6375,121125.0,2013-06-04
27.322222222222223,87131.0,2013-06-05
28.677777777777774,121330.0,2013-06-06
30.166666666666668,143113.0,2013-06-07
30.066666666666663,120772.0,2013-06-08
32.47777777777778,62781.0,2013-06-09
30.3,8625.0,2013-06-10
32.8,140252.0,2013-06-11
32.725,94915.0,2013-06-12
35.0,1600.0,2013-06-14
30.033333333333335,178247.0,2013-06-15
27.522222222222222,107833.0,2013-06-16
32.0,2200.0,2013-06-17
25.04444444444444,157783.0,2013-06-18
24.944444444444446,91131.0,2013-06-19
24.9375,114950.0,2013-06-20
26.800000000000004,134960.5,2013-06-21
26.8125,130061.0,2013-06-22
27.757142857142856,61728.0,2013-06-23
25.0,3500.0,2013-06-24
25.7375,115641.0,2013-06-25
24.970000000000002,89036.0,2013-06-26
24.055555555555557,94733.0,2013-06-27
22.187499999999996,132273.0,2013-06-28
21.1375,137139.0,2013-06-29
19.849999999999998,110239.0,2013-06-30
20.0,3000.0,2013-07-01
19.39,131949.0,2013-07-02
18.87777777777778,96074.0,2013-07-03
19.255555555555556,98768.0,2013-07-04
19.11,116647.0,2013-07-05
19.77,164167.0,2013-07-06
20.029999999999998,182711.0,2013-07-07
19.85,5634.0,2013-07-08
20.1875,122135.0,2013-07-09
21.688888888888886,84320.0,2013-07-10
20.799999999999997,108020.0,2013-07-11
20.933333333333334,157322.0,2013-07-12
18.557142857142857,113483.0,2013-07-13
19.575,101337.0,2013-07-14
17.0,3000.0,2013-07-15
18.666666666666668,163817.0,2013-07-16
19.1,123500.0,2013-07-17
19.855555555555558,121136.0,2013-07-18
18.910000000000004,128331.0,2013-07-19
20.200000000000003,144032.0,2013-07-20
22.150000000000002,188171.0,2013-07-21
20.95,5950.0,2013-07-22
20.700000000000003,140823.0,2013-07-23
22.222222222222218,90050.0,2013-07-24
24.01111111111111,97901.0,2013-07-25
24.57777777777778,113528.0,2013-07-26
25.077777777777776,131305.0,2013-07-27
24.922222222222224,121210.0,2013-07-28
20.0,3400.0,2013-07-29
23.75,156934.0,2013-07-30
23.055555555555554,125884.0,2013-07-31
24.011111111111113,96055.0,2013-08-01
24.188888888888886,105398.0,2013-08-02
24.644444444444446,141248.0,2013-08-03
25.08888888888889,144493.0,2013-08-04
24.0,4200.0,2013-08-05
25.46666666666667,261317.0,2013-08-06
25.422222222222224,180573.0,2013-08-07
26.6875,100973.0,2013-08-08
25.755555555555556,95141.0,2013-08-09
26.544444444444444,139307.0,2013-08-10
24.759999999999998,117985.0,2013-08-11
24.0,3500.0,2013-08-12
25.766666666666666,217427.0,2013-08-13
24.877777777777776,144205.0,2013-08-14
24.499999999999996,128484.0,2013-08-15
25.244444444444447,109657.0,2013-08-16
27.37777777777778,141585.0,2013-08-17
28.080000000000002,163947.0,2013-08-18
25.5,10659.0,2013-08-19
27.822222222222223,345530.0,2013-08-20
26.87777777777778,145244.0,2013-08-21
25.0,3000.0,2013-08-23
29.425,109229.0,2013-08-24
28.212500000000006,148119.0,2013-08-25
24.0,3200.0,2013-08-26
25.533333333333335,261020.0,2013-08-27
24.055555555555554,179672.0,2013-08-28
24.04444444444444,141096.0,2013-08-29
24.333333333333332,104749.0,2013-08-30
24.844444444444445,115895.0,2013-08-31
23.855555555555554,123830.0,2013-09-01
19.0,3200.0,2013-09-02
23.533333333333335,249356.0,2013-09-03
22.57,232237.0,2013-09-04
25.11111111111111,156220.0,2013-09-05
26.312500000000004,116599.0,2013-09-06
26.022222222222222,147819.0,2013-09-07
23.110000000000003,172132.0,2013-09-08
20.0,3800.0,2013-09-09
23.270000000000003,250661.0,2013-09-10
23.220000000000002,204361.0,2013-09-11
23.644444444444446,144217.0,2013-09-12
23.255555555555556,160996.0,2013-09-13
23.200000000000003,174590.0,2013-09-14
24.288888888888888,141092.0,2013-09-15
23.657142857142862,61073.0,2013-09-16
24.56666666666667,234449.0,2013-09-17
24.88888888888889,226579.0,2013-09-18
24.522222222222222,147500.0,2013-09-19
21.0,2800.0,2013-09-21
21.677777777777777,245491.0,2013-09-22
20.0,3800.0,2013-09-23
21.790000000000003,246121.0,2013-09-24
22.43,166137.0,2013-09-25
23.499999999999996,123826.0,2013-09-26
24.099999999999998,131096.0,2013-09-27
24.933333333333334,157873.0,2013-09-28
25.7625,118725.0,2013-09-29
21.0,2600.0,2013-09-30
25.58888888888889,168058.0,2013-10-01
28.311111111111114,119661.0,2013-10-02
30.766666666666666,144371.0,2013-10-03
35.13333333333333,184603.0,2013-10-04
36.58888888888889,135541.0,2013-10-05
37.037499999999994,66307.0,2013-10-06
40.0,3200.0,2013-10-07
40.211111111111116,106500.0,2013-10-08
40.12,106918.0,2013-10-09
39.955555555555556,110658.0,2013-10-10
39.279999999999994,127098.0,2013-10-11
39.0,125204.0,2013-10-12
40.44444444444444,83083.0,2013-10-13
42.0,2600.0,2013-10-14
42.04444444444445,107883.0,2013-10-15
49.455555555555556,89896.0,2013-10-17
52.34444444444444,123798.0,2013-10-18
51.62222222222223,99684.0,2013-10-19
50.5,51960.0,2013-10-20
55.0,2900.0,2013-10-21
54.622222222222234,71020.0,2013-10-22
55.74444444444444,72028.0,2013-10-23
54.91250000000001,64908.0,2013-10-24
52.36666666666667,71098.0,2013-10-25
53.24444444444444,78280.0,2013-10-26
54.12222222222223,46021.0,2013-10-27
55.0,1500.0,2013-10-28
56.077777777777776,65477.0,2013-10-29
58.14444444444445,35406.0,2013-10-30
59.06666666666667,48396.0,2013-10-31
60.15555555555555,78538.0,2013-11-01
59.620000000000005,106983.0,2013-11-02
60.833333333333336,67385.0,2013-11-03
58.63333333333334,74242.0,2013-11-05
58.4888888888889,62912.0,2013-11-06
55.31111111111111,67433.0,2013-11-07
53.13000000000001,83385.0,2013-11-08
50.440000000000005,97835.0,2013-11-09
51.699999999999996,62598.0,2013-11-10
65.0,2400.0,2013-11-11
49.65555555555556,93534.0,2013-11-12
50.00000000000001,53127.0,2013-11-13
51.44000000000001,70089.0,2013-11-14
49.95,120521.0,2013-11-15
48.42000000000001,184214.0,2013-11-16
49.78,103460.0,2013-11-17
50.300000000000004,64606.0,2013-11-19
51.775,48560.0,2013-11-20
51.47777777777778,50753.0,2013-11-21
50.55555555555556,74014.0,2013-11-22
51.288888888888884,94762.0,2013-11-23
48.8,57857.0,2013-11-24
58.0,2200.0,2013-11-25
50.93333333333334,85449.0,2013-11-26
49.422222222222224,69235.0,2013-11-27
47.144444444444446,77716.0,2013-11-28
46.03000000000001,74976.0,2013-11-29
47.75555555555556,98738.0,2013-11-30
46.91111111111111,102766.0,2013-12-01
49.35,4904.0,2013-12-02
47.08888888888889,89238.0,2013-12-03
52.4,32750.0,2013-12-04
49.98888888888889,42301.0,2013-12-05
52.24444444444444,53695.0,2013-12-06
51.41111111111111,68147.0,2013-12-07
50.51111111111111,68318.0,2013-12-08
55.0,2400.0,2013-12-09
49.25555555555556,119232.0,2013-12-10
47.55555555555556,82455.0,2013-12-11
46.26666666666667,86440.0,2013-12-12
44.82222222222222,98818.0,2013-12-13
43.355555555555554,115038.0,2013-12-14
40.94285714285714,127699.0,2013-12-15
48.8,4246.0,2013-12-16
37.51428571428572,135934.0,2013-12-17
31.971428571428568,85151.0,2013-12-18
31.542857142857144,56784.0,2013-12-19
31.5375,76629.0,2013-12-20
30.91111111111111,103450.0,2013-12-21
28.762500000000003,103103.0,2013-12-22
33.0,2500.0,2013-12-23
29.077777777777776,114322.0,2013-12-24
27.144444444444446,82319.0,2013-12-25
26.888888888888886,72091.0,2013-12-26
26.32222222222222,73063.0,2013-12-27
26.522222222222222,72261.0,2013-12-28
27.549999999999997,72145.0,2013-12-29
23.0,2000.0,2013-12-30
28.4875,155289.0,2013-12-31
29.377777777777776,89875.0,2014-01-01
29.825,56599.0,2014-01-02
30.65555555555555,54917.0,2014-01-03
31.833333333333332,73376.0,2014-01-04
32.06666666666667,66154.0,2014-01-05
33.0,2200.0,2014-01-06
29.944444444444443,144257.0,2014-01-07
28.71111111111111,95747.0,2014-01-08
28.355555555555554,72753.0,2014-01-09
27.733333333333334,71464.0,2014-01-10
29.022222222222222,86297.0,2014-01-11
29.477777777777774,68869.0,2014-01-12
26.0,2600.0,2014-01-13
31.022222222222222,158751.0,2014-01-14
33.05555555555556,84958.0,2014-01-15
35.5625,50740.0,2014-01-16
35.0,46148.0,2014-01-17
35.6888888888889,62428.0,2014-01-18
33.87777777777777,50352.0,2014-01-19
33.0,1900.0,2014-01-20
34.625,91822.0,2014-01-21
33.262499999999996,57578.0,2014-01-22
30.425,54294.0,2014-01-23
32.67777777777778,62827.0,2014-01-24
32.544444444444444,71013.0,2014-01-25
32.65555555555555,74187.0,2014-01-26
31.375,54549.0,2014-01-27
31.525,85542.0,2014-01-28
33.833333333333336,55926.0,2014-01-29
37.525,18843.0,2014-01-30
32.15,152730.0,2014-02-05
27.822222222222226,182515.0,2014-02-06
25.733333333333334,193624.0,2014-02-07
23.48888888888889,103812.0,2014-02-08
21.46666666666667,70543.0,2014-02-09
22.0,1900.0,2014-02-10
22.233333333333334,84998.0,2014-02-11
24.025000000000002,70884.0,2014-02-12
24.366666666666667,124225.0,2014-02-13
24.822222222222223,114344.0,2014-02-14
20.0,1300.0,2014-02-16
23.0,2000.0,2014-02-17
25.2625,102036.0,2014-02-18
25.224999999999998,64481.0,2014-02-19
25.577777777777776,56013.0,2014-02-20
27.822222222222223,56558.0,2014-02-21
29.766666666666666,67385.0,2014-02-22
30.788888888888884,60973.0,2014-02-23
25.0,1400.0,2014-02-24
31.744444444444444,101871.0,2014-02-25
33.455555555555556,67085.0,2014-02-26
34.599999999999994,84616.0,2014-02-27
36.63333333333333,116702.0,2014-02-28
38.32222222222222,89753.0,2014-03-01
41.65,47258.0,2014-03-02
33.0,2100.0,2014-03-03
40.166666666666664,102584.0,2014-03-04
38.833333333333336,78939.0,2014-03-05
37.04444444444445,91187.0,2014-03-06
33.65555555555556,133484.0,2014-03-07
31.27777777777778,131285.0,2014-03-08
30.38888888888889,100495.0,2014-03-09
32.0,2000.0,2014-03-10
30.911111111111115,106752.0,2014-03-11
30.911111111111115,83572.0,2014-03-12
30.555555555555557,132390.0,2014-03-13
31.299999999999997,169101.0,2014-03-14
31.41111111111111,130163.0,2014-03-15
31.171428571428574,84353.0,2014-03-16
34.0,2100.0,2014-03-17
31.6125,131356.0,2014-03-18
31.125,85101.0,2014-03-19
31.514285714285712,101951.0,2014-03-20
30.0125,121009.0,2014-03-21
29.7375,137003.0,2014-03-22
30.150000000000002,79269.0,2014-03-23
25.0,2400.0,2014-03-24
30.466666666666672,127639.0,2014-03-25
32.333333333333336,82824.0,2014-03-26
33.1,104181.0,2014-03-27
32.37777777777778,129842.0,2014-03-28
33.675000000000004,166252.0,2014-03-29
34.55,126339.0,2014-03-30
30.0,2100.0,2014-03-31
36.08888888888888,128781.0,2014-04-01
36.82222222222222,128824.0,2014-04-02
37.0,142318.0,2014-04-03
37.31111111111111,158266.0,2014-04-04
37.6,8140.0,2014-04-05
38.0,2000.0,2014-04-07
36.82222222222222,159099.0,2014-04-08
36.81111111111111,111529.0,2014-04-09
36.78888888888889,109328.0,2014-04-10
36.45555555555555,111781.0,2014-04-11
38.47777777777778,158399.0,2014-04-12
38.58888888888888,156337.0,2014-04-13
40.0,2200.0,2014-04-14
37.4,152376.0,2014-04-15
37.05555555555556,95789.0,2014-04-16
37.78888888888889,93450.0,2014-04-17
37.74444444444445,123529.0,2014-04-18
36.833333333333336,148335.0,2014-04-19
36.48888888888889,117100.0,2014-04-20
40.0,2300.0,2014-04-21
35.28888888888889,178051.0,2014-04-22
34.24444444444445,109179.0,2014-04-23
32.42,105294.0,2014-04-24
32.55555555555556,122177.0,2014-04-25
32.86666666666667,140521.0,2014-04-26
34.87777777777777,167226.0,2014-04-27
33.9,7339.0,2014-04-28
34.25555555555556,217756.0,2014-04-29
34.7625,117680.0,2014-04-30
33.730000000000004,98381.0,2014-05-01
34.53333333333333,114632.0,2014-05-02
34.522222222222226,145809.0,2014-05-03
32.67777777777778,143227.0,2014-05-04
23.0,2700.0,2014-05-05
30.82222222222222,206158.0,2014-05-06
30.266666666666666,107591.0,2014-05-07
30.811111111111106,104904.0,2014-05-08
30.633333333333333,135982.0,2014-05-09
30.322222222222226,159693.0,2014-05-10
31.5,165824.0,2014-05-11
32.45,6693.0,2014-05-12
30.12222222222222,268847.0,2014-05-13
29.375000000000004,141524.0,2014-05-14
27.733333333333334,97430.0,2014-05-15
27.11111111111111,121666.0,2014-05-16
26.58888888888889,170218.0,2014-05-17
25.466666666666665,142516.0,2014-05-18
17.0,3600.0,2014-05-19
23.633333333333333,198566.0,2014-05-20
21.577777777777776,127005.0,2014-05-21
20.466666666666672,102422.0,2014-05-22
21.388888888888886,107781.0,2014-05-23
22.288888888888888,141704.0,2014-05-24
23.51111111111111,105087.0,2014-05-25
20.0,3300.0,2014-05-26
23.51111111111111,225784.0,2014-05-27
25.84444444444445,187930.0,2014-05-28
24.38888888888889,145831.0,2014-05-29
23.61111111111111,118550.0,2014-05-30
24.11111111111111,127738.0,2014-05-31
24.022222222222226,114151.0,2014-06-01
26.083333333333332,79519.5,2014-06-02
20.0,2900.0,2014-06-04
23.933333333333334,154821.0,2014-06-05
22.91111111111111,134281.0,2014-06-06
22.799999999999997,129791.0,2014-06-07
22.822222222222223,99291.0,2014-06-08
20.0,3300.0,2014-06-09
24.03333333333333,176360.0,2014-06-10
23.922222222222224,168034.0,2014-06-11
23.97777777777778,127793.0,2014-06-12
24.387500000000003,88456.0,2014-06-13
25.022222222222222,81723.0,2014-06-14
25.11111111111111,82630.0,2014-06-15
20.0,3300.0,2014-06-16
25.455555555555563,137159.0,2014-06-17
23.66666666666667,116430.0,2014-06-18
23.022222222222226,101572.0,2014-06-19
22.333333333333336,95902.0,2014-06-20
21.67777777777778,125587.0,2014-06-21
21.61111111111111,95382.0,2014-06-22
17.0,3200.0,2014-06-23
21.8,133507.0,2014-06-24
22.637500000000003,101018.0,2014-06-25
23.711111111111112,157338.0,2014-06-26
24.28888888888889,96781.0,2014-06-27
24.725,85765.0,2014-06-28
26.144444444444446,58818.0,2014-06-29
20.0,3200.0,2014-06-30
25.044444444444444,118258.0,2014-07-01
24.455555555555556,93300.0,2014-07-02
24.355555555555558,99953.0,2014-07-03
22.722222222222225,106507.0,2014-07-04
21.725000000000005,106264.0,2014-07-05
22.07777777777778,80387.0,2014-07-06
18.0,2400.0,2014-07-07
23.1475,103003.0,2014-07-08
23.677777777777777,96182.0,2014-07-09
24.92222222222222,147577.0,2014-07-10
24.555555555555557,119335.0,2014-07-11
25.025,84685.0,2014-07-12
25.2875,53103.0,2014-07-13
26.0,2800.0,2014-07-14
25.137500000000003,105128.0,2014-07-15
24.87777777777778,94228.0,2014-07-16
24.762500000000003,83698.0,2014-07-17
24.455555555555556,102259.0,2014-07-18
24.1,104490.0,2014-07-19
24.62222222222222,85328.0,2014-07-20
20.0,3300.0,2014-07-21
24.01111111111111,134439.0,2014-07-22
24.7625,84190.0,2014-07-23
25.41111111111111,73241.0,2014-07-24
25.87777777777778,102414.0,2014-07-25
25.944444444444443,138458.0,2014-07-26
26.200000000000003,112153.0,2014-07-27
25.41111111111111,130636.0,2014-07-29
23.999999999999996,94088.0,2014-07-30
23.666666666666668,105015.0,2014-07-31
23.27777777777778,97666.0,2014-08-01
24.22222222222222,123754.0,2014-08-02
24.066666666666666,84647.0,2014-08-03
20.0,3000.0,2014-08-04
25.555555555555557,112767.0,2014-08-05
26.588888888888892,86621.0,2014-08-06
28.288888888888888,103316.0,2014-08-07
28.866666666666667,151612.0,2014-08-08
28.233333333333334,204661.0,2014-08-09
27.833333333333332,110960.0,2014-08-10
26.0,2500.0,2014-08-12
27.387500000000003,128123.0,2014-08-13
26.844444444444445,106465.0,2014-08-14
25.477777777777778,158494.0,2014-08-15
23.78888888888889,192782.0,2014-08-16
21.56666666666667,152068.0,2014-08-17
24.0,2800.0,2014-08-18
22.133333333333333,163257.0,2014-08-19
23.577777777777772,105725.0,2014-08-20
23.522222222222226,131310.0,2014-08-21
23.766666666666662,146330.0,2014-08-22
24.344444444444445,193725.0,2014-08-23
25.944444444444446,171681.0,2014-08-24
25.0,2600.0,2014-08-25
26.875,134696.0,2014-08-26
27.077777777777776,85600.0,2014-08-27
26.45555555555556,115974.0,2014-08-28
25.08888888888889,126008.0,2014-08-29
25.422222222222224,154198.0,2014-08-30
25.466666666666665,106953.0,2014-08-31
25.0,3100.0,2014-09-01
25.5,158379.0,2014-09-02
25.288888888888888,113352.0,2014-09-03
26.7,104312.0,2014-09-04
26.011111111111106,143182.0,2014-09-05
26.133333333333333,176421.0,2014-09-06
26.055555555555557,149593.0,2014-09-07
28.16666666666666,49684.0,2014-09-08
24.0,2500.0,2014-09-10
26.666666666666668,162483.0,2014-09-11
26.644444444444442,156245.0,2014-09-12
26.12222222222222,177079.0,2014-09-13
26.262500000000003,138498.0,2014-09-14
24.0,2300.0,2014-09-15
24.95,166714.0,2014-09-16
26.466666666666665,117077.0,2014-09-17
27.26666666666667,113566.0,2014-09-18
27.66666666666667,123504.0,2014-09-19
28.41111111111111,173782.0,2014-09-20
27.1375,166156.0,2014-09-21
33.0,2800.0,2014-09-22
29.544444444444448,241275.0,2014-09-23
27.477777777777778,142568.0,2014-09-24
26.057142857142857,135095.0,2014-09-25
28.5125,131507.0,2014-09-26
27.925,188609.0,2014-09-27
27.4375,162226.0,2014-09-28
35.0,2900.0,2014-09-29
27.377777777777776,241165.0,2014-09-30
26.766666666666666,163822.0,2014-10-01
26.622222222222224,170058.0,2014-10-02
26.955555555555552,139358.0,2014-10-03
26.6,159867.0,2014-10-04
27.4875,145060.0,2014-10-05
27.0,3000.0,2014-10-06
29.188888888888886,301815.0,2014-10-07
28.65555555555555,208858.0,2014-10-08
28.150000000000002,147857.0,2014-10-09
28.755555555555556,117171.0,2014-10-10
29.055555555555557,164856.0,2014-10-11
28.799999999999997,126508.0,2014-10-12
32.0,2500.0,2014-10-13
27.93333333333333,256697.0,2014-10-14
26.937499999999996,175313.0,2014-10-15
27.262500000000003,155550.0,2014-10-16
26.72222222222222,137980.0,2014-10-17
26.9,173340.0,2014-10-18
27.275,108165.0,2014-10-19
30.0,2800.0,2014-10-20
28.366666666666667,199824.0,2014-10-21
28.166666666666664,166024.0,2014-10-22
28.87777777777778,159014.0,2014-10-23
27.355555555555558,139625.0,2014-10-24
28.575,148603.0,2014-10-25
28.875,121073.0,2014-10-26
30.0,2500.0,2014-10-27
28.133333333333336,213339.0,2014-10-28
27.62222222222222,149248.0,2014-10-29
27.110000000000003,149030.0,2014-10-30
27.700000000000003,157450.0,2014-10-31
27.43333333333333,175723.0,2014-11-01
27.5,121217.0,2014-11-02
31.0,2500.0,2014-11-03
28.88888888888889,149814.0,2014-11-04
30.333333333333332,145558.0,2014-11-05
31.080000000000002,202198.0,2014-11-06
32.04444444444445,156984.5,2014-11-07
30.7625,105424.0,2014-11-08
32.675,60262.0,2014-11-09
35.75,2880.0,2014-11-10
33.175000000000004,132072.0,2014-11-11
33.8,98184.0,2014-11-12
32.111111111111114,90650.0,2014-11-13
32.44444444444444,103373.0,2014-11-14
33.91111111111111,114456.5,2014-11-15
35.5375,68268.0,2014-11-16
40.0,2300.0,2014-11-17
36.24444444444445,86472.0,2014-11-18
38.699999999999996,85464.0,2014-11-19
40.66666666666667,100981.0,2014-11-20
45.900000000000006,125019.0,2014-11-21
45.577777777777776,98220.0,2014-11-22
45.18571428571429,48330.0,2014-11-23
50.0,3000.0,2014-11-24
47.27777777777778,81401.0,2014-11-25
51.525000000000006,47799.0,2014-11-26
53.86666666666667,37706.0,2014-11-27
50.06666666666667,66429.0,2014-11-28
49.56666666666667,85858.0,2014-11-29
52.525,45647.0,2014-11-30
50.0,2000.0,2014-12-01
49.08888888888888,77769.0,2014-12-02
52.65000000000001,45637.0,2014-12-03
54.550000000000004,79523.0,2014-12-04
52.177777777777784,111096.0,2014-12-05
51.6625,63276.0,2014-12-06
49.57142857142857,44895.0,2014-12-07
60.0,2200.0,2014-12-08
49.17777777777778,61504.0,2014-12-09
49.72222222222223,40531.0,2014-12-10
50.599999999999994,41974.0,2014-12-11
49.44444444444445,53442.0,2014-12-12
50.06250000000001,64096.0,2014-12-13
46.871428571428574,54352.0,2014-12-14
66.0,2100.0,2014-12-15
47.357142857142854,56762.0,2014-12-16
47.03333333333333,42910.0,2014-12-17
46.32500000000001,55315.0,2014-12-18
45.4,77429.0,2014-12-19
44.044444444444444,115464.0,2014-12-20
59.0,2500.0,2014-12-22
39.025,55246.0,2014-12-23
40.400000000000006,39767.0,2014-12-24
39.900000000000006,44313.0,2014-12-25
39.12222222222222,51202.0,2014-12-26
37.98888888888889,64757.0,2014-12-27
33.42857142857143,42172.0,2014-12-28
47.0,2800.0,2014-12-29
34.05,93545.0,2014-12-30
32.55,69309.0,2014-12-31
34.75555555555555,60244.0,2015-01-01
33.08888888888888,72667.0,2015-01-02
32.03333333333333,102498.0,2015-01-03
31.811111111111114,104937.0,2015-01-04
40.0,2200.0,2015-01-05
28.725,92129.0,2015-01-06
28.65555555555555,50857.0,2015-01-07
29.61111111111111,67486.0,2015-01-08
28.366666666666664,82642.0,2015-01-09
27.533333333333335,111945.0,2015-01-10
23.64,92274.0,2015-01-11
31.0,2500.0,2015-01-12
24.722222222222225,118844.0,2015-01-13
21.79,79107.0,2015-01-14
22.94,71435.0,2015-01-15
24.333333333333336,85484.0,2015-01-16
22.89,151098.0,2015-01-17
22.080000000000002,147877.0,2015-01-18
30.7,5250.0,2015-01-19
22.740000000000002,158474.0,2015-01-20
21.575,70950.0,2015-01-21
21.222222222222225,64825.0,2015-01-22
21.366666666666667,80358.0,2015-01-23
20.67777777777778,104048.0,2015-01-24
20.444444444444443,89209.0,2015-01-25
23.0,2600.0,2015-01-26
18.677777777777777,133661.0,2015-01-27
18.655555555555555,90053.0,2015-01-28
18.84444444444445,66406.0,2015-01-29
18.6,95643.0,2015-01-30
18.925,141484.0,2015-01-31
19.477777777777778,154437.0,2015-02-01
21.0,9349.0,2015-02-02
17.189999999999998,210389.0,2015-02-03
16.875,105458.0,2015-02-04
15.942857142857145,50138.0,2015-02-05
16.98888888888889,69974.0,2015-02-06
16.677777777777777,83768.0,2015-02-07
16.82222222222222,72933.0,2015-02-08
13.0,2700.0,2015-02-09
16.875,104037.0,2015-02-10
16.977777777777778,90910.0,2015-02-11
16.688888888888886,99537.0,2015-02-12
16.422222222222224,89554.0,2015-02-13
16.61111111111111,120213.0,2015-02-14
17.455555555555556,109048.0,2015-02-15
17.825000000000003,86545.0,2015-02-16
18.95,85789.0,2015-02-17
19.72222222222222,37643.0,2015-02-18
16.45,215446.0,2015-02-24
15.61111111111111,223870.0,2015-02-25
14.419999999999998,262485.2,2015-02-26
17.633333333333333,6698.0,2015-02-27
14.444444444444445,153696.0,2015-02-28
14.524999999999997,98402.0,2015-03-01
8.0,2500.0,2015-03-02
14.64,226204.0,2015-03-03
14.544444444444443,230278.0,2015-03-04
14.711111111111109,157178.0,2015-03-05
15.942857142857141,82409.0,2015-03-06
10.0,2500.0,2015-03-07
14.75,2900.0,2015-03-08
13.0,1800.0,2015-03-09
15.887500000000001,226083.0,2015-03-10
15.188888888888888,143092.0,2015-03-11
14.877777777777778,116860.0,2015-03-12
15.34,123572.0,2015-03-13
16.488888888888887,131768.0,2015-03-14
16.64,98424.0,2015-03-15
18.0,2000.0,2015-03-16
17.763636363636365,167507.8,2015-03-17
19.077777777777776,180624.0,2015-03-18
20.055555555555557,195738.0,2015-03-19
19.119999999999997,168289.0,2015-03-20
18.31111111111111,138755.0,2015-03-21
19.12,101076.0,2015-03-22
20.0,2400.0,2015-03-23
18.46,194635.0,2015-03-24
19.666666666666668,147993.0,2015-03-25
18.46666666666667,133883.0,2015-03-26
18.48888888888889,159765.0,2015-03-27
19.31111111111111,174954.0,2015-03-28
19.279999999999998,128533.0,2015-03-29
18.0,2500.0,2015-03-30
20.4,189055.0,2015-03-31
21.655555555555555,190281.0,2015-04-01
22.066666666666666,233769.0,2015-04-02
22.37777777777778,229989.0,2015-04-03
22.200000000000003,197734.0,2015-04-04
21.5,12945.0,2015-04-05
23.728571428571428,124559.0,2015-04-07
23.25,135997.0,2015-04-08
22.199999999999996,160099.0,2015-04-09
22.077777777777776,140918.0,2015-04-10
20.54,161469.0,2015-04-11
19.98,94728.0,2015-04-12
19.15,2416.8,2015-04-13
22.766666666666666,118585.0,2015-04-14
24.544444444444444,102053.0,2015-04-15
24.540000000000003,141863.0,2015-04-16
25.633333333333336,205772.0,2015-04-17
25.6,227040.0,2015-04-18
25.200000000000003,131166.0,2015-04-19
24.922222222222224,159320.0,2015-04-21
25.488888888888887,100525.0,2015-04-22
24.811111111111114,123186.0,2015-04-23
24.522222222222226,168185.0,2015-04-24
23.344444444444445,226565.0,2015-04-25
21.68888888888889,163962.0,2015-04-26
25.0,2600.0,2015-04-27
21.200000000000003,193502.0,2015-04-28
21.522222222222226,139449.0,2015-04-29
21.644444444444442,179695.0,2015-04-30
21.410000000000004,229029.0,2015-05-01
21.922222222222224,294348.0,2015-05-02
21.455555555555556,196744.0,2015-05-03
19.95,184321.0,2015-05-05
19.37777777777778,161589.0,2015-05-06
19.37,163577.0,2015-05-07
19.9,199661.0,2015-05-08
18.28888888888889,255706.0,2015-05-09
17.96666666666667,219755.0,2015-05-10
15.0,3200.0,2015-05-11
16.91111111111111,216046.0,2015-05-12
16.566666666666666,163182.0,2015-05-13
16.855555555555554,159400.0,2015-05-14
15.900000000000002,218159.0,2015-05-15
16.333333333333332,294090.0,2015-05-16
15.999999999999996,280931.0,2015-05-17
14.0,2800.0,2015-05-18
15.92222222222222,263192.0,2015-05-19
13.866666666666665,195087.0,2015-05-20
13.079999999999998,192482.0,2015-05-21
13.166666666666664,170780.0,2015-05-22
13.888888888888888,154236.0,2015-05-23
13.833333333333334,111248.0,2015-05-24
10.0,3000.0,2015-05-25
14.433333333333334,187842.0,2015-05-26
13.877777777777776,204629.0,2015-05-27
13.600000000000001,250699.0,2015-05-28
12.866666666666667,289568.0,2015-05-29
12.011111111111111,347649.0,2015-05-30
11.855555555555556,341890.0,2015-05-31
8.0,4000.0,2015-06-01
12.4125,252921.0,2015-06-02
11.677777777777777,172166.0,2015-06-03
11.722222222222221,186707.0,2015-06-04
11.644444444444444,203059.0,2015-06-05
11.95,208046.0,2015-06-06
11.68,178769.0,2015-06-07
10.0,5500.0,2015-06-08
11.79,206322.0,2015-06-09
11.41,161696.0,2015-06-10
11.73,138177.0,2015-06-11
12.333333333333336,149694.0,2015-06-12
13.522222222222222,171164.0,2015-06-13
15.711111111111109,183045.0,2015-06-14
12.9,11841.0,2015-06-15
15.688888888888888,216627.0,2015-06-16
14.833333333333334,148639.0,2015-06-17
14.544444444444444,135638.0,2015-06-18
14.755555555555556,158422.0,2015-06-19
16.475,135910.0,2015-06-20
12.0,2800.0,2015-06-22
15.188888888888888,177399.0,2015-06-23
14.977777777777776,137254.0,2015-06-24
14.744444444444447,113218.0,2015-06-25
14.762499999999998,118435.0,2015-06-26
14.5,147012.0,2015-06-27
16.655555555555555,119825.0,2015-06-28
15.85,12360.0,2015-06-29
17.655555555555555,183290.0,2015-06-30
17.9875,90836.0,2015-07-01
17.3875,79530.0,2015-07-02
17.288888888888888,101276.5,2015-07-03
17.15,100537.0,2015-07-04
16.924999999999997,88525.0,2015-07-05
10.0,3000.0,2015-07-06
15.32222222222222,173471.0,2015-07-07
15.439999999999998,118540.0,2015-07-08
16.6625,73175.0,2015-07-09
15.466666666666665,68188.0,2015-07-10
15.777777777777779,83188.0,2015-07-11
17.15555555555555,75852.0,2015-07-12
12.0,3600.0,2015-07-13
17.07777777777778,190256.0,2015-07-14
16.833333333333332,187713.0,2015-07-15
15.477777777777776,140133.0,2015-07-16
15.2875,95616.0,2015-07-17
16.35,89705.0,2015-07-18
16.08888888888889,93645.0,2015-07-19
12.0,2600.0,2015-07-20
15.68888888888889,130205.0,2015-07-21
15.533333333333331,140832.0,2015-07-22
14.933333333333334,137469.0,2015-07-23
14.866666666666665,122248.0,2015-07-24
14.969999999999999,126152.0,2015-07-25
16.099999999999998,98065.0,2015-07-26
12.0,3800.0,2015-07-27
17.0,168572.0,2015-07-28
18.544444444444444,166139.0,2015-07-29
18.6,146371.0,2015-07-30
19.400000000000002,113041.0,2015-07-31
18.400000000000002,99036.0,2015-08-01
19.58888888888889,85202.0,2015-08-02
13.0,3000.0,2015-08-03
19.866666666666664,157663.0,2015-08-04
19.388888888888893,131437.0,2015-08-05
20.044444444444444,154354.0,2015-08-06
19.711111111111112,136682.0,2015-08-07
18.95,81451.0,2015-08-08
21.311111111111114,46681.0,2015-08-09
15.0,1800.0,2015-08-10
22.555555555555557,110271.0,2015-08-11
23.98888888888889,111498.0,2015-08-12
26.9,124992.0,2015-08-13
35.53333333333333,65233.0,2015-08-14
28.737499999999997,77297.0,2015-08-15
30.75,69978.0,2015-08-16
25.0,3300.0,2015-08-17
30.77777777777778,121059.0,2015-08-18
31.511111111111113,96774.0,2015-08-19
32.66666666666667,84653.0,2015-08-20
35.3125,69287.0,2015-08-21
34.511111111111106,83097.0,2015-08-22
37.27777777777778,47873.0,2015-08-23
34.0,2700.0,2015-08-24
37.459999999999994,105622.0,2015-08-25
37.089999999999996,130536.0,2015-08-26
39.85555555555556,161513.0,2015-08-27
39.24444444444444,120171.0,2015-08-28
38.0,2000.0,2015-08-30
40.0,2600.0,2015-08-31
37.9625,145273.0,2015-09-01
34.07777777777777,118148.0,2015-09-02
31.766666666666666,125479.0,2015-09-03
29.6,75740.0,2015-09-04
30.919999999999998,112788.0,2015-09-05
30.560000000000002,113018.0,2015-09-06
25.0,3300.0,2015-09-07
31.18,147859.0,2015-09-08
32.99,100101.0,2015-09-09
32.59,126953.0,2015-09-10
34.809999999999995,133602.0,2015-09-11
38.07777777777778,133882.0,2015-09-12
41.87777777777777,81236.0,2015-09-13
40.044444444444444,107860.0,2015-09-15
41.9,80767.0,2015-09-16
38.099999999999994,100322.0,2015-09-17
38.53,94530.0,2015-09-18
41.61111111111111,100663.0,2015-09-19
40.68888888888888,78544.0,2015-09-20
42.0,3500.0,2015-09-21
38.84,100431.0,2015-09-22
37.529999999999994,81031.0,2015-09-23
40.27777777777778,88326.0,2015-09-24
39.53,95761.0,2015-09-25
41.599999999999994,121654.0,2015-09-26
44.125,65273.0,2015-09-27
42.0,1800.0,2015-09-29
43.84285714285714,76717.0,2015-09-30
42.63333333333333,57370.0,2015-10-01
38.355555555555554,109835.0,2015-10-02
38.92222222222222,106465.0,2015-10-03
37.67777777777778,84211.0,2015-10-04
41.0,3000.0,2015-10-05
38.96666666666666,106454.0,2015-10-06
41.03333333333333,66343.0,2015-10-07
44.575,60998.0,2015-10-08
43.62222222222221,78077.0,2015-10-09
44.86666666666667,102948.0,2015-10-10
46.2375,93664.0,2015-10-11
48.35,11023.0,2015-10-12
46.662499999999994,112240.0,2015-10-13
46.65,55354.0,2015-10-14
48.625,52705.0,2015-10-15
46.93333333333333,82864.0,2015-10-16
45.833333333333336,100458.0,2015-10-17
44.0,85628.0,2015-10-18
52.0,4000.0,2015-10-19
45.54444444444445,115251.0,2015-10-20
44.599999999999994,96492.0,2015-10-21
43.25555555555556,64197.0,2015-10-22
44.36666666666667,57526.0,2015-10-23
44.422222222222224,89115.0,2015-10-24
45.2625,104396.0,2015-10-25
51.4,6629.0,2015-10-26
47.144444444444446,133107.0,2015-10-27
45.97777777777778,74397.5,2015-10-28
47.12222222222222,47792.0,2015-10-29
47.72222222222222,66617.0,2015-10-30
47.47777777777778,82537.0,2015-10-31
48.23750000000001,51835.0,2015-11-01
55.0,3000.0,2015-11-02
46.96666666666667,74192.0,2015-11-03
45.97,65589.2,2015-11-04
49.400000000000006,58676.0,2015-11-05
49.977777777777774,53408.0,2015-11-06
49.422222222222224,63097.0,2015-11-07
55.0625,35735.0,2015-11-08
60.0,3200.0,2015-11-09
56.32222222222222,82126.0,2015-11-10
58.93333333333333,72933.0,2015-11-11
59.34444444444445,56032.0,2015-11-12
62.27499999999999,29257.0,2015-11-13
62.13333333333334,42259.0,2015-11-14
58.93749999999999,34742.0,2015-11-15
72.0,3000.0,2015-11-16
60.53333333333333,75995.0,2015-11-17
60.84444444444445,41852.0,2015-11-18
63.55555555555554,39008.0,2015-11-19
66.1625,40180.0,2015-11-20
62.6125,43046.5,2015-11-21
60.2,28177.0,2015-11-22
73.0,2800.0,2015-11-23
64.48888888888888,71767.0,2015-11-24
64.8111111111111,83602.0,2015-11-25
67.27777777777777,45375.0,2015-11-26
67.63333333333333,29536.0,2015-11-27
61.989999999999995,41328.8,2015-11-28
64.6,28950.0,2015-11-29
76.0,2800.0,2015-11-30
63.888888888888886,67346.0,2015-12-01
60.58888888888888,60090.0,2015-12-02
57.78888888888889,54288.0,2015-12-03
54.077777777777776,59436.0,2015-12-04
50.62222222222223,67130.0,2015-12-05
47.25,45661.0,2015-12-06
70.0,3200.0,2015-12-07
50.04444444444445,70907.0,2015-12-08
49.455555555555556,101630.0,2015-12-09
46.72222222222222,136194.0,2015-12-10
45.06250000000001,92316.0,2015-12-11
42.300000000000004,55827.0,2015-12-12
37.7875,59710.0,2015-12-13
39.3,120970.0,2015-12-15
35.955555555555556,87671.0,2015-12-16
33.43333333333333,90924.0,2015-12-17
32.011111111111106,83743.0,2015-12-18
30.58888888888889,105342.0,2015-12-19
31.4625,62372.0,2015-12-20
32.0,4000.0,2015-12-21
32.77777777777778,109296.0,2015-12-22
32.02222222222222,134299.0,2015-12-23
31.422222222222224,156131.0,2015-12-24
29.11111111111111,137345.0,2015-12-25
28.755555555555556,112688.0,2015-12-26
28.0625,72684.0,2015-12-27
30.0,4800.0,2015-12-28
26.633333333333336,174443.0,2015-12-29
22.5,80870.0,2015-12-30
24.200000000000003,131427.0,2015-12-31
23.508,130562.0,2016-01-01
23.86,97145.0,2016-01-02
24.4,61144.0,2016-01-03
19.0,4400.0,2016-01-04
26.389999999999997,77392.0,2016-01-05
25.659999999999997,106358.0,2016-01-06
23.699,156259.0,2016-01-07
23.609,185795.5,2016-01-08
23.075999999999997,218223.0,2016-01-09
23.464444444444446,134346.0,2016-01-10
22.0,3000.0,2016-01-11
22.6,104763.0,2016-01-12
22.13,84737.0,2016-01-13
23.75,92069.0,2016-01-14
23.239,86786.0,2016-01-15
23.605000000000004,108629.0,2016-01-16
23.986666666666665,66335.0,2016-01-17
22.0,3800.0,2016-01-18
25.235999999999997,84908.0,2016-01-19
24.254545454545454,95862.0,2016-01-20
24.693999999999996,107250.0,2016-01-21
25.172,135843.0,2016-01-22
25.290999999999997,121446.0,2016-01-23
25.91333333333333,65218.0,2016-01-24
24.0,2800.0,2016-01-25
27.388888888888893,31050.0,2016-01-26
27.189999999999998,54475.0,2016-01-27
25.486,94983.0,2016-01-28
25.579999999999995,77626.0,2016-01-29
23.719,78254.0,2016-01-30
26.31111111111111,54606.0,2016-01-31
26.699999999999996,46827.0,2016-02-01
24.133333333333333,115248.0,2016-02-02
23.077777777777776,84810.0,2016-02-03
23.177777777777777,118535.0,2016-02-04
22.51111111111111,130738.0,2016-02-05
21.466666666666665,108608.0,2016-02-06
21.1625,40608.0,2016-02-07
23.662499999999998,134577.0,2016-02-13
25.5125,150917.0,2016-02-14
29.599999999999998,9295.0,2016-02-15
26.45,3380.0,2016-02-16
22.93,200070.0,2016-02-17
21.033333333333335,140773.0,2016-02-18
21.555555555555557,153461.0,2016-02-19
22.499999999999996,173825.0,2016-02-20
22.849999999999998,156671.0,2016-02-21
23.0,2500.0,2016-02-22
23.0,2500.0,2016-02-23
20.0,2950.0,2016-02-24
22.398888888888887,142334.0,2016-02-25
23.54888888888889,142631.0,2016-02-26
22.352000000000004,167378.0,2016-02-27
20.944444444444443,144317.0,2016-02-28
19.0,3800.0,2016-02-29
21.692999999999998,155841.0,2016-03-01
21.459,124407.0,2016-03-02
21.743,127490.0,2016-03-03
21.835,134681.0,2016-03-04
22.804000000000002,148792.0,2016-03-05
22.78571428571429,118079.0,2016-03-06
20.0,6600.0,2016-03-07
23.330909090909095,295672.0,2016-03-08
23.324545454545454,178681.0,2016-03-09
22.463636363636365,136766.0,2016-03-10
22.052,67861.0,2016-03-11
23.72222222222222,108286.0,2016-03-12
25.287499999999998,80336.0,2016-03-13
17.0,4200.0,2016-03-14
25.04222222222222,183077.0,2016-03-15
24.714000000000002,106918.0,2016-03-16
26.238999999999997,110977.0,2016-03-17
26.445,151128.0,2016-03-18
25.698,168063.0,2016-03-19
25.545555555555556,124994.0,2016-03-20
25.0,5000.0,2016-03-21
27.313,278538.0,2016-03-22
27.113999999999997,186581.0,2016-03-23
25.156,137854.0,2016-03-24
26.00888888888889,80658.0,2016-03-25
28.488999999999997,96712.0,2016-03-26
31.439999999999998,70097.0,2016-03-27
25.0,3700.0,2016-03-28
30.036,189469.0,2016-03-29
31.506,101579.0,2016-03-30
32.373000000000005,100284.0,2016-03-31
34.342,109151.0,2016-04-01
34.717999999999996,170687.0,2016-04-02
36.193,130882.0,2016-04-03
29.83,1428.0,2016-04-04
34.0,6000.0,2016-04-05
37.62222222222222,215613.0,2016-04-06
38.896666666666675,207015.0,2016-04-07
36.486666666666665,143811.0,2016-04-08
37.87,108776.0,2016-04-09
36.495,98413.0,2016-04-10
37.0,3000.0,2016-04-11
34.544,174668.0,2016-04-12
35.522999999999996,101000.0,2016-04-13
34.535000000000004,99907.0,2016-04-14
34.412,79872.0,2016-04-15
36.57,85581.0,2016-04-16
36.67700000000001,84945.0,2016-04-17
35.0,5000.0,2016-04-18
38.519,224828.0,2016-04-19
39.57,202558.0,2016-04-20
39.899,158189.0,2016-04-21
40.53444444444445,81113.0,2016-04-22
41.47555555555555,94460.0,2016-04-23
39.917,99272.0,2016-04-24
35.0,3000.0,2016-04-25
38.19500000000001,177211.0,2016-04-26
38.388999999999996,130500.0,2016-04-27
37.801,142607.0,2016-04-28
37.944,126409.0,2016-04-29
37.339000000000006,139201.0,2016-04-30
38.403000000000006,94807.0,2016-05-01
35.0,4000.0,2016-05-02
37.183,173007.0,2016-05-03
38.637,126056.0,2016-05-04
39.506,177522.0,2016-05-05
37.040000000000006,228184.0,2016-05-06
36.825,184968.0,2016-05-07
38.967777777777776,99805.0,2016-05-08
32.0,13000.0,2016-05-09
36.628,178958.0,2016-05-10
36.884,155141.0,2016-05-11
36.268,163105.0,2016-05-12
35.39,157089.0,2016-05-13
35.584,189411.0,2016-05-14
34.285,113532.0,2016-05-15
25.0,13500.0,2016-05-16
32.751000000000005,219094.0,2016-05-17
34.602000000000004,122794.0,2016-05-18
36.209999999999994,189330.0,2016-05-19
38.688,210225.0,2016-05-20
36.25272727272727,182429.0,2016-05-21
37.57,98366.0,2016-05-22
31.0,15000.0,2016-05-23
35.521,175352.0,2016-05-24
37.276,148953.0,2016-05-25
35.815000000000005,164307.0,2016-05-26
30.205000000000002,193202.0,2016-05-27
28.193,197519.0,2016-05-28
26.849,151176.0,2016-05-29
20.0,22000.0,2016-05-30
26.427999999999997,189067.0,2016-05-31
27.860000000000003,117616.0,2016-06-01
28.017000000000003,119636.0,2016-06-02
34.35636363636363,168255.8,2016-06-03
30.645999999999997,201839.0,2016-06-04
32.854,119763.0,2016-06-05
26.0,5500.0,2016-06-06
33.16,133839.0,2016-06-07
36.237500000000004,131865.0,2016-06-08
36.9,135574.0,2016-06-09
26.0,4370.0,2016-06-11
33.400000000000006,116281.0,2016-06-12
25.0,8500.0,2016-06-13
30.720999999999997,188399.0,2016-06-14
29.314000000000004,104671.0,2016-06-15
27.483999999999998,174660.0,2016-06-16
26.699,211464.0,2016-06-17
27.535000000000004,186326.0,2016-06-18
27.834999999999997,146278.0,2016-06-19
28.397777777777776,128732.0,2016-06-21
27.826,120268.0,2016-06-22
27.46,102312.0,2016-06-23
27.125999999999998,118013.0,2016-06-24
26.555555555555557,121523.0,2016-06-25
27.144444444444442,79952.0,2016-06-26
24.0,7300.0,2016-06-27
25.499090909090906,150337.0,2016-06-28
26.224,105570.0,2016-06-29
26.977777777777778,97411.0,2016-06-30
27.658000000000005,93114.0,2016-07-01
30.372999999999998,151166.0,2016-07-02
30.54545454545454,125302.0,2016-07-03
30.0,4200.0,2016-07-04
32.49444444444444,115062.0,2016-07-05
33.25333333333333,81030.0,2016-07-06
33.416000000000004,116309.0,2016-07-07
33.2475,87335.0,2016-07-08
36.574444444444445,47809.0,2016-07-09
32.5,112385.0,2016-07-10
29.0,10000.0,2016-07-11
29.08,122744.0,2016-07-12
29.225,92050.0,2016-07-13
29.642000000000003,79410.0,2016-07-14
27.94727272727273,108093.0,2016-07-15
30.569,107414.0,2016-07-16
32.898888888888884,116394.0,2016-07-17
32.0,2500.0,2016-07-18
35.276666666666664,100884.0,2016-07-19
37.20666666666667,54267.0,2016-07-20
37.153000000000006,62664.0,2016-07-21
38.67,65267.0,2016-07-22
39.474000000000004,70381.0,2016-07-23
40.095,65892.0,2016-07-24
34.0,3000.0,2016-07-25
38.38727272727272,99861.0,2016-07-26
40.152,66663.0,2016-07-27
37.07818181818182,63064.0,2016-07-28
39.245000000000005,69840.0,2016-07-29
38.916666666666664,80048.0,2016-07-30
41.036,90082.0,2016-07-31
42.0,14000.0,2016-08-01
39.824,183834.0,2016-08-02
40.335,95657.0,2016-08-03
39.24444444444444,59477.0,2016-08-04
40.41111111111111,71639.0,2016-08-05
34.66818181818182,110234.0,2016-08-06
37.034000000000006,87342.0,2016-08-07
34.0,12000.0,2016-08-08
36.733,147968.0,2016-08-09
35.072,122322.0,2016-08-10
34.384,88032.0,2016-08-11
33.54899999999999,74185.0,2016-08-12
33.67636363636364,96709.0,2016-08-13
36.467,122188.0,2016-08-14
37.29,29738.0,2016-08-15
34.82727272727273,288540.0,2016-08-16
32.48363636363637,151988.0,2016-08-17
30.54,9200.0,2016-08-19
33.275555555555556,151716.0,2016-08-20
32.777,126408.0,2016-08-21
28.0,17000.0,2016-08-22
30.290999999999997,202317.0,2016-08-23
26.88272727272727,129259.0,2016-08-24
27.822000000000003,100740.0,2016-08-25
29.596000000000004,100935.0,2016-08-26
31.538999999999998,107161.0,2016-08-27
31.631,85273.0,2016-08-28
32.0,17000.0,2016-08-29
33.607,177861.0,2016-08-30
34.388999999999996,150454.0,2016-08-31
36.58,103055.0,2016-09-01
37.26444444444444,56406.0,2016-09-02
40.14333333333334,55438.0,2016-09-03
38.28375,53631.0,2016-09-04
33.0,9000.0,2016-09-05
35.881,156689.0,2016-09-06
33.35000000000001,109459.0,2016-09-07
29.133999999999997,89426.0,2016-09-08
30.838888888888885,91974.0,2016-09-09
30.315000000000005,112845.0,2016-09-10
27.680000000000003,94438.0,2016-09-11
31.95,13824.0,2016-09-12
26.402727272727272,201112.0,2016-09-13
29.366000000000003,166679.0,2016-09-14
30.299999999999997,54938.0,2016-09-15
23.335,4500.0,2016-09-17
27.46,108360.0,2016-09-18
31.0,3500.0,2016-09-19
28.343333333333334,184482.0,2016-09-20
27.495454545454546,125265.0,2016-09-21
28.679999999999996,89876.0,2016-09-22
32.12,73035.0,2016-09-23
35.361000000000004,87525.0,2016-09-24
30.842727272727277,72096.0,2016-09-25
35.0,5200.0,2016-09-26
36.48555555555556,199104.0,2016-09-27
32.58571428571428,49523.0,2016-09-28
38.442727272727275,68727.0,2016-09-29
43.415,108404.0,2016-09-30
41.84,113836.0,2016-10-01
40.35333333333333,89399.0,2016-10-02
50.0,7200.0,2016-10-03
37.153,140232.0,2016-10-04
39.127,90847.0,2016-10-05
38.605000000000004,96127.0,2016-10-06
41.767999999999994,86912.0,2016-10-07
41.916999999999994,99883.0,2016-10-08
43.92700000000001,69138.0,2016-10-09
42.0,1500.0,2016-10-10
44.440999999999995,101299.0,2016-10-11
45.804,86393.0,2016-10-12
45.97500000000001,95575.0,2016-10-13
49.229,130308.0,2016-10-14
48.55800000000001,92519.0,2016-10-15
49.186249999999994,57543.0,2016-10-16
50.0,2800.0,2016-10-17
50.123999999999995,100281.0,2016-10-18
53.00300000000001,66749.0,2016-10-19
54.760000000000005,67094.0,2016-10-20
52.45,78490.0,2016-10-21
51.729,76088.0,2016-10-22
52.783,66017.0,2016-10-23
44.2,3070.0,2016-10-24
52.464,95487.0,2016-10-25
51.923,67396.0,2016-10-26
51.69199999999999,62120.0,2016-10-27
54.172000000000004,69776.0,2016-10-28
53.581999999999994,113155.0,2016-10-29
54.25699999999999,127739.0,2016-10-30
55.20111111111111,82113.0,2016-11-01
53.10333333333334,51097.0,2016-11-02
52.491,76371.0,2016-11-03
51.511,79291.0,2016-11-04
47.854,105203.0,2016-11-05
42.5,68135.0,2016-11-06
45.0,4000.0,2016-11-07
45.109,99029.0,2016-11-08
48.984,66307.0,2016-11-09
46.047,71920.0,2016-11-10
46.319,69454.0,2016-11-11
48.896,119796.5,2016-11-12
50.58,114769.0,2016-11-13
48.0,5000.0,2016-11-14
50.71666666666667,95912.0,2016-11-15
52.0,52338.0,2016-11-16
50.998000000000005,67958.0,2016-11-17
49.86800000000001,79177.0,2016-11-18
48.415,90080.0,2016-11-19
48.015,71178.0,2016-11-20
50.0,3000.0,2016-11-21
49.242000000000004,92313.0,2016-11-22
47.80636363636365,58944.6,2016-11-23
49.427,36170.0,2016-11-24
52.001,44382.0,2016-11-25
49.528999999999996,97382.0,2016-11-26
51.45799999999999,90670.0,2016-11-27
52.0,1000.0,2016-11-28
51.314,88617.0,2016-11-29
51.132999999999996,58335.2,2016-11-30
51.29444444444444,38387.0,2016-12-01
50.88333333333333,46755.0,2016-12-02
48.211,78441.0,2016-12-03
46.82599999999999,60253.0,2016-12-04
50.0,5400.0,2016-12-05
47.327999999999996,90809.0,2016-12-06
48.68599999999999,65661.0,2016-12-07
49.515,51427.0,2016-12-08
50.255,52885.0,2016-12-09
50.760000000000005,81920.0,2016-12-10
50.42300000000001,76480.0,2016-12-11
62.2,2247.0,2016-12-12
51.237,96427.0,2016-12-13
49.989999999999995,35818.6,2016-12-14
53.9625,30230.0,2016-12-15
57.074,33318.0,2016-12-16
59.861111111111114,46470.0,2016-12-17
54.879,41423.0,2016-12-18
55.0,1800.0,2016-12-19
54.552,56363.0,2016-12-20
57.247,32484.0,2016-12-21
58.77199999999999,33614.0,2016-12-22
58.686,47375.0,2016-12-23
57.230999999999995,63226.0,2016-12-24
61.7625,36065.0,2016-12-25
63.0,3000.0,2016-12-26
59.053999999999995,73159.0,2016-12-27
61.86800000000001,54779.0,2016-12-28
65.26555555555555,23109.0,2016-12-29
70.98875,21306.0,2016-12-30
75.26666666666667,36563.0,2016-12-31
65.88624999999999,21133.0,2017-01-01
67.0,250.0,2017-01-02
67.78888888888889,51557.0,2017-01-03
67.58625,36693.0,2017-01-04
70.08125,25552.0,2017-01-05
66.58666666666666,35874.0,2017-01-06
66.8457142857143,31075.0,2017-01-07
65.14999999999999,26288.0,2017-01-08
68.0,700.0,2017-01-09
64.86800000000001,65413.0,2017-01-10
65.65700000000001,73976.0,2017-01-11
68.76777777777778,48006.5,2017-01-12
65.93,29355.0,2017-01-13
65.51555555555555,19650.5,2017-01-14
64.287,25129.0,2017-01-15
62.0,1400.0,2017-01-16
63.468999999999994,60095.0,2017-01-17
61.68499999999999,54820.0,2017-01-18
54.74799999999999,46459.0,2017-01-19
52.602,39911.0,2017-01-20
51.48299999999999,43472.0,2017-01-21
47.585,34222.0,2017-01-22
68.5,3206.0,2017-01-23
45.87222222222223,90697.0,2017-01-24
45.059,88586.0,2017-01-25
39.521,69249.0,2017-01-26
39.86,18472.0,2017-01-27
42.93111111111111,108360.0,2017-02-02
39.254444444444445,114277.0,2017-02-03
37.007777777777775,128977.0,2017-02-04
37.48,8901.0,2017-02-05
30.0,4000.0,2017-02-06
39.06111111111112,75285.0,2017-02-07
39.397777777777776,54359.0,2017-02-08
40.35666666666666,100642.0,2017-02-09
39.76444444444444,113538.0,2017-02-10
36.97222222222222,71273.0,2017-02-11
27.62,5344.0,2017-02-12
37.0,600.0,2017-02-13
39.93142857142857,41995.0,2017-02-14
42.144999999999996,45651.0,2017-02-15
45.77499999999999,42244.0,2017-02-16
44.58222222222222,62396.0,2017-02-17
43.788888888888884,72439.0,2017-02-18
41.16444444444445,53505.0,2017-02-19
37.0,2000.0,2017-02-20
40.632222222222225,78901.0,2017-02-21
41.25222222222222,58077.0,2017-02-22
41.67777777777778,72883.0,2017-02-23
41.39444444444445,102685.0,2017-02-24
41.87555555555556,111606.0,2017-02-25
41.434999999999995,51458.0,2017-02-26
44.821250000000006,48015.0,2017-02-28
47.86222222222222,39365.0,2017-03-01
46.92,59086.0,2017-03-02
45.734,72642.0,2017-03-03
44.446,81716.0,2017-03-04
40.571111111111115,60994.0,2017-03-05
37.0,5000.0,2017-03-06
41.104,67605.0,2017-03-07
41.87400000000001,53918.0,2017-03-08
41.911,54687.0,2017-03-09
41.336,73661.0,2017-03-10
41.389,143015.0,2017-03-11
41.32222222222222,78381.0,2017-03-12
42.72555555555555,80572.0,2017-03-14
42.382000000000005,67124.0,2017-03-15
42.666666666666664,59781.0,2017-03-16
41.103,88581.0,2017-03-17
40.36,111011.0,2017-03-18
38.155,78187.0,2017-03-19
38.0,5200.0,2017-03-20
38.376999999999995,110932.0,2017-03-21
38.386,86016.0,2017-03-22
36.626,90841.0,2017-03-23
36.489000000000004,106452.0,2017-03-24
36.194,125378.0,2017-03-25
34.154999999999994,108345.0,2017-03-26
41.15,9028.0,2017-03-27
37.51400000000001,105364.0,2017-03-28
39.12777777777778,74880.0,2017-03-29
43.58111111111111,56399.0,2017-03-30
43.72666666666666,62440.0,2017-03-31
45.61,99678.0,2017-04-01
47.742222222222225,72973.0,2017-04-02
50.557142857142864,37041.0,2017-04-03
50.0,650.0,2017-04-05
50.4125,72176.0,2017-04-06
51.529090909090904,65643.2,2017-04-07
50.99727272727273,67678.0,2017-04-08
55.373000000000005,92685.0,2017-04-09
57.2,5006.0,2017-04-10
55.6888888888889,133288.0,2017-04-11
52.90111111111111,62993.0,2017-04-12
50.90272727272727,40655.6,2017-04-13
54.74181818181818,47057.0,2017-04-14
51.03333333333334,96796.0,2017-04-15
50.936,98305.0,2017-04-16
50.0,6520.0,2017-04-17
47.68454545454545,140368.0,2017-04-18
43.22909090909091,89429.0,2017-04-19
42.31454545454545,85099.0,2017-04-20
41.38818181818182,80364.0,2017-04-21
40.518,111341.0,2017-04-22
41.874,64014.0,2017-04-23
40.0,10500.0,2017-04-24
44.669090909090905,140370.0,2017-04-25
46.18749999999999,100705.0,2017-04-26
52.185,62383.0,2017-04-27
50.145,54521.0,2017-04-28
48.82090909090909,76328.0,2017-04-29
45.767999999999994,64034.0,2017-04-30
40.0,6080.0,2017-05-01
45.68636363636363,137626.0,2017-05-02
43.47727272727272,89060.0,2017-05-03
42.58636363636364,84865.0,2017-05-04
42.29454545454546,75642.0,2017-05-05
40.653636363636366,85753.0,2017-05-06
43.50888888888888,68818.0,2017-05-07
23.6,9240.0,2017-05-08
44.513636363636365,195087.0,2017-05-09
47.599999999999994,112932.0,2017-05-10
48.896,66158.0,2017-05-11
51.73499999999999,53922.0,2017-05-12
47.042,103852.0,2017-05-13
45.85799999999999,78913.0,2017-05-14
46.0,1000.0,2017-05-15
42.50909090909091,155636.0,2017-05-16
40.97090909090909,84231.0,2017-05-17
40.92727272727272,78640.0,2017-05-18
38.94818181818182,97220.0,2017-05-19
39.77818181818182,121759.0,2017-05-20
39.56636363636364,84941.0,2017-05-21
38.0,7400.0,2017-05-22
39.21636363636364,135384.0,2017-05-23
38.234545454545454,150849.0,2017-05-24
38.7890909090909,171008.0,2017-05-25
38.279090909090904,120444.0,2017-05-26
38.02454545454546,97198.0,2017-05-27
38.370999999999995,99134.0,2017-05-28
37.416000000000004,98932.0,2017-05-29
37.531,92576.0,2017-05-30
34.5,10510.0,2017-06-01
32.736999999999995,208002.0,2017-06-02
30.14181818181818,152212.0,2017-06-03
30.518181818181823,75564.0,2017-06-04
33.0,4800.0,2017-06-05
29.029090909090908,142077.0,2017-06-06
30.90636363636364,143887.0,2017-06-07
30.62090909090909,205015.0,2017-06-08
30.228181818181817,149809.0,2017-06-09
30.753999999999998,101573.0,2017-06-10
31.704,68070.0,2017-06-11
24.0,13500.0,2017-06-12
27.029999999999998,181045.0,2017-06-13
25.4825,106977.0,2017-06-14
23.116363636363637,116111.0,2017-06-15
22.14636363636364,72760.0,2017-06-16
24.461999999999996,70951.0,2017-06-17
25.064444444444447,57820.0,2017-06-18
20.0,6500.0,2017-06-19
23.924545454545452,124839.0,2017-06-20
25.973000000000003,131152.0,2017-06-21
26.459000000000003,151537.0,2017-06-22
27.400000000000002,175668.0,2017-06-23
26.70818181818182,119962.0,2017-06-24
27.978999999999996,69226.0,2017-06-25
22.0,5000.0,2017-06-26
26.712727272727275,101263.0,2017-06-27
26.833,89202.0,2017-06-28
26.432727272727266,91566.0,2017-06-29
26.40272727272728,103438.0,2017-06-30
26.30181818181818,91000.0,2017-07-01
26.816666666666666,55390.0,2017-07-02
23.0,4000.0,2017-07-03
28.104545454545452,85302.0,2017-07-04
29.265454545454542,68868.0,2017-07-05
31.478181818181824,110155.0,2017-07-06
32.160909090909094,129557.0,2017-07-07
33.37636363636364,78286.0,2017-07-08
34.25888888888889,53636.0,2017-07-09
33.0,3000.0,2017-07-10
32.375454545454545,95163.0,2017-07-11
31.5,71048.0,2017-07-12
30.90181818181818,87345.0,2017-07-13
30.006,90232.0,2017-07-14
28.348181818181818,108457.0,2017-07-15
26.037777777777777,56683.0,2017-07-16
25.0,2000.0,2017-07-17
25.499999999999996,96295.5,2017-07-18
26.98,86450.0,2017-07-19
28.924545454545456,97153.0,2017-07-20
28.73,119086.0,2017-07-21
27.599999999999998,152531.0,2017-07-22
28.732,83271.0,2017-07-23
29.011111111111106,85851.0,2017-07-25
28.078000000000003,89209.0,2017-07-26
26.89636363636364,103690.0,2017-07-27
27.266,113749.0,2017-07-28
25.435454545454547,135003.0,2017-07-29
24.610000000000003,78175.0,2017-07-30
24.0,4000.0,2017-07-31
25.20909090909091,94841.0,2017-08-01
25.88272727272727,72984.0,2017-08-02
26.270909090909093,76507.0,2017-08-03
25.33,135208.0,2017-08-04
25.502727272727274,162855.0,2017-08-05
25.34363636363636,108954.0,2017-08-06
27.375999999999998,73025.0,2017-08-08
25.80181818181818,78854.0,2017-08-09
25.911,97612.0,2017-08-10
25.945,112503.0,2017-08-11
25.308,125037.0,2017-08-12
25.435,79957.0,2017-08-13
23.0,10000.0,2017-08-14
26.965999999999998,106492.0,2017-08-15
28.47,75321.0,2017-08-16
27.94636363636364,64955.0,2017-08-17
28.244545454545456,87943.0,2017-08-18
27.514545454545452,128056.0,2017-08-19
29.90727272727273,142762.0,2017-08-20
28.95,7245.0,2017-08-21
28.378181818181815,156078.0,2017-08-22
29.674444444444443,95994.0,2017-08-23
27.716,75467.0,2017-08-24
27.184545454545454,97451.0,2017-08-25
27.423636363636366,122404.0,2017-08-26
28.165454545454544,95804.0,2017-08-27
25.0,8300.0,2017-08-28
28.330000000000002,164176.0,2017-08-29
28.713,109296.0,2017-08-30
28.469,95314.0,2017-08-31
28.716363636363635,101605.0,2017-09-01
29.21181818181818,144788.0,2017-09-02
29.065454545454546,198522.0,2017-09-03
28.296999999999997,149348.0,2017-09-04
26.909166666666668,102198.0,2017-09-05
25.0,5000.0,2017-09-07
26.449,176429.0,2017-09-08
25.97666666666667,168745.0,2017-09-09
26.703636363636363,127312.0,2017-09-10
25.0,6300.0,2017-09-11
25.8625,190144.0,2017-09-12
23.950000000000003,155191.2,2017-09-13
26.14818181818181,73392.0,2017-09-14
25.93166666666667,90941.0,2017-09-15
26.501666666666665,112927.0,2017-09-16
27.35090909090909,105991.0,2017-09-17
30.0,12000.0,2017-09-18
27.407500000000002,241198.0,2017-09-19
27.44,140494.0,2017-09-20
28.075454545454548,74855.0,2017-09-21
27.781818181818178,81000.0,2017-09-22
27.464166666666667,125687.0,2017-09-23
26.82833333333333,104293.0,2017-09-24
25.0,9000.0,2017-09-25
25.71083333333333,196434.0,2017-09-26
25.085000000000004,143640.0,2017-09-27
24.596666666666664,128709.0,2017-09-28
24.618333333333336,122254.0,2017-09-29
24.499166666666667,151951.0,2017-09-30
25.66272727272727,101561.0,2017-10-01
22.2975,22540.0,2017-10-02
25.006666666666664,261287.0,2017-10-03
25.521818181818183,141361.0,2017-10-04
24.0,5000.0,2017-10-06
24.385,246919.0,2017-10-07
23.382727272727276,212382.0,2017-10-08
23.0,9000.0,2017-10-09
21.63166666666667,258262.0,2017-10-10
21.56181818181818,178290.0,2017-10-11
20.152727272727272,157303.0,2017-10-12
18.08818181818182,148221.0,2017-10-13
16.939999999999998,165402.0,2017-10-14
18.471818181818183,103040.0,2017-10-15
14.0,4000.0,2017-10-16
20.7475,158927.0,2017-10-17
20.971666666666668,237740.0,2017-10-18
20.3275,309147.0,2017-10-19
19.434166666666666,212067.0,2017-10-20
19.12545454545455,153739.0,2017-10-21
20.144444444444446,100422.0,2017-10-22
19.0,9000.0,2017-10-23
20.835,193116.0,2017-10-24
20.794999999999998,154272.0,2017-10-25
21.771666666666665,154725.0,2017-10-26
22.989090909090912,136096.0,2017-10-27
23.655833333333334,152684.0,2017-10-28
26.281,102341.0,2017-10-29
27.0,4500.0,2017-10-30
27.085000000000008,169545.0,2017-10-31
29.314545454545453,145786.0,2017-11-01
29.29181818181818,192140.0,2017-11-02
30.050833333333333,129814.0,2017-11-03
30.012727272727272,95060.0,2017-11-04
33.0625,62729.0,2017-11-05
33.0,3500.0,2017-11-06
30.93666666666667,186078.0,2017-11-07
30.439166666666665,135849.0,2017-11-08
29.633333333333336,137108.0,2017-11-09
27.378461538461536,131928.8,2017-11-10
27.863333333333333,164663.0,2017-11-11
28.14636363636364,96619.0,2017-11-12
25.0,3200.0,2017-11-13
27.81153846153846,128182.8,2017-11-14
29.874166666666667,115493.0,2017-11-15
31.20909090909091,129878.0,2017-11-16
32.806666666666665,148131.0,2017-11-17
32.475,130585.0,2017-11-18
35.101,74583.0,2017-11-19
32.0,2800.0,2017-11-20
34.45727272727273,101473.0,2017-11-21
36.819,74027.0,2017-11-22
37.34,76611.0,2017-11-23
37.001,90524.0,2017-11-24
35.026363636363634,113080.0,2017-11-25
33.982000000000006,64332.0,2017-11-26
35.0,1000.0,2017-11-27
33.74454545454545,94773.0,2017-11-28
35.10727272727273,63478.0,2017-11-29
37.404999999999994,104557.0,2017-11-30
37.19083333333334,136953.0,2017-12-01
39.912727272727274,97890.0,2017-12-02
40.965555555555554,41114.0,2017-12-03
38.0,3000.0,2017-12-04
37.15666666666667,96441.0,2017-12-05
40.00272727272727,74117.0,2017-12-06
38.462,80983.0,2017-12-07
37.82272727272727,82750.0,2017-12-08
36.64545454545455,93906.0,2017-12-09
35.477999999999994,58565.0,2017-12-10
34.0,5600.0,2017-12-11
35.86833333333333,75747.0,2017-12-12
36.096666666666664,45646.0,2017-12-13
38.58,49968.0,2017-12-14
38.27363636363636,85510.0,2017-12-15
38.0125,127207.0,2017-12-16
40.49888888888889,86246.0,2017-12-17
41.0,4000.0,2017-12-18
37.28999999999999,74797.0,2017-12-19
38.214000000000006,42972.0,2017-12-20
40.22636363636364,57148.0,2017-12-21
37.84090909090909,72154.0,2017-12-22
32.53909090909091,99106.0,2017-12-23
33.809,56402.0,2017-12-24
33.0,5200.0,2017-12-25
32.948181818181816,90351.0,2017-12-26
32.06636363636363,64735.0,2017-12-27
31.224999999999998,70794.8,2017-12-28
33.32363636363636,93813.0,2017-12-29
31.492727272727276,149233.0,2017-12-30
28.85272727272727,117909.0,2017-12-31
30.0,4200.0,2018-01-01
30.097999999999995,78261.0,2018-01-02
29.833000000000006,59676.0,2018-01-03
29.813636363636363,81541.0,2018-01-04
28.33818181818182,90792.0,2018-01-05
29.39636363636364,90247.0,2018-01-06
24.179999999999996,54777.0,2018-01-07
26.0,3000.0,2018-01-08
24.326363636363634,85605.0,2018-01-09
26.423636363636362,67250.0,2018-01-10
28.5,46657.0,2018-01-11
29.49833333333333,70132.0,2018-01-12
28.237272727272728,99000.0,2018-01-13
28.674,78756.0,2018-01-14
28.0,7000.0,2018-01-15
28.672727272727272,145686.0,2018-01-16
29.529999999999998,66894.0,2018-01-17
29.546999999999997,32591.0,2018-01-18
30.359999999999996,31804.0,2018-01-19
31.499999999999996,43751.0,2018-01-20
30.579999999999995,42731.0,2018-01-21
25.0,2800.0,2018-01-22
25.959166666666665,149675.0,2018-01-23
24.274545454545457,118605.0,2018-01-24
23.13,116739.0,2018-01-25
24.01181818181818,90541.0,2018-01-26
24.437272727272727,92415.0,2018-01-27
24.282000000000004,79072.0,2018-01-28
25.0,6500.0,2018-01-29
24.46090909090909,196037.0,2018-01-30
23.44545454545454,117882.0,2018-01-31
23.682,65209.0,2018-02-01
23.564,49983.0,2018-02-02
23.240909090909092,51885.0,2018-02-03
24.44888888888889,45736.0,2018-02-04
24.0,850.0,2018-02-05
25.009999999999994,61066.0,2018-02-06
25.084545454545456,58914.0,2018-02-07
23.494545454545456,76643.0,2018-02-08
24.25,51475.0,2018-02-09
23.992727272727276,58793.0,2018-02-10
24.067,63891.0,2018-02-11
25.298,66480.0,2018-02-12
24.324545454545454,93755.0,2018-02-13
24.527272727272727,83877.0,2018-02-14
27.95,26956.0,2018-02-15
22.919,259682.0,2018-02-21
22.149999999999995,241282.0,2018-02-22
20.664545454545454,236907.0,2018-02-23
25.102,22844.0,2018-02-24
25.627499999999998,9678.0,2018-02-25
25.0,4000.0,2018-02-26
20.97909090909091,190528.0,2018-02-27
20.036666666666665,195548.0,2018-02-28
21.338181818181813,209532.0,2018-03-01
21.945454545454545,146542.0,2018-03-02
21.742857142857144,96118.0,2018-03-03
22.357142857142854,73669.0,2018-03-04
21.0,5700.0,2018-03-05
20.330000000000002,7743.0,2018-03-06
19.81,6880.0,2018-03-07
19.145833333333332,298136.0,2018-03-08
20.13,159121.0,2018-03-09
21.754545454545454,120290.0,2018-03-10
20.89090909090909,84578.0,2018-03-11
19.0,6700.0,2018-03-12
23.240909090909092,143245.0,2018-03-13
24.709090909090904,110904.0,2018-03-14
26.377272727272725,122909.0,2018-03-15
27.653333333333336,133767.0,2018-03-16
30.137272727272727,106187.0,2018-03-17
31.13444444444444,71379.0,2018-03-18
29.0,5000.0,2018-03-19
29.931666666666672,138019.0,2018-03-20
31.567272727272726,106120.0,2018-03-21
32.15909090909091,90458.0,2018-03-22
31.764166666666668,112634.0,2018-03-23
33.47,160536.0,2018-03-24
31.49181818181818,80751.0,2018-03-25
32.0,5700.0,2018-03-26
34.626363636363635,92671.0,2018-03-27
37.85727272727273,70825.0,2018-03-28
39.06727272727273,102167.0,2018-03-29
40.85272727272728,139986.0,2018-03-30
37.20083333333333,128724.0,2018-03-31
39.239,65794.0,2018-04-01
42.0,6000.0,2018-04-02
41.04636363636363,190888.0,2018-04-03
39.52454545454546,166991.0,2018-04-04
44.400000000000006,726.0,2018-04-05
39.0,3200.0,2018-04-06
39.328,137129.0,2018-04-07
40.763,79002.0,2018-04-08
38.0,3500.0,2018-04-09
36.84166666666667,165868.0,2018-04-10
37.27818181818182,103154.0,2018-04-11
36.21909090909091,97228.0,2018-04-12
35.82,97721.0,2018-04-13
37.71818181818182,136783.0,2018-04-14
38.79899999999999,119677.0,2018-04-15
35.0,3800.0,2018-04-16
37.343636363636364,109906.0,2018-04-17
41.62,66078.0,2018-04-18
37.335,77978.0,2018-04-19
38.442727272727275,88157.0,2018-04-20
38.08,119362.0,2018-04-21
38.123999999999995,82618.0,2018-04-22
35.0,3800.0,2018-04-23
35.97090909090909,152255.0,2018-04-24
34.56636363636364,87262.0,2018-04-25
35.46090909090909,87612.0,2018-04-26
34.62272727272727,106551.0,2018-04-27
34.42250000000001,175843.0,2018-04-28
35.045,164339.0,2018-04-29
33.0,2000.0,2018-04-30
33.184999999999995,133563.0,2018-05-01
32.661818181818184,94589.0,2018-05-02
31.950909090909093,124562.0,2018-05-03
29.921818181818182,141250.0,2018-05-04
27.855833333333333,189994.0,2018-05-05
26.409999999999997,140203.0,2018-05-06
25.0,6500.0,2018-05-07
24.71,246413.0,2018-05-08
24.561818181818182,131668.0,2018-05-09
25.27,110701.0,2018-05-10
23.534166666666664,129303.0,2018-05-11
22.366666666666664,212077.0,2018-05-12
23.677,215106.0,2018-05-13
24.6,16617.0,2018-05-14
21.004545454545458,304728.0,2018-05-15
20.41181818181818,185390.0,2018-05-16
17.651,162110.0,2018-05-17
16.58818181818182,193229.0,2018-05-18
16.797272727272727,206147.0,2018-05-19
16.057,160047.0,2018-05-20
12.0,17000.0,2018-05-21
16.059090909090912,261600.0,2018-05-22
14.579166666666666,207035.0,2018-05-23
14.765454545454544,189115.0,2018-05-24
14.042727272727275,166209.0,2018-05-25
15.324545454545456,212935.0,2018-05-26
15.967272727272723,202374.0,2018-05-27
16.2,23864.0,2018-05-28
14.912727272727274,287116.0,2018-05-29
14.595454545454544,179263.0,2018-05-30
14.082999999999998,128951.0,2018-05-31
14.211666666666668,182227.0,2018-06-01
14.644545454545458,217350.0,2018-06-02
14.592000000000002,162419.0,2018-06-03
13.0,8000.0,2018-06-04
14.629999999999997,283369.0,2018-06-05
13.258333333333333,196857.0,2018-06-06
13.302727272727271,188364.0,2018-06-07
13.285833333333336,186812.0,2018-06-08
13.585,181941.0,2018-06-09
14.029090909090911,126149.0,2018-06-10
10.0,9600.0,2018-06-11
14.645454545454545,296448.0,2018-06-12
14.364999999999997,267123.0,2018-06-13
13.945833333333333,275082.0,2018-06-14
13.230909090909092,195082.0,2018-06-15
13.654,152868.0,2018-06-16
13.807499999999996,163841.0,2018-06-17
13.694999999999999,131729.0,2018-06-18
10.0,7500.0,2018-06-20
13.736363636363638,160127.0,2018-06-21
12.335833333333333,201107.0,2018-06-22
12.924999999999997,282134.0,2018-06-23
11.689999999999998,207817.0,2018-06-24
8.0,15000.0,2018-06-25
12.312499999999998,240963.0,2018-06-26
12.7975,206377.0,2018-06-27
14.018181818181818,153281.0,2018-06-28
13.916999999999998,104318.0,2018-06-29
14.026,128216.0,2018-06-30
13.824545454545456,110494.0,2018-07-01
10.0,7700.0,2018-07-02
14.903,149929.0,2018-07-03
16.630000000000003,61512.0,2018-07-04
15.891666666666666,121844.0,2018-07-05
14.854545454545455,137872.0,2018-07-06
14.969090909090907,159565.0,2018-07-07
14.613636363636363,120522.0,2018-07-08
12.0,10500.0,2018-07-09
15.787272727272727,164801.0,2018-07-10
16.628999999999998,93711.0,2018-07-11
19.505454545454548,129883.0,2018-07-12
22.833636363636362,99405.0,2018-07-13
22.680909090909086,95455.0,2018-07-14
24.707,58715.0,2018-07-15
25.0,5000.0,2018-07-16
25.86727272727273,133396.0,2018-07-17
24.643333333333334,111142.0,2018-07-18
25.934545454545457,90488.0,2018-07-19
26.185000000000002,81867.0,2018-07-20
27.150833333333335,82256.0,2018-07-21
28.259000000000004,62510.0,2018-07-22
26.0,4000.0,2018-07-23
29.818181818181817,90165.0,2018-07-24
30.69272727272727,100909.0,2018-07-25
31.331666666666667,116194.0,2018-07-26
36.415454545454544,81923.0,2018-07-27
39.52777777777777,49760.0,2018-07-28
46.75555555555556,35412.0,2018-07-29
38.0,4500.0,2018-07-30
37.163333333333334,111235.0,2018-07-31
41.696999999999996,69879.0,2018-08-01
36.307272727272725,62404.0,2018-08-02
38.443999999999996,67322.0,2018-08-03
36.920909090909085,71431.0,2018-08-04
41.796,51025.0,2018-08-05
38.0,3000.0,2018-08-06
39.019999999999996,80879.0,2018-08-07
38.265454545454546,60853.0,2018-08-08
40.617999999999995,91360.0,2018-08-09
39.36272727272727,110866.0,2018-08-10
36.27818181818182,89283.0,2018-08-11
38.291111111111114,49093.0,2018-08-12
37.0,3500.0,2018-08-13
37.840999999999994,102686.0,2018-08-14
34.666363636363634,79068.0,2018-08-15
35.571999999999996,87117.0,2018-08-16
34.897,95090.0,2018-08-17
31.662,138821.0,2018-08-18
27.55454545454545,89389.0,2018-08-19
22.0,5600.0,2018-08-20
26.794,131290.0,2018-08-21
28.073,103695.0,2018-08-22
25.849166666666665,173714.0,2018-08-23
25.281818181818185,188293.0,2018-08-24
27.078181818181815,99042.0,2018-08-25
17.0,5000.0,2018-08-27
21.25,156529.0,2018-08-28
20.248181818181816,111246.0,2018-08-29
20.378,86362.0,2018-08-30
20.920833333333334,104807.0,2018-08-31
21.26909090909091,132342.0,2018-09-01
20.355454545454542,95369.0,2018-09-02
15.0,5800.0,2018-09-03
21.127499999999998,108860.0,2018-09-04
23.779090909090908,79110.0,2018-09-05
24.80666666666667,89746.0,2018-09-06
25.42,115739.0,2018-09-07
26.19181818181818,135859.0,2018-09-08
27.08272727272727,110821.0,2018-09-09
28.0,4000.0,2018-09-10
25.926,108640.0,2018-09-11
27.214545454545455,74930.0,2018-09-12
26.487272727272728,115996.0,2018-09-13
25.069166666666664,102543.0,2018-09-14
25.82416666666667,103056.0,2018-09-15
26.472727272727273,74381.0,2018-09-16
24.0,5700.0,2018-09-17
27.676666666666662,105595.0,2018-09-18
25.923333333333332,89967.0,2018-09-19
26.094545454545457,105097.0,2018-09-20
27.043333333333337,108543.0,2018-09-21
28.14090909090909,142035.0,2018-09-22
29.55727272727273,112190.0,2018-09-23
31.467777777777776,31469.0,2018-09-24
24.0,7500.0,2018-09-26
28.12181818181818,148542.0,2018-09-27
26.047272727272727,113450.0,2018-09-28
28.10909090909091,104645.0,2018-09-29
30.422727272727272,76453.0,2018-09-30
30.0,4000.0,2018-10-01
33.22500000000001,98834.0,2018-10-02
32.85333333333334,79484.0,2018-10-03
34.23636363636364,67132.0,2018-10-04
35.184999999999995,69237.0,2018-10-05
39.36000000000001,99571.0,2018-10-06
41.74900000000001,90844.0,2018-10-07
40.65,7470.0,2018-10-08
38.82,114129.0,2018-10-09
41.733,57921.0,2018-10-10
42.464000000000006,57469.0,2018-10-11
39.151818181818186,75984.0,2018-10-12
38.542727272727284,94913.0,2018-10-13
38.769999999999996,67239.0,2018-10-14
38.0,5000.0,2018-10-15
41.37090909090909,95017.0,2018-10-16
44.53636363636363,61845.0,2018-10-17
44.7509090909091,50639.0,2018-10-18
47.71900000000001,52681.0,2018-10-19
46.972727272727276,74914.0,2018-10-20
52.773,67418.0,2018-10-21
51.65,14580.0,2018-10-22
47.9325,96008.0,2018-10-23
50.415,45791.0,2018-10-24
51.748000000000005,28108.0,2018-10-25
55.099999999999994,47245.0,2018-10-26
53.74090909090909,70196.0,2018-10-27
56.577777777777776,40112.0,2018-10-28
55.0,1300.0,2018-10-29
53.363000000000014,65078.0,2018-10-30
50.25909090909091,54430.0,2018-10-31
51.81363636363637,36964.0,2018-11-01
54.68300000000001,38756.0,2018-11-02
51.51909090909091,45883.0,2018-11-03
52.31555555555556,45729.0,2018-11-04
54.0,1200.0,2018-11-05
46.64636363636364,108723.0,2018-11-06
45.512727272727275,109543.0,2018-11-07
45.098,78700.0,2018-11-08
42.196999999999996,56369.0,2018-11-09
41.803000000000004,62017.0,2018-11-10
36.363,67668.0,2018-11-11
38.0,5000.0,2018-11-12
34.99181818181818,137748.0,2018-11-13
33.37818181818182,107830.0,2018-11-14
30.527272727272727,101264.0,2018-11-15
30.052727272727278,105289.0,2018-11-16
29.670909090909085,103660.0,2018-11-17
26.788888888888884,88846.0,2018-11-18
21.0,10000.0,2018-11-19
26.171818181818185,211710.0,2018-11-20
24.99909090909091,224582.0,2018-11-21
24.634545454545457,180270.0,2018-11-22
22.685,106827.5,2018-11-23
20.183333333333334,99292.0,2018-11-24
21.035000000000004,84166.0,2018-11-25
20.0,10000.0,2018-11-26
23.095454545454547,180313.0,2018-11-27
22.35727272727273,130219.0,2018-11-28
18.575454545454548,139387.0,2018-11-29
19.965833333333332,141170.0,2018-11-30
20.48181818181818,201428.0,2018-12-01
18.188999999999997,131677.0,2018-12-02
17.0,10000.0,2018-12-03
20.2425,179076.0,2018-12-04
21.94363636363637,185340.0,2018-12-05
21.39833333333333,222840.0,2018-12-06
21.43583333333333,168120.0,2018-12-07
23.475454545454546,119251.4,2018-12-08
18.425,92421.0,2018-12-09
19.0,6200.0,2018-12-10
21.955454545454543,175317.0,2018-12-11
21.69090909090909,142908.0,2018-12-12
19.506363636363638,143001.0,2018-12-13
19.388181818181817,118973.0,2018-12-14
19.138,128205.0,2018-12-15
20.668999999999997,86477.0,2018-12-16
17.0,7500.0,2018-12-17
21.416,147778.0,2018-12-18
24.182727272727274,136919.0,2018-12-19
25.80363636363636,171932.0,2018-12-20
25.90909090909091,124888.0,2018-12-21
26.319,95842.0,2018-12-22
26.474444444444448,46395.0,2018-12-23
25.0,6000.0,2018-12-24
27.049090909090907,133846.0,2018-12-25
24.878181818181815,107252.0,2018-12-26
25.082727272727276,113535.0,2018-12-27
23.430000000000003,139716.0,2018-12-28
21.728333333333335,125144.0,2018-12-29
21.026363636363637,86482.0,2018-12-30
19.0,6500.0,2018-12-31
22.799166666666668,95696.0,2019-01-01
25.071538461538463,58525.4,2019-01-02
27.024545454545454,94474.0,2019-01-03
28.14090909090909,108248.0,2019-01-04
27.246363636363636,152180.0,2019-01-05
28.474,71450.0,2019-01-06
28.43,104815.0,2019-01-08
27.00909090909091,101684.0,2019-01-09
25.509090909090904,113699.0,2019-01-10
24.811818181818182,115842.0,2019-01-11
24.59090909090909,125699.0,2019-01-12
24.009999999999998,79821.0,2019-01-13
20.0,8000.0,2019-01-14
25.280909090909088,133122.0,2019-01-15
24.173636363636366,97694.0,2019-01-16
23.41545454545455,92117.0,2019-01-17
24.40909090909091,130230.0,2019-01-18
25.759999999999998,169741.0,2019-01-19
25.87777777777778,108480.0,2019-01-20
25.794,82923.0,2019-01-22
26.05272727272727,63948.0,2019-01-23
25.12090909090909,82920.0,2019-01-24
24.16,96576.0,2019-01-25
25.08909090909091,88094.0,2019-01-26
25.291999999999998,66220.0,2019-01-27
25.0,2800.0,2019-01-28
24.513636363636362,130089.0,2019-01-29
24.91,68447.0,2019-01-30
24.517272727272726,92510.0,2019-01-31
24.62909090909091,110795.0,2019-02-01
24.995454545454546,143756.0,2019-02-02
24.118181818181814,97107.0,2019-02-03
27.466,30949.0,2019-02-04
24.735,247638.0,2019-02-10
21.1,177877.0,2019-02-11
19.68,201928.0,2019-02-12
23.153333333333336,13155.0,2019-02-13
19.92833333333333,103986.0,2019-02-14
20.41272727272727,89019.0,2019-02-15
21.439090909090908,113995.0,2019-02-16
21.675,189249.0,2019-02-17
21.186666666666664,144405.0,2019-02-18
19.970000000000002,136051.0,2019-02-19
18.0,3000.0,2019-02-21
20.212727272727275,125112.0,2019-02-22
20.464545454545455,142606.0,2019-02-23
19.695,117071.0,2019-02-24
18.0,7000.0,2019-02-25
20.974545454545453,134867.0,2019-02-26
20.368333333333332,111185.0,2019-02-27
21.91083333333333,93731.0,2019-02-28
22.5,97037.0,2019-03-01
22.75545454545454,109640.0,2019-03-02
23.767000000000003,82202.0,2019-03-03
24.0,8500.0,2019-03-04
23.770000000000003,179740.0,2019-03-05
23.6775,166000.0,2019-03-06
25.135454545454547,127979.0,2019-03-07
23.820909090909087,71314.0,2019-03-08
27.981818181818177,28792.0,2019-03-09
28.089999999999996,45711.0,2019-03-10
24.0,4000.0,2019-03-11
28.5125,123793.0,2019-03-12
28.05454545454545,115184.0,2019-03-13
27.734545454545454,130408.0,2019-03-14
25.916666666666668,111093.0,2019-03-15
27.37727272727273,115667.0,2019-03-16
27.431,72364.0,2019-03-17
25.0,8600.0,2019-03-18
28.421666666666663,179207.0,2019-03-19
30.732999999999997,174771.0,2019-03-20
28.8225,148713.0,2019-03-21
27.80090909090909,102286.0,2019-03-22
28.063636363636363,94566.0,2019-03-23
29.123,98874.0,2019-03-24
27.0,5600.0,2019-03-25
28.93166666666667,137098.0,2019-03-26
29.420000000000005,113603.0,2019-03-27
29.532727272727275,136257.0,2019-03-28
28.525000000000002,138081.0,2019-03-29
29.22,129508.0,2019-03-30
29.439,82429.0,2019-03-31
28.0,10000.0,2019-04-01
29.984545454545454,188104.0,2019-04-02
28.81,181709.0,2019-04-03
32.35272727272728,216955.0,2019-04-04
33.3525,6081.0,2019-04-05
35.582857142857144,85904.0,2019-04-07
33.0,6000.0,2019-04-08
31.525833333333335,222380.0,2019-04-09
32.809999999999995,138836.0,2019-04-10
30.19272727272728,132716.0,2019-04-11
28.2775,120864.0,2019-04-12
30.597272727272728,131908.0,2019-04-13
31.07,91066.0,2019-04-14
28.0,10000.0,2019-04-15
31.484545454545454,163860.0,2019-04-16
31.078181818181818,147833.0,2019-04-17
33.598181818181814,177277.0,2019-04-18
34.2,158020.0,2019-04-19
35.717,101086.0,2019-04-20
36.18888888888889,75786.0,2019-04-21
33.0,18000.0,2019-04-22
31.615000000000006,188266.0,2019-04-23
31.95,150184.0,2019-04-24
31.29818181818182,163675.0,2019-04-25
29.529999999999994,171874.0,2019-04-26
29.832727272727276,172265.0,2019-04-27
28.545000000000005,116374.0,2019-04-28
22.0,10000.0,2019-04-29
26.486666666666668,211903.0,2019-04-30
27.720909090909085,134900.0,2019-05-01
28.604545454545452,148887.0,2019-05-02
28.836363636363636,150414.0,2019-05-03
28.79583333333333,195354.0,2019-05-04
33.029999999999994,142656.0,2019-05-05
30.879,165094.0,2019-05-07
30.777272727272727,103359.0,2019-05-08
29.46454545454545,123346.0,2019-05-09
27.587272727272726,177972.0,2019-05-10
25.58818181818182,197361.0,2019-05-11
24.124000000000002,127824.0,2019-05-12
21.0,7000.0,2019-05-13
23.236666666666665,201972.0,2019-05-14
24.747500000000002,178896.0,2019-05-15
25.594,41486.0,2019-05-16
26.782727272727275,239063.0,2019-05-17
26.37166666666667,215784.0,2019-05-18
29.758,125788.0,2019-05-19
29.907999999999998,122983.0,2019-05-21
31.709090909090904,92558.0,2019-05-22
31.534545454545448,102604.0,2019-05-23
31.077272727272728,137933.0,2019-05-24
28.492500000000003,143109.0,2019-05-25
28.014545454545452,114993.0,2019-05-26
27.0,7000.0,2019-05-27
26.458333333333332,162884.0,2019-05-28
28.098181818181818,100730.0,2019-05-29
30.416363636363634,80748.0,2019-05-30
30.875833333333336,113238.0,2019-05-31
32.025000000000006,174154.0,2019-06-01
34.30899999999999,153086.0,2019-06-02
29.0,6500.0,2019-06-03
36.207,118736.0,2019-06-04
36.666,84851.0,2019-06-05
37.553636363636365,135277.0,2019-06-06
37.83454545454545,110088.0,2019-06-07
41.59333333333334,44316.0,2019-06-08
30.0,5000.0,2019-06-10
34.335454545454546,171428.0,2019-06-11
31.716363636363642,91989.0,2019-06-12
34.05,56085.0,2019-06-13
34.70454545454545,77965.0,2019-06-14
34.325,122715.0,2019-06-15
38.695,123299.0,2019-06-16
35.0,6000.0,2019-06-17
36.91,117354.0,2019-06-18
36.34400000000001,73865.0,2019-06-19
34.04272727272728,87644.0,2019-06-20
31.878181818181815,85508.0,2019-06-21
33.224,94774.0,2019-06-22
33.104,66332.0,2019-06-23
32.0,6000.0,2019-06-24
31.5990909090909,109297.0,2019-06-25
31.24454545454546,67929.0,2019-06-26
32.16090909090909,67865.0,2019-06-27
31.939090909090908,78473.0,2019-06-28
29.75583333333333,94658.0,2019-06-29
31.617,83726.0,2019-06-30
30.0,6500.0,2019-07-01
31.978181818181813,184038.0,2019-07-02
31.12909090909091,101591.0,2019-07-03
31.879,68196.0,2019-07-04
31.750000000000007,71812.0,2019-07-05
31.71,92791.0,2019-07-06
32.661,80456.0,2019-07-07
30.0,7000.0,2019-07-08
29.111666666666665,146217.0,2019-07-09
29.174545454545456,94649.0,2019-07-10
27.905,83834.0,2019-07-11
30.276363636363637,77928.0,2019-07-12
28.19416666666667,85631.0,2019-07-13
30.252999999999997,76574.0,2019-07-14
30.0,6000.0,2019-07-15
31.836666666666662,169043.0,2019-07-16
34.39636363636364,108172.0,2019-07-17
33.19,84802.0,2019-07-18
31.137,68711.0,2019-07-19
31.911818181818184,76465.0,2019-07-20
34.402,49146.0,2019-07-21
28.0,5800.0,2019-07-22
33.57727272727273,114059.0,2019-07-23
32.649090909090916,82783.0,2019-07-24
32.74363636363636,85748.0,2019-07-25
35.158181818181816,67524.0,2019-07-26
33.804545454545455,76949.0,2019-07-27
37.537,58917.0,2019-07-28
38.0,5200.0,2019-07-29
37.232727272727274,132467.0,2019-07-30
39.32899999999999,135720.0,2019-07-31
38.58090909090909,84846.0,2019-08-01
42.28777777777778,56255.0,2019-08-02
41.85888888888889,51514.0,2019-08-03
45.422999999999995,48323.0,2019-08-04
43.0,5000.0,2019-08-05
39.29416666666666,137550.0,2019-08-06
38.67909090909091,112019.0,2019-08-07
37.75090909090909,100635.0,2019-08-08
35.42399999999999,74986.0,2019-08-09
37.89090909090909,71020.0,2019-08-10
40.312999999999995,56680.0,2019-08-11
42.0,8500.0,2019-08-12
37.74090909090909,185191.0,2019-08-13
36.526363636363634,193681.0,2019-08-14
36.07818181818181,139275.0,2019-08-15
38.0,5000.0,2019-08-17
33.117000000000004,123916.0,2019-08-18
30.0,7000.0,2019-08-19
28.727272727272723,222651.0,2019-08-20
25.85363636363636,166467.0,2019-08-21
25.060833333333324,156946.0,2019-08-22
22.7,122881.0,2019-08-23
26.69363636363636,125696.0,2019-08-24
26.037272727272725,81811.0,2019-08-25
25.0,6800.0,2019-08-26
27.021666666666672,163042.0,2019-08-27
26.819090909090903,157690.0,2019-08-28
28.771818181818183,162933.0,2019-08-29
29.385833333333334,136516.0,2019-08-30
30.394000000000005,81711.0,2019-08-31
32.053,67155.0,2019-09-01
25.0,7000.0,2019-09-02
31.832499999999996,158144.0,2019-09-03
31.36,128213.0,2019-09-04
30.046666666666667,110563.0,2019-09-05
27.893636363636368,115031.0,2019-09-06
30.14454545454545,101114.0,2019-09-07
30.973636363636366,85510.0,2019-09-08
30.0,7000.0,2019-09-09
32.560909090909085,162325.0,2019-09-10
31.051666666666666,140655.5,2019-09-11
31.93583333333333,171553.2,2019-09-12
33.25,107361.0,2019-09-13
32.53333333333333,36368.0,2019-09-14
26.0,4000.0,2019-09-15
28.0,8600.0,2019-09-16
30.389999999999997,211295.0,2019-09-17
27.527272727272727,166213.0,2019-09-18
26.843333333333334,156313.0,2019-09-19
27.13,131171.0,2019-09-20
25.490000000000006,107592.0,2019-09-21
26.552727272727278,92534.0,2019-09-22
23.0,9000.0,2019-09-23
28.11,171737.0,2019-09-24
29.213333333333328,118886.0,2019-09-25
29.387500000000003,126203.0,2019-09-26
28.261666666666667,177268.0,2019-09-27
29.474545454545453,216693.0,2019-09-28
26.954545454545453,137416.0,2019-09-29
27.422727272727272,131867.0,2019-10-01
28.277499999999993,144082.0,2019-10-02
28.634166666666662,162725.0,2019-10-03
27.65166666666667,187971.0,2019-10-04
26.333333333333332,204833.0,2019-10-05
27.29909090909091,137905.0,2019-10-06
24.0,8200.0,2019-10-07
28.275833333333328,201034.0,2019-10-08
28.430000000000003,153849.0,2019-10-09
28.879166666666663,173068.0,2019-10-10
28.700833333333332,217070.1,2019-10-11
29.186666666666664,229466.0,2019-10-12
30.995454545454546,141966.0,2019-10-13
27.987272727272728,181819.0,2019-10-15
27.713636363636365,193597.0,2019-10-16
28.580000000000002,25620.0,2019-10-17
26.9175,252133.0,2019-10-18
26.641666666666666,220804.0,2019-10-19
24.921000000000003,158194.0,2019-10-20
25.0,8000.0,2019-10-21
25.0425,224964.0,2019-10-22
25.179999999999996,154366.0,2019-10-23
25.520833333333332,140182.0,2019-10-24
26.690909090909088,140960.0,2019-10-25
27.579166666666666,197005.2,2019-10-26
28.221818181818183,192307.0,2019-10-27
24.0,6000.0,2019-10-28
28.262727272727272,167807.0,2019-10-29
27.863636363636363,108142.0,2019-10-30
26.78333333333333,128351.0,2019-10-31
26.30583333333333,157701.0,2019-11-01
28.654545454545453,182600.0,2019-11-02
27.83454545454545,115750.0,2019-11-03
26.0,8000.0,2019-11-04
27.941666666666666,190405.0,2019-11-05
28.235833333333332,126118.0,2019-11-06
30.063076923076927,117126.4,2019-11-07
29.964545454545455,132925.0,2019-11-08
31.560909090909096,184742.0,2019-11-09
33.60545454545455,165389.0,2019-11-10
32.0,5000.0,2019-11-11
32.24363636363637,140860.0,2019-11-12
34.39181818181819,91155.0,2019-11-13
33.612,25698.0,2019-11-14
34.24727272727272,161844.0,2019-11-15
31.094615384615388,151604.0,2019-11-16
33.903999999999996,108313.0,2019-11-17
35.0,6800.0,2019-11-18
33.52916666666667,142803.0,2019-11-19
34.02461538461539,105723.6,2019-11-20
36.28636363636363,95990.0,2019-11-21
34.32833333333333,110417.0,2019-11-22
36.223636363636366,134729.0,2019-11-23
34.54,132075.0,2019-11-24
42.5,12760.0,2019-11-25
34.836666666666666,175471.0,2019-11-26
34.82,108466.0,2019-11-27
32.25181818181819,89128.0,2019-11-28
32.37090909090909,117726.0,2019-11-29
33.91636363636364,149406.0,2019-11-30
31.66272727272728,95324.0,2019-12-01
28.0,7000.0,2019-12-02
31.129166666666666,162730.0,2019-12-03
31.172500000000003,106598.0,2019-12-04
30.931666666666672,87608.0,2019-12-05
31.422000000000004,74915.0,2019-12-06
32.072,88512.0,2019-12-07
34.49900000000001,128708.0,2019-12-08
36.75,7700.0,2019-12-09
33.38384615384616,180663.8,2019-12-10
32.557272727272725,87155.0,2019-12-11
32.235454545454544,53820.0,2019-12-12
34.602999999999994,64819.0,2019-12-13
33.78818181818181,96913.0,2019-12-14
32.345454545454544,87013.0,2019-12-15
33.0,6500.0,2019-12-16
33.903636363636366,169004.0,2019-12-17
32.464999999999996,120051.0,2019-12-18
31.054166666666664,116251.0,2019-12-19
32.880909090909086,116976.0,2019-12-20
31.67,128459.0,2019-12-21
33.06333333333333,78743.0,2019-12-22
28.0,6800.0,2019-12-23
33.6,189728.0,2019-12-24
33.12454545454545,183781.0,2019-12-25
30.333333333333332,129330.0,2019-12-26
30.46545454545454,96182.0,2019-12-27
31.946250000000006,74395.0,2019-12-28
30.530909090909088,84728.0,2019-12-29
26.0,5000.0,2019-12-30
30.233636363636364,123659.0,2019-12-31
