平均價,新北市_降水量,臺中市_降水量,臺南市_降水量,高雄市_降水量,桃園市_降水量,新竹縣_降水量,苗栗縣_降水量,南投縣_降水量,彰化縣_降水量,雲林縣_降水量,嘉義市_降水量,屏東縣_降水量,宜蘭縣_降水量,花蓮縣_降水量,臺東縣_降水量,color
39.81428571428571,7.5,0.0,0.0,0.0,1.0,4.0,1.5,0.0,0.0,0.0,0.0,0.0,6.799999999999999,0.0,0.0,"rgb(78,246,177)"
35.4,2.0,0.4,0.0,0.0,0.5,0.0,0.0,0.5,0.0,0.5,0.0,0.0,0.1,0.5,0.4,"rgb(76,242,179)"
38.68571428571429,18.5,3.6000000000000005,2.0,0.0,13.0,3.5,3.0,2.5,2.0,2.0,2.5,0.0,11.099999999999998,3.5,0.1,"rgb(95,234,160)"
37.957142857142856,10.0,0.0,0.0,0.0,6.0,0.5,4.0,0.0,0.0,0.0,0.0,0.0,54.39999999999999,0.0,0.0,"rgb(89,213,166)"
38.3,8.5,0.0,0.0,0.0,4.0,2.0,0.5,0.0,0.0,0.0,0.0,0.0,6.6000000000000005,0.0,0.0,"rgb(77,223,178)"
37.871428571428574,5.0,0.0,0.0,0.0,0.0,0.0,0.0,0.0,0.0,0.0,0.0,0.0,8.4,0.0,0.0,"rgb(75,225,180)"
32.15,2.0,0.0,0.0,0.0,1.0,0.5,0.0,0.0,0.0,0.0,0.0,0.0,0.3,0.0,0.0,"rgb(49,227,206)"
36.3,7.5,0.1,0.0,0.0,22.0,10.5,7.5,0.5,0.0,3.5,0.0,0.0,2.3000000000000003,4.5,0.0,"rgb(69,190,186)"
36.3,21.0,0.6,3.5,0.0,15.5,8.0,6.0,3.0,0.5,7.0,0.5,0.0,5.3,0.0,0.0,"rgb(74,192,181)"
36.82857142857142,7.5,0.0,0.0,0.0,1.5,0.0,0.0,0.5,0.0,1.5,0.5,0.0,36.5,0.5,0.0,"rgb(89,216,166)"
37.04285714285713,2.0,0.2,0.0,0.0,0.0,0.0,0.0,0.5,0.0,0.5,0.0,0.0,18.9,1.0,0.0,"rgb(89,224,166)"
36.74285714285714,31.5,1.1,0.0,0.0,18.0,5.0,5.0,0.5,1.0,0.5,0.0,1.5,17.0,11.0,5.799999999999999,"rgb(73,191,182)"
37.28333333333333,14.5,5.1000000000000005,3.5,0.0,13.5,10.5,9.0,12.0,6.5,5.5,11.6,24.0,2.8000000000000003,24.0,17.5,"rgb(65,183,190)"
38.0,0.0,0.0,0.0,0.0,0.0,0.0,0.0,0.0,0.0,0.0,0.0,0.5,0.0,0.0,0.0,"rgb(84,237,171)"
36.04285714285713,0.0,0.0,0.0,0.0,0.0,0.0,0.0,0.0,0.0,0.0,0.0,0.0,0.0,0.0,0.0,"rgb(77,252,178)"
35.957142857142856,9.0,0.0,0.0,0.0,0.0,0.0,0.0,0.0,0.0,0.0,0.0,0.0,5.799999999999999,0.0,0.0,"rgb(74,251,181)"
33.025,6.0,0.0,0.0,0.0,0.0,0.0,0.0,0.0,0.0,0.0,0.0,0.0,4.0,2.0,0.0,"rgb(95,240,160)"
34.3,0.0,0.0,0.0,0.0,0.0,0.0,0.0,0.0,0.0,0.0,0.0,0.0,0.0,0.5,0.0,"rgb(91,247,164)"
33.51428571428572,0.0,0.0,0.0,0.0,0.0,0.0,0.0,0.0,0.0,0.0,0.0,0.0,0.0,0.0,0.0,"rgb(76,254,179)"
33.00000000000001,0.0,0.0,0.0,0.0,0.0,0.0,0.0,0.0,0.0,0.0,0.0,2.6,0.4,0.0,44.0,"rgb(62,250,193)"
35.0,0.0,0.0,0.0,0.0,0.0,0.0,0.0,0.0,0.0,0.0,0.0,2.5,0.0,0.0,10.0,"rgb(63,247,192)"
34.371428571428574,0.0,0.0,0.0,0.0,0.0,0.0,0.0,0.0,0.0,0.0,0.0,1.0,0.2,0.0,2.0,"rgb(61,244,194)"
32.5125,0.5,0.0,0.0,0.0,0.0,0.0,0.0,0.0,0.0,0.0,0.0,0.0,0.0,0.0,0.0,"rgb(71,240,184)"
34.128571428571426,0.0,0.0,0.0,0.0,0.0,0.0,0.0,0.0,0.0,0.0,0.0,0.5,0.1,0.5,0.5,"rgb(64,239,191)"
34.51428571428571,0.5,0.0,0.0,0.0,0.0,0.0,0.0,0.0,0.0,0.0,0.0,0.0,2.8999999999999995,7.5,0.0,"rgb(85,232,170)"
33.68571428571429,2.0,0.0,0.0,0.0,0.0,0.0,0.0,0.0,0.0,0.0,0.0,0.0,3.3999999999999995,0.0,0.0,"rgb(71,243,184)"
34.050000000000004,6.5,0.1,0.0,0.0,1.5,1.0,0.0,0.0,0.0,0.5,0.0,0.0,8.0,0.5,0.0,"rgb(94,235,161)"
38.0,0.0,0.0,0.0,0.0,0.0,0.0,0.0,0.0,0.0,0.0,0.0,0.0,0.0,0.0,0.0,"rgb(85,251,170)"
34.8,0.0,0.0,0.0,0.0,0.0,0.0,0.0,0.0,0.0,0.0,0.0,0.0,0.0,0.0,0.0,"rgb(75,253,180)"
31.08571428571429,0.0,0.0,0.0,0.0,0.0,0.0,0.0,0.0,0.0,0.0,0.0,4.5,0.0,0.0,0.0,"rgb(77,253,178)"
33.5,0.0,0.0,0.0,0.0,0.0,0.0,0.0,0.0,0.0,0.0,0.0,0.0,0.0,0.0,0.0,"rgb(72,253,183)"
33.41428571428572,0.0,0.0,0.0,0.0,0.0,0.0,0.0,0.0,0.0,0.0,0.0,0.5,0.0,0.0,0.7000000000000001,"rgb(65,247,190)"
33.785714285714285,0.5,0.0,0.0,0.0,0.0,0.0,0.0,0.0,0.0,0.0,0.0,2.5,16.3,15.5,50.60000000000001,"rgb(59,246,196)"
34.957142857142856,1.0,1.1,1.0,0.0,0.5,0.5,0.5,0.5,3.5,0.5,2.5,6.5,0.2,4.5,19.4,"rgb(62,246,193)"
35.75,0.0,0.0,0.0,0.0,0.0,0.0,0.0,0.0,0.0,0.0,0.0,0.0,0.0,6.0,1.5,"rgb(55,236,200)"
33.785714285714285,0.0,0.0,0.0,0.0,1.5,0.5,0.0,0.0,0.0,0.0,0.0,0.0,0.0,4.0,0.1,"rgb(54,235,201)"
32.32857142857143,0.5,0.0,0.0,0.0,0.0,0.0,0.0,0.0,0.0,0.0,0.0,0.0,17.3,1.5,2.4,"rgb(70,213,185)"
31.114285714285717,10.0,0.0,0.0,0.0,0.0,0.0,0.0,0.0,0.0,0.0,0.0,0.0,29.7,7.0,1.4,"rgb(77,211,178)"
32.65714285714286,9.5,0.0,0.0,0.0,1.0,0.0,0.0,2.0,0.0,0.0,1.0,0.0,6.200000000000001,2.0,0.5,"rgb(92,232,163)"
33.75714285714286,1.5,0.0,0.0,0.0,1.0,0.0,0.0,0.0,0.0,0.0,0.0,0.0,0.0,0.0,0.0,"rgb(84,246,171)"
32.957142857142856,2.0,0.0,0.0,0.0,1.5,0.0,0.0,0.0,0.0,0.0,0.0,0.0,0.0,3.0,1.3,"rgb(72,221,183)"
33.142857142857146,0.5,0.0,0.0,0.0,0.0,0.0,0.0,0.0,0.0,0.0,0.0,0.0,0.0,0.0,0.0,"rgb(83,230,172)"
33.81428571428571,0.0,0.0,0.0,0.0,0.0,0.0,0.0,0.0,0.0,0.0,0.0,0.0,0.0,1.0,1.2,"rgb(47,226,208)"
31.5,0.0,0.0,0.0,0.0,0.0,0.0,0.0,0.0,0.0,0.0,0.0,0.0,0.0,0.0,0.0,"rgb(39,208,216)"
30.02222222222223,2.0,0.0,0.0,0.0,2.0,0.0,0.0,0.0,0.0,0.0,0.0,0.5,0.0,0.0,0.0,"rgb(72,221,183)"
30.85,4.0,0.0,0.0,0.0,0.5,0.0,0.0,0.0,0.0,0.0,0.0,0.0,1.9,0.5,0.0,"rgb(90,232,165)"
34.114285714285714,8.5,0.0,0.0,0.0,1.0,2.5,1.0,0.0,0.0,0.0,0.0,0.0,22.6,0.0,0.5,"rgb(89,223,166)"
30.275,6.5,0.0,0.0,0.0,4.0,0.5,1.0,0.0,0.0,0.0,0.0,0.0,1.1,10.0,6.700000000000001,"rgb(87,237,168)"
30.2875,4.5,0.0,0.0,0.0,0.5,0.0,0.0,0.0,0.0,0.0,0.0,0.0,14.5,0.0,0.0,"rgb(93,229,162)"
30.6875,1.5,0.0,0.0,0.0,0.0,0.0,0.0,0.0,0.0,0.0,0.0,0.5,6.0,5.5,0.2,"rgb(73,254,182)"
32.55,0.0,0.0,0.0,0.0,0.5,0.0,0.0,0.0,0.0,0.0,0.0,0.0,0.0,2.5,3.4,"rgb(49,229,206)"
29.775,11.0,0.0,0.0,0.0,25.0,7.5,0.5,0.0,0.0,0.0,0.0,0.0,5.6000000000000005,0.0,0.0,"rgb(64,192,191)"
32.57142857142857,0.0,0.0,0.0,0.0,0.0,0.0,0.0,0.0,0.0,0.0,0.0,0.0,0.0,0.0,1.0,"rgb(46,224,209)"
28.375,2.5,0.7000000000000001,0.0,0.0,3.0,0.5,0.0,0.0,0.0,0.0,0.0,0.0,6.200000000000001,0.0,0.0,"rgb(58,209,197)"
31.42857142857143,7.0,2.1,0.0,1.5,4.0,0.5,0.0,1.0,0.0,3.5,0.0,0.5,0.0,0.5,0.0,"rgb(93,237,162)"
31.000000000000004,0.5,0.1,0.0,0.5,0.0,0.0,0.5,0.5,0.0,0.5,0.0,0.0,0.0,0.0,0.0,"rgb(91,246,164)"
35.0,0.0,0.0,0.0,0.0,0.0,0.0,0.0,0.5,0.0,0.5,0.0,0.0,0.0,1.0,0.0,"rgb(88,247,167)"
30.82857142857143,0.0,0.0,0.0,0.0,0.0,0.0,0.0,0.0,0.0,0.0,0.0,0.0,0.0,0.0,0.0,"rgb(74,255,181)"
29.67142857142857,0.0,0.0,0.0,0.0,0.0,0.0,0.0,0.0,0.0,0.0,0.0,0.0,0.0,0.0,0.0,"rgb(69,251,186)"
30.085714285714282,0.0,0.0,0.0,0.0,0.0,0.0,0.0,0.0,0.0,0.0,0.0,0.0,0.0,0.0,0.0,"rgb(61,242,194)"
29.275,0.0,0.0,0.0,0.0,0.0,0.0,0.0,0.0,0.0,0.0,0.0,0.0,0.0,0.0,0.0,"rgb(50,231,205)"
32.42857142857143,0.0,0.0,0.0,0.0,0.0,0.0,0.0,0.0,0.0,0.0,0.0,0.0,0.0,0.0,0.0,"rgb(48,224,207)"
31.8,0.0,0.0,0.0,0.0,0.0,0.0,0.0,0.0,0.0,0.0,0.0,0.0,0.0,0.0,0.0,"rgb(57,211,198)"
26.8,0.0,0.0,0.0,0.0,0.0,0.0,0.0,0.0,0.0,0.0,0.0,0.0,0.0,0.0,0.0,"rgb(71,220,184)"
32.2125,0.0,0.0,0.0,0.0,0.0,0.0,0.0,0.0,0.0,0.0,0.0,0.0,0.0,0.0,0.0,"rgb(48,222,207)"
33.06666666666666,0.5,0.3,0.0,0.0,0.5,0.0,0.0,0.0,0.0,0.0,0.0,0.0,0.7000000000000001,2.0,0.0,"rgb(54,209,201)"
33.24285714285715,1.0,0.0,0.0,0.0,0.0,0.0,0.0,0.0,0.0,0.0,0.0,0.0,0.0,0.0,0.0,"rgb(88,234,167)"
34.2,0.5,0.4,0.0,0.0,0.0,0.0,1.5,0.0,0.0,0.0,0.0,0.0,0.7000000000000001,0.0,0.0,"rgb(72,250,183)"
33.114285714285714,0.0,0.0,0.0,0.0,0.0,0.0,0.0,0.0,0.0,0.0,0.0,0.0,0.0,0.5,0.0,"rgb(60,242,195)"
33.285714285714285,0.0,0.0,0.0,0.0,0.0,0.0,0.0,0.0,0.0,0.0,0.0,0.0,0.0,0.0,0.0,"rgb(38,207,217)"
36.0,0.0,18.5,0.0,0.0,1.5,2.0,5.0,0.0,8.0,8.0,28.0,0.0,0.1,0.0,0.2,"rgb(46,187,209)"
33.142857142857146,0.0,0.0,0.0,0.0,3.0,2.0,0.0,0.0,0.0,0.5,0.0,0.0,0.3,0.0,0.0,"rgb(32,202,223)"
33.042857142857144,1.0,0.3,0.0,0.0,1.0,0.0,1.5,0.0,0.0,0.0,0.0,0.0,0.1,0.0,0.0,"rgb(35,203,220)"
32.15714285714285,1.5,0.7999999999999999,0.0,0.0,0.0,0.0,0.0,0.0,0.0,1.0,3.0,0.0,3.5,0.0,0.0,"rgb(61,207,194)"
32.371428571428574,0.0,0.0,0.0,0.0,0.0,0.0,0.0,0.0,0.0,0.0,0.0,0.0,0.0,0.0,0.7000000000000001,"rgb(35,205,220)"
32.714285714285715,0.0,0.0,0.0,0.0,0.0,0.0,0.0,0.0,0.0,0.0,0.0,0.0,0.0,0.0,0.0,"rgb(30,202,225)"
33.98571428571428,2.5,5.6000000000000005,0.0,0.0,13.0,6.5,4.0,2.0,1.0,0.5,0.5,0.0,0.1,0.0,0.0,"rgb(38,192,217)"
31.16666666666667,0.5,0.0,0.0,0.0,0.0,0.0,0.0,0.0,0.0,0.0,0.0,0.0,0.9,4.0,0.10000000000000002,"rgb(63,210,192)"
33.0,3.0,2.0,0.0,0.0,13.0,11.5,15.0,2.0,2.0,1.0,0.4,0.0,2.5,0.0,0.0,"rgb(63,188,192)"
33.78333333333333,0.5,11.7,2.5,7.5,6.0,4.5,3.5,12.0,11.5,13.0,8.5,3.0,1.5,4.0,0.0,"rgb(55,188,200)"
33.25714285714285,23.5,18.7,0.0,0.0,16.0,20.0,28.5,21.5,17.5,4.0,0.5,0.0,8.6,2.0,0.0,"rgb(64,175,191)"
33.01428571428572,2.5,0.4,0.0,0.5,6.0,2.5,1.5,2.0,0.0,2.0,0.5,0.0,0.4,2.5,0.0,"rgb(58,201,197)"
33.32857142857143,0.5,0.0,0.0,0.0,11.0,1.0,0.5,0.0,0.0,0.0,0.0,0.0,0.0,0.0,0.0,"rgb(57,200,198)"
32.52857142857143,16.0,1.1,2.5,13.0,17.0,16.5,10.5,0.5,1.0,1.5,1.0,0.0,9.8,5.5,4.5,"rgb(67,189,188)"
33.19,13.0,11.6,0.0,0.0,7.0,8.0,20.0,11.0,11.5,4.0,0.5,0.0,11.1,0.5,0.0,"rgb(61,184,194)"
32.3375,5.0,2.6,0.0,0.0,0.0,8.5,3.0,3.0,2.0,0.0,0.0,0.0,0.0,4.5,0.0,"rgb(59,203,196)"
32.4,18.0,16.400000000000002,19.5,0.0,10.0,24.0,23.0,13.5,6.0,17.5,21.5,0.0,18.8,35.5,0.0,"rgb(64,180,191)"
32.0,39.5,98.8,49.0,15.5,36.0,31.5,44.0,113.0,161.5,95.0,88.4,0.0,11.6,7.5,3.3,"rgb(70,156,185)"
32.457142857142856,6.5,1.3,5.0,51.5,5.5,8.0,11.0,7.5,1.0,18.0,6.0,76.0,1.4,22.0,13.2,"rgb(43,151,212)"
29.3375,0.0,0.0,0.0,0.0,0.0,0.0,0.0,0.0,0.0,0.0,0.0,0.0,0.0,4.0,1.0,"rgb(74,223,181)"
33.0,0.0,0.0,0.0,0.0,0.0,0.0,0.0,0.0,0.0,0.0,0.0,0.0,0.0,0.0,0.5,"rgb(46,224,209)"
31.271428571428572,11.0,17.3,9.0,0.0,18.5,11.0,5.0,11.5,18.0,12.0,6.5,0.0,10.4,22.5,1.5,"rgb(64,182,191)"
31.12857142857143,6.0,2.6,0.0,0.0,2.0,2.0,2.0,3.0,0.5,4.0,0.5,0.0,3.3999999999999995,3.0,0.0,"rgb(75,220,180)"
31.883333333333336,23.0,5.5,0.0,0.0,33.5,33.5,18.5,0.5,2.0,1.5,0.0,0.0,30.1,1.5,0.0,"rgb(72,186,183)"
31.628571428571423,31.5,8.1,0.0,0.0,35.5,31.5,28.5,7.5,6.0,5.0,1.5,0.0,36.4,1.0,0.7000000000000001,"rgb(73,185,182)"
30.585714285714282,1.5,0.4,0.0,0.0,1.0,0.5,0.0,2.0,0.5,0.0,0.0,0.0,0.2,1.0,0.0,"rgb(50,229,205)"
31.8,5.5,15.5,0.0,0.0,23.0,28.5,31.5,10.5,7.0,3.5,1.5,0.0,1.6,1.0,0.0,"rgb(65,177,190)"
33.0,0.0,0.0,0.0,0.0,0.0,0.5,0.0,0.5,0.0,0.0,0.0,0.0,0.0,0.0,0.0,"rgb(33,205,222)"
31.4,0.0,0.0,0.0,0.0,0.0,0.0,0.0,0.0,0.0,0.0,0.0,0.0,0.0,0.0,0.0,"rgb(28,199,227)"
32.0875,0.5,0.6,0.0,0.0,0.0,0.0,4.0,0.0,0.0,0.0,0.0,0.0,0.1,0.0,0.0,"rgb(17,183,238)"
30.328571428571426,3.0,0.7000000000000001,0.0,0.0,0.5,2.5,0.5,1.0,1.0,1.0,1.0,0.0,0.0,0.0,0.3,"rgb(20,180,235)"
32.6125,20.0,1.3,0.5,0.5,17.0,4.5,1.0,1.5,0.5,1.0,1.0,0.0,4.2,2.0,0.6,"rgb(37,190,218)"
30.757142857142863,6.5,4.5,1.0,0.0,22.5,13.0,21.5,4.5,10.5,32.0,4.5,0.0,3.7,2.5,0.1,"rgb(62,171,193)"
31.4875,8.5,0.1,6.5,0.5,8.5,19.0,6.5,0.5,0.0,3.5,0.2,0.0,2.0,0.5,0.0,"rgb(67,194,188)"
32.0,0.0,0.0,0.0,0.0,0.0,0.0,0.0,0.5,0.0,0.5,0.0,0.0,0.0,0.0,0.0,"rgb(52,228,203)"
32.614285714285714,0.0,0.0,0.0,0.0,0.0,0.0,0.0,0.0,0.0,0.0,0.0,0.0,0.0,0.0,2.2,"rgb(39,207,216)"
34.77777777777778,6.0,0.0,0.0,0.0,0.0,0.0,0.0,0.0,0.0,0.0,0.0,0.0,4.4,0.0,0.3,"rgb(33,200,222)"
36.5,7.5,18.3,0.0,0.0,15.0,41.5,10.5,15.0,10.5,27.0,4.9,0.0,11.599999999999998,8.5,1.5,"rgb(63,175,192)"
35.80000000000001,2.0,4.8,4.0,5.0,0.5,15.5,0.0,6.5,4.0,2.0,0.5,0.5,0.0,1.5,14.1,"rgb(56,204,199)"
35.0,26.5,13.0,5.5,13.5,14.5,8.5,2.5,46.5,4.5,64.0,15.0,3.0,9.2,6.0,4.6000000000000005,"rgb(63,156,192)"
35.82857142857143,1.0,10.3,0.5,0.5,3.0,0.0,4.0,6.5,5.5,5.0,0.4,0.0,3.5,0.5,1.1,"rgb(51,193,204)"
33.0,0.5,0.0,0.0,0.0,0.0,0.0,0.0,0.0,0.0,0.0,0.0,0.0,0.0,0.0,0.0,"rgb(35,204,220)"
35.32857142857143,5.0,0.0,0.0,0.0,26.0,13.5,8.5,0.0,0.0,0.0,0.0,0.0,1.9,0.0,0.0,"rgb(35,192,220)"
34.7375,21.5,18.5,1.0,23.5,38.5,24.0,18.0,11.5,13.0,34.5,60.5,78.0,11.0,10.5,42.7,"rgb(59,164,196)"
34.1875,0.0,1.6,5.0,11.0,0.0,0.0,0.0,5.0,0.5,11.5,8.0,0.5,0.0,0.0,0.0,"rgb(51,198,204)"
33.925,0.0,3.0,0.5,0.5,0.5,0.0,3.5,6.0,5.0,10.0,2.4,0.5,0.0,0.0,0.0,"rgb(51,194,204)"
34.2875,0.0,0.0,0.0,0.0,0.0,0.0,0.0,0.5,0.0,1.0,0.0,0.0,3.1000000000000005,1.0,0.0,"rgb(44,211,211)"
33.75,0.0,0.0,0.0,0.0,0.0,0.0,0.0,2.5,0.0,4.0,0.0,0.5,6.5,6.0,15.8,"rgb(42,213,213)"
36.0,3.0,0.0,0.0,3.0,0.0,0.0,0.0,0.0,0.0,38.0,0.0,1.0,8.0,58.0,191.0,"rgb(41,159,214)"
34.7125,0.0,0.0,0.0,0.0,0.0,0.0,0.0,0.0,0.0,0.0,0.0,0.0,7.0,4.5,5.5,"rgb(36,205,219)"
34.912499999999994,4.5,0.4,0.0,0.0,0.0,0.0,0.5,9.0,0.0,0.0,0.0,0.0,0.0,1.5,4.3,"rgb(35,200,220)"
33.21111111111111,0.5,0.1,0.0,0.0,0.0,0.0,0.0,0.0,0.0,0.0,0.0,0.0,0.0,3.5,0.5,"rgb(28,196,227)"
34.225,20.0,0.0,0.0,0.0,0.0,0.0,0.0,0.0,0.0,0.0,0.0,0.0,7.0,0.0,0.0,"rgb(29,181,226)"
36.06666666666667,52.0,33.4,0.0,0.0,194.5,88.5,91.0,39.0,8.5,38.0,10.0,0.0,25.4,13.5,0.0,"rgb(70,169,185)"
32.849999999999994,49.0,13.5,12.5,2.0,44.0,45.5,33.5,34.0,33.0,20.5,10.0,10.0,49.5,8.0,3.1000000000000005,"rgb(69,170,186)"
32.5,1.0,17.6,7.0,2.0,0.5,5.5,5.5,22.5,28.0,18.5,19.6,32.5,10.6,0.5,0.0,"rgb(35,146,220)"
33.7875,0.0,0.1,0.0,0.0,0.0,0.0,0.0,46.0,0.0,16.0,0.0,0.0,0.0,54.0,4.5,"rgb(35,164,220)"
33.45,14.0,0.2,0.0,0.0,12.0,7.5,7.0,3.0,0.0,1.5,0.0,0.0,5.4,1.0,0.0,"rgb(29,183,226)"
33.4875,0.5,3.8,9.0,9.0,4.0,1.5,1.5,8.5,5.5,9.0,13.0,21.0,0.6,3.5,11.3,"rgb(32,147,223)"
31.5125,9.0,73.8,83.0,32.0,47.0,18.0,15.5,78.5,66.0,111.5,55.5,64.0,10.1,15.0,26.2,"rgb(69,156,186)"
32.175,0.5,0.7999999999999999,58.5,183.5,0.0,0.0,4.0,0.0,2.5,6.0,0.0,17.0,0.0,0.5,0.0,"rgb(42,150,213)"
32.56666666666666,0.0,55.10000000000001,10.5,3.0,1.5,0.5,1.5,67.5,43.0,102.5,41.0,10.0,0.0,3.5,0.5,"rgb(66,154,189)"
31.0,36.0,59.8,33.0,24.5,43.5,35.5,68.0,46.0,46.5,49.5,50.6,8.0,1.1,8.5,5.3,"rgb(68,164,187)"
31.175,49.0,49.3,14.5,26.0,12.0,35.0,55.0,74.0,25.0,146.0,97.5,29.0,25.0,4.0,5.3,"rgb(66,156,189)"
31.08888888888889,50.5,10.4,6.0,30.5,35.5,46.5,43.0,9.5,2.0,35.5,2.5,13.5,10.0,3.0,0.0,"rgb(66,171,189)"
31.444444444444446,6.5,15.0,0.5,0.5,1.0,0.5,0.0,13.5,13.0,13.0,4.0,2.0,35.30000000000001,0.5,0.1,"rgb(32,173,223)"
30.885714285714283,2.5,0.0,0.0,0.0,0.0,3.0,5.5,0.0,0.0,2.5,0.0,0.0,14.8,44.5,4.2,"rgb(34,167,221)"
31.014285714285712,0.0,0.0,0.0,0.0,0.0,0.0,0.0,9.0,0.0,3.5,0.0,0.0,0.1,10.0,0.5,"rgb(22,171,233)"
29.45555555555555,0.0,0.0,0.0,0.0,0.0,0.0,0.0,0.5,0.0,40.5,2.1,0.0,0.0,0.0,0.1,"rgb(22,155,233)"
30.0,12.0,0.0,0.0,0.0,0.0,0.0,0.0,0.0,0.0,0.0,0.0,0.0,0.0,0.0,0.0,"rgb(25,176,230)"
28.33,0.0,0.0,3.0,0.0,0.0,0.0,0.0,0.0,0.0,0.0,0.0,0.0,0.0,6.0,0.0,"rgb(17,163,238)"
26.722222222222218,17.0,0.0,0.0,0.0,0.0,0.0,0.0,0.0,0.0,4.5,0.0,0.0,0.0,0.0,0.0,"rgb(24,174,231)"
24.76,0.0,0.0,0.0,0.0,0.0,0.0,0.0,0.0,0.0,0.5,0.0,0.0,0.0,9.0,0.0,"rgb(20,165,235)"
24.422222222222228,0.0,0.0,0.0,0.0,0.0,0.0,0.0,0.0,0.0,0.0,0.0,0.0,0.0,0.0,1.0,"rgb(15,160,240)"
22.73333333333333,0.0,0.0,0.0,0.0,0.0,0.0,0.0,0.0,0.0,0.0,0.0,0.0,0.0,0.0,0.0,"rgb(9,156,246)"
21.07,0.0,0.0,0.0,0.0,0.0,0.0,0.0,0.0,0.0,0.0,0.0,0.0,0.0,0.0,0.0,"rgb(6,154,249)"
27.5,0.0,0.0,0.0,0.0,0.0,0.0,0.0,0.0,0.0,0.5,0.0,0.0,0.1,0.5,0.0,"rgb(10,160,245)"
22.02222222222223,37.0,4.9,1.0,6.0,0.0,0.0,0.0,39.5,0.5,18.5,14.5,0.0,11.5,27.5,0.0,"rgb(57,140,198)"
20.88888888888889,5.5,1.2,0.0,0.0,5.5,0.5,1.5,3.0,0.5,1.0,0.0,0.0,11.2,9.5,8.5,"rgb(24,168,231)"
20.37777777777778,10.0,0.0,0.0,0.0,0.0,0.0,0.0,5.5,0.0,9.0,0.0,0.0,6.4,30.0,0.0,"rgb(31,167,224)"
21.11111111111111,19.5,0.0,0.0,0.0,0.0,0.0,0.0,0.0,0.0,14.0,0.0,0.0,0.0,0.5,0.0,"rgb(21,162,234)"
20.288888888888884,0.0,0.0,0.0,0.0,0.0,0.0,0.0,0.0,0.0,0.0,0.0,0.0,0.5,0.0,0.0,"rgb(1,154,254)"
19.855555555555554,12.0,2.3000000000000003,0.0,0.0,0.0,0.0,0.0,3.0,2.0,0.0,0.0,0.0,35.0,0.0,0.0,"rgb(0,155,255)"
21.7,19.5,14.4,32.5,6.0,2.5,32.0,23.5,10.0,23.0,0.0,0.5,0.5,0.5,0.5,0.0,"rgb(25,143,230)"
19.51111111111111,22.5,1.3,0.0,0.0,3.0,15.5,0.5,43.0,3.5,4.0,0.5,0.0,3.3000000000000003,10.0,0.0,"rgb(58,136,197)"
18.7625,14.0,17.8,3.0,0.0,21.0,25.0,49.5,34.0,32.5,16.5,1.0,12.0,7.0,1.0,37.2,"rgb(65,168,190)"
20.0,1.0,5.0,1.5,2.5,0.5,4.0,2.5,8.5,3.5,14.0,28.7,28.5,2.5,80.0,100.5,"rgb(41,159,214)"
17.01111111111111,0.0,0.1,26.0,0.0,0.0,0.5,0.0,2.0,0.0,15.0,1.0,6.0,0.0,13.0,12.7,"rgb(21,144,234)"
15.39,0.5,0.0,0.0,0.0,0.0,0.0,0.0,12.0,0.0,6.0,0.0,0.0,0.7000000000000001,0.0,0.0,"rgb(9,144,246)"
17.0,1.0,0.1,0.0,0.0,0.5,0.0,0.0,0.0,0.0,0.5,0.0,0.0,0.0,1.0,7.5,"rgb(4,152,251)"
15.409090909090908,0.0,0.0,0.0,0.0,0.0,0.0,0.0,16.5,0.0,23.0,0.0,0.0,0.0,0.0,1.6,"rgb(4,148,251)"
13.511111111111115,0.0,0.0,0.0,0.0,0.0,0.0,0.0,0.0,0.0,0.0,0.0,0.0,0.0,0.0,0.0,"rgb(1,152,254)"
13.477777777777776,0.0,0.0,0.0,0.0,0.0,0.0,0.0,14.5,0.0,0.0,0.0,0.0,0.0,0.0,0.0,"rgb(2,149,253)"
13.888888888888891,0.0,10.4,0.0,0.0,0.0,2.0,18.0,0.0,4.5,19.5,0.0,3.5,0.0,16.0,102.5,"rgb(41,158,214)"
14.5,0.0,0.0,0.5,4.5,0.0,0.0,0.0,0.0,0.0,0.0,0.0,51.0,0.0,0.0,48.5,"rgb(37,152,218)"
12.300000000000002,25.0,0.3,5.0,31.0,6.0,10.5,7.5,0.0,0.0,1.5,0.0,11.0,0.0,0.0,4.5,"rgb(29,156,226)"
16.0,25.5,2.7,76.5,13.0,0.0,0.0,0.5,2.0,5.0,12.0,27.0,8.5,0.0,0.0,0.0,"rgb(24,144,231)"
15.244444444444447,0.0,11.7,35.0,1.5,0.0,0.0,0.0,2.5,15.0,2.0,6.5,0.5,0.0,0.0,5.1000000000000005,"rgb(23,143,232)"
13.355555555555556,0.0,0.0,0.0,0.5,0.0,0.0,0.0,0.0,0.0,0.0,0.0,3.0,0.0,0.0,0.0,"rgb(9,148,246)"
13.122222222222224,0.0,0.0,0.0,0.0,0.0,0.0,0.0,0.0,0.0,0.0,0.0,0.0,0.0,0.0,0.0,"rgb(9,148,246)"
12.7125,0.0,0.0,0.0,0.0,0.0,0.0,0.0,0.0,0.0,0.0,0.0,0.0,0.0,0.0,0.0,"rgb(8,148,247)"
12.775000000000002,0.0,0.0,0.0,0.0,0.0,0.0,0.0,27.5,0.0,0.0,0.0,0.0,0.0,0.0,0.0,"rgb(56,132,199)"
12.92222222222222,0.0,0.0,0.0,0.0,0.0,0.0,0.0,0.5,0.0,0.0,0.0,0.0,0.0,0.0,0.1,"rgb(16,145,239)"
15.0,0.0,0.0,0.0,0.0,0.0,0.0,0.0,17.5,0.0,4.5,54.5,4.0,0.0,0.0,0.0,"rgb(43,135,212)"
14.37,5.0,2.3999999999999995,0.0,0.0,0.0,1.0,47.0,37.0,0.0,56.0,3.0,0.5,0.5,0.0,0.0,"rgb(60,144,195)"
13.5,0.0,0.4,0.0,0.0,0.0,0.0,0.0,39.5,0.0,16.0,4.0,0.0,0.0,0.0,0.0,"rgb(57,134,198)"
15.170000000000002,0.0,1.5,0.0,0.0,0.0,0.0,0.0,4.0,0.0,0.5,0.0,0.0,0.0,0.0,0.0,"rgb(13,146,242)"
13.555555555555555,2.0,1.3,0.0,3.5,0.0,0.0,0.0,83.5,0.0,14.5,0.0,1.0,0.0,0.0,0.0,"rgb(60,135,195)"
13.4,0.0,18.4,0.0,0.0,0.0,4.0,0.5,29.5,1.0,15.0,0.1,0.0,0.0,0.0,0.0,"rgb(56,133,199)"
13.91,4.0,8.099999999999998,0.0,0.0,1.0,0.0,0.0,65.5,14.5,7.0,1.5,0.0,0.0,0.0,0.0,"rgb(60,134,195)"
14.7,0.0,20.3,0.0,0.0,0.0,0.0,0.0,36.0,0.0,5.0,16.5,0.0,0.0,0.0,0.5,"rgb(58,133,197)"
13.911111111111113,0.0,9.5,50.0,24.0,0.0,15.0,0.0,86.0,2.5,23.5,1.5,2.5,0.0,0.0,16.400000000000002,"rgb(61,135,194)"
13.922222222222222,0.0,0.0,1.5,0.0,0.0,1.0,0.0,1.5,0.0,5.5,2.0,0.0,0.0,0.0,0.0,"rgb(17,143,238)"
13.955555555555556,0.0,0.0,0.0,0.0,0.0,0.0,0.0,0.5,0.0,0.0,0.0,0.0,0.0,0.0,0.0,"rgb(14,141,241)"
14.99,103.0,2.8999999999999995,0.0,0.0,13.5,10.5,5.5,0.5,1.0,35.5,0.2,0.0,42.5,0.0,0.0,"rgb(47,175,208)"
13.3,231.5,280.3,17.0,4.0,66.0,158.5,453.0,297.0,185.5,393.5,129.0,0.0,151.0,3.5,12.0,"rgb(68,158,187)"
14.6,0.0,0.7999999999999999,27.0,84.5,2.5,3.0,31.5,2.0,0.0,5.0,0.0,79.5,0.0,5.0,46.2,"rgb(42,150,213)"
14.160000000000002,0.0,0.0,0.0,2.0,0.0,0.0,0.0,0.0,0.0,0.0,0.0,0.0,0.0,0.0,1.0,"rgb(15,143,240)"
13.49,0.0,9.400000000000002,0.0,4.5,0.0,0.0,0.0,0.5,0.0,23.0,3.5,47.0,0.7000000000000001,43.0,33.0,"rgb(37,154,218)"
14.4,1.0,5.3,1.5,4.5,0.0,0.0,2.0,4.0,0.0,0.0,0.5,28.5,4.4,32.5,48.0,"rgb(38,156,217)"
14.511111111111115,0.5,0.0,0.0,0.0,0.0,0.0,0.0,0.0,0.0,0.5,10.0,24.0,0.6,0.0,7.799999999999999,"rgb(31,148,224)"
15.91111111111111,0.0,0.0,0.0,0.0,0.0,0.0,0.0,0.0,0.0,0.5,0.0,1.5,0.0,0.0,0.0,"rgb(13,145,242)"
16.61111111111111,0.0,2.1,0.0,0.0,0.0,0.0,0.0,0.0,0.0,0.0,0.0,1.5,0.0,0.0,7.399999999999999,"rgb(14,147,241)"
15.0,0.0,0.0,0.0,7.5,0.0,0.0,0.0,0.0,0.0,0.0,0.0,0.0,0.0,0.0,0.0,"rgb(15,142,240)"
17.7125,0.0,0.0,0.0,0.0,0.0,0.0,0.0,0.0,0.0,8.5,4.0,2.0,0.0,0.0,0.0,"rgb(19,150,236)"
17.688888888888886,0.0,14.599999999999998,0.0,0.0,0.0,4.5,0.0,48.5,3.5,5.5,62.39999999999999,1.5,0.0,0.0,0.0,"rgb(50,135,205)"
17.4,0.0,16.099999999999998,17.0,15.5,0.0,17.0,1.0,1.5,40.5,24.5,13.5,1.5,0.0,0.5,0.0,"rgb(25,144,230)"
18.6,0.5,3.2,0.0,15.0,0.0,15.5,15.0,8.0,1.5,9.0,7.0,26.0,0.5,0.0,0.0,"rgb(33,147,222)"
18.677777777777774,0.0,4.2,0.0,0.0,0.0,1.5,3.0,34.0,0.0,0.0,0.0,0.0,0.0,0.0,0.0,"rgb(56,133,199)"
19.3,0.0,0.0,0.0,16.5,0.0,0.5,0.0,26.0,0.0,1.5,0.0,0.0,0.0,1.0,0.0,"rgb(56,133,199)"
13.0,0.0,0.0,0.0,0.0,0.0,0.0,0.0,0.0,0.0,0.0,0.0,5.5,0.0,0.0,0.0,"rgb(15,143,240)"
20.2125,12.0,4.2,0.0,0.0,0.0,0.0,0.0,37.0,0.5,10.0,18.5,2.5,0.0,0.0,0.0,"rgb(57,136,198)"
20.33333333333333,0.0,12.2,0.5,4.0,0.0,1.0,0.0,30.0,6.5,8.0,1.5,10.0,0.0,0.0,0.0,"rgb(56,134,199)"
21.188888888888886,0.5,1.6999999999999995,0.5,2.5,1.5,0.0,1.0,0.5,1.0,4.0,2.5,36.0,2.2,11.0,16.7,"rgb(35,151,220)"
21.38888888888889,0.0,0.3,1.0,8.5,1.0,0.0,0.0,0.5,0.0,0.0,0.0,24.5,0.0,4.0,13.599999999999998,"rgb(32,149,223)"
21.566666666666666,0.0,0.0,0.0,0.0,0.0,0.0,0.0,23.0,0.0,0.0,10.0,0.0,0.0,0.0,0.0,"rgb(53,131,202)"
21.944444444444446,0.0,0.0,0.0,4.0,0.0,0.0,0.0,0.0,0.0,0.0,2.0,0.0,0.0,0.0,0.0,"rgb(17,158,238)"
22.0,0.0,0.0,0.0,0.0,0.0,0.0,0.0,0.0,0.0,0.0,0.0,0.0,0.0,0.0,0.0,"rgb(14,155,241)"
23.277777777777768,0.0,0.0,0.0,0.0,0.0,0.0,0.0,16.0,0.0,0.5,2.7,0.5,0.0,0.0,0.0,"rgb(51,133,204)"
22.47,0.0,0.0,0.5,0.0,0.0,0.0,0.0,0.5,0.0,12.0,0.5,0.0,0.0,0.0,0.0,"rgb(19,154,236)"
24.6,0.0,0.0,0.0,0.0,0.0,0.0,0.0,0.0,0.0,0.0,0.0,0.0,0.0,0.0,0.0,"rgb(16,158,239)"
23.288888888888888,0.0,0.0,0.0,0.0,0.0,0.0,0.0,31.5,0.0,6.5,0.0,0.0,0.0,0.0,0.0,"rgb(54,134,201)"
24.6,0.0,0.0,22.5,0.0,1.5,0.0,0.0,0.5,0.0,0.0,42.5,1.5,0.0,0.0,0.0,"rgb(39,137,216)"
24.87777777777778,0.0,0.0,0.0,0.0,0.0,0.0,0.0,0.0,0.0,0.0,0.0,0.5,0.0,0.0,0.2,"rgb(14,156,241)"
24.0,0.0,0.3,0.0,2.0,0.0,0.0,0.0,0.0,0.0,0.0,0.0,17.0,0.0,10.5,7.3,"rgb(29,150,226)"
23.75555555555556,0.0,0.0,0.5,8.5,0.0,0.0,5.5,0.0,0.0,0.0,0.0,89.0,0.0,6.0,35.1,"rgb(38,151,217)"
24.45555555555555,2.0,76.3,0.5,8.0,12.0,22.0,65.0,173.5,37.0,75.0,17.900000000000006,19.0,0.7000000000000001,16.0,8.9,"rgb(66,153,189)"
24.23333333333333,0.0,3.3000000000000003,3.5,42.5,1.0,0.0,0.0,13.0,2.0,7.5,0.1,26.0,26.5,0.5,0.0,"rgb(37,148,218)"
24.222222222222218,0.0,0.0,64.0,7.5,6.0,14.0,0.0,0.0,0.0,48.0,0.0,0.5,33.0,0.0,4.5,"rgb(21,144,234)"
24.16,18.5,1.3000000000000005,0.0,0.0,0.5,0.5,0.0,1.0,0.0,5.0,51.0,0.0,0.0,0.0,0.0,"rgb(41,135,214)"
25.844444444444452,0.0,0.0,0.0,0.0,0.0,0.0,0.0,0.0,0.0,4.0,0.0,0.5,0.0,0.0,0.0,"rgb(2,155,253)"
24.85,0.0,0.0,0.0,0.0,0.0,0.0,0.0,0.5,0.0,0.5,0.2,0.0,0.0,0.0,0.0,"rgb(1,153,254)"
25.6,63.5,2.1,16.5,19.5,256.5,72.5,68.5,4.0,4.0,6.0,21.5,0.5,24.800000000000004,6.0,4.2,"rgb(69,169,186)"
24.81,285.5,146.09999999999997,60.5,44.0,102.0,130.0,160.5,184.5,101.5,262.5,128.5,8.0,127.5,18.0,5.0,"rgb(69,158,186)"
23.0,2.0,3.9,44.0,69.0,12.5,20.0,2.0,2.0,2.5,12.0,22.8,83.0,0.0,0.0,17.0,"rgb(41,149,214)"
24.15,0.0,69.8,0.0,0.2,59.0,49.5,34.5,7.5,4.5,28.0,9.0,4.5,0.0,0.0,0.0,"rgb(64,173,191)"
24.11111111111111,0.0,0.0,0.5,0.0,0.0,0.0,0.0,0.0,0.0,3.0,7.0,0.0,0.0,0.0,0.0,"rgb(13,155,242)"
23.0,0.0,0.0,1.0,0.0,0.0,0.0,0.0,0.0,0.0,0.0,1.5,0.0,0.0,0.0,0.0,"rgb(8,154,247)"
24.766666666666666,0.0,0.0,0.0,0.0,0.0,0.0,0.0,0.0,0.0,0.0,0.0,2.0,0.0,0.0,0.7000000000000001,"rgb(6,156,249)"
25.39,3.0,0.0,21.0,28.5,0.0,0.0,0.0,1.5,0.0,1.5,108.5,32.0,10.900000000000002,3.5,2.8999999999999995,"rgb(41,136,214)"
25.12,50.5,151.90000000000003,206.5,293.0,164.0,117.0,158.5,217.5,138.5,311.5,426.0,144.0,12.8,2.5,20.5,"rgb(68,158,187)"
25.822222222222226,0.0,74.5,166.0,23.0,3.0,2.0,16.0,60.0,145.5,86.5,140.0,14.0,2.0,1.0,1.3,"rgb(71,154,184)"
25.63333333333333,159.0,99.79999999999998,131.5,182.5,16.5,68.5,107.5,71.0,125.0,97.0,116.5,92.0,70.0,9.0,26.300000000000004,"rgb(70,157,185)"
25.97777777777777,95.5,21.3,0.0,2.0,13.0,19.0,40.5,26.5,19.0,114.5,113.0,4.0,76.0,15.0,2.8999999999999995,"rgb(66,159,189)"
22.0,0.5,0.0,0.0,0.0,0.0,0.0,0.0,0.5,0.0,0.0,0.0,0.0,0.0,0.5,0.5,"rgb(14,178,241)"
26.966666666666665,0.0,0.0,0.0,0.0,0.0,0.0,0.0,0.0,0.0,0.0,0.0,0.0,0.0,0.5,2.0,"rgb(14,180,241)"
28.444444444444446,0.0,0.0,0.0,0.0,0.0,0.0,0.0,0.0,0.0,0.0,0.0,0.0,0.0,0.5,0.0,"rgb(18,185,237)"
28.855555555555558,0.0,0.0,0.0,0.0,0.0,0.0,0.0,0.0,0.0,0.5,0.0,0.0,0.0,0.0,0.0,"rgb(16,176,239)"
30.885714285714283,0.0,0.0,0.0,0.0,0.0,0.0,0.0,0.0,0.0,0.0,0.0,0.0,0.0,0.0,0.0,"rgb(16,171,239)"
30.04444444444445,0.0,0.0,0.0,0.0,0.0,0.0,0.0,0.0,0.0,0.0,0.0,0.0,0.0,0.0,0.0,"rgb(15,173,240)"
29.390000000000004,0.0,0.0,0.0,0.0,0.0,0.0,0.0,0.0,0.0,0.0,0.0,0.0,0.0,0.0,0.0,"rgb(15,173,240)"
23.0,0.0,0.0,0.0,0.0,0.0,0.0,0.0,0.0,0.0,0.5,0.0,0.0,0.0,0.0,0.0,"rgb(15,171,240)"
31.61111111111111,0.0,0.0,0.0,0.0,0.0,0.0,0.0,0.0,0.0,0.0,0.0,0.0,0.0,0.0,0.0,"rgb(16,168,239)"
31.200000000000006,0.0,0.0,0.0,4.0,0.0,0.0,0.0,0.5,0.0,1.0,0.0,10.5,0.0,0.0,0.0,"rgb(17,168,238)"
29.96,4.0,13.2,0.0,9.5,0.0,0.0,0.0,1.5,2.0,26.0,5.5,18.5,0.1,1.5,19.0,"rgb(28,153,227)"
31.466666666666665,0.0,0.0,0.0,0.0,0.0,0.0,0.0,2.0,0.0,24.0,4.5,10.5,0.9000000000000001,0.5,0.0,"rgb(23,154,232)"
31.555555555555557,0.0,0.0,0.0,0.0,0.0,0.0,0.0,0.0,0.0,8.0,0.0,0.5,0.0,4.5,0.5,"rgb(8,157,247)"
30.26,3.0,0.0,3.0,0.0,0.0,0.5,0.0,0.0,0.0,6.5,0.0,0.0,0.0,4.0,3.6000000000000005,"rgb(5,159,250)"
32.98333333333333,0.0,0.0,1.0,0.0,0.0,0.0,0.0,0.0,0.0,0.0,0.0,2.5,0.0,0.5,0.0,"rgb(15,184,240)"
31.88888888888889,0.0,0.0,0.5,0.0,0.0,0.0,0.0,0.0,0.0,0.0,0.7000000000000001,0.5,2.5,0.0,0.0,"rgb(17,185,238)"
31.6125,10.0,3.3999999999999995,0.0,0.0,0.5,0.0,2.0,6.5,1.5,0.0,0.0,5.5,30.1,32.5,8.0,"rgb(35,168,220)"
32.1375,36.5,0.0,0.0,0.5,0.0,0.0,0.0,1.0,1.0,5.0,0.5,0.5,49.8,27.0,10.7,"rgb(39,172,216)"
32.0,51.0,0.6,2.5,10.5,7.5,3.0,0.0,0.5,0.0,4.0,1.2,298.5,42.4,348.0,185.0,"rgb(42,158,213)"
32.237500000000004,101.0,5.5,11.5,35.0,3.0,2.0,1.5,5.5,2.0,8.5,6.5,85.5,20.1,197.5,31.5,"rgb(40,160,215)"
30.65,25.5,0.9,2.5,32.0,0.0,0.0,2.5,12.0,1.0,15.0,2.5,0.5,9.8,49.0,21.7,"rgb(35,165,220)"
32.06666666666667,0.5,0.0,0.0,0.0,0.0,0.0,0.0,9.5,5.5,4.5,0.0,0.0,0.0,0.0,0.0,"rgb(11,166,244)"
31.33333333333333,6.0,0.0,1.5,0.0,2.0,0.0,0.0,0.5,0.0,0.0,0.0,0.0,0.0,0.0,0.0,"rgb(18,185,237)"
32.34444444444444,4.5,0.0,0.0,0.0,0.5,0.0,0.0,0.0,0.0,0.0,0.0,0.0,0.4,0.0,0.0,"rgb(22,189,233)"
32.266666666666666,0.5,0.0,0.0,0.0,0.0,0.0,0.0,0.0,0.0,0.0,0.0,0.0,8.0,0.0,0.0,"rgb(20,188,235)"
31.922222222222228,0.5,0.0,0.0,0.0,0.0,0.0,0.0,0.0,0.0,0.0,0.5,0.0,1.8000000000000005,0.0,0.0,"rgb(15,181,240)"
31.612500000000004,0.0,0.0,0.0,0.0,0.0,0.0,0.0,0.0,0.0,0.0,0.0,0.0,0.0,0.0,2.5,"rgb(14,182,241)"
33.0,42.0,0.0,0.0,0.0,13.5,0.0,0.0,0.0,0.0,0.0,0.0,1.5,75.0,0.0,2.5,"rgb(84,205,171)"
29.22000000000001,3.5,0.0,0.0,0.0,0.0,0.0,0.0,0.0,0.0,0.0,0.0,2.0,0.0,18.0,1.5,"rgb(24,174,231)"
31.36666666666667,0.5,0.0,0.0,0.0,0.0,0.0,0.0,0.0,0.0,0.0,0.0,1.5,0.0,0.0,0.1,"rgb(21,189,234)"
31.211111111111112,7.0,0.0,0.0,0.0,0.0,0.0,0.0,0.0,0.0,0.0,0.0,0.0,0.0,0.0,0.0,"rgb(26,190,229)"
30.28,15.0,0.0,0.0,0.0,2.5,0.0,0.0,0.0,0.0,0.0,0.0,0.0,0.0,0.0,0.0,"rgb(31,186,224)"
32.833333333333336,145.0,0.0,0.0,0.0,1.0,42.5,20.5,0.0,0.0,0.0,0.0,0.0,26.4,0.0,0.0,"rgb(49,175,206)"
32.075,119.0,2.7,0.0,0.0,3.0,17.0,9.0,12.0,0.0,49.5,4.5,0.0,23.7,0.0,0.0,"rgb(48,173,207)"
26.95,15.0,0.0,0.0,0.0,0.0,2.0,1.0,1.0,0.0,0.5,0.0,0.0,1.2,9.5,0.1,"rgb(2,155,253)"
31.86666666666667,1.0,0.0,0.0,0.0,0.0,0.5,0.0,0.0,4.0,6.0,0.0,0.0,13.0,24.0,0.0,"rgb(30,169,225)"
32.58888888888889,21.0,0.0,0.0,0.0,0.5,0.0,0.0,0.0,0.0,0.0,0.0,9.5,4.3,0.5,0.0,"rgb(31,183,224)"
32.177777777777784,9.0,0.0,0.0,22.5,0.0,0.0,0.0,0.0,0.0,0.0,0.0,0.0,3.1000000000000005,0.0,0.0,"rgb(23,170,232)"
32.05555555555555,34.0,0.0,0.0,0.0,0.0,0.0,0.0,0.0,0.0,0.0,0.0,0.0,6.299999999999999,2.5,0.5,"rgb(34,184,221)"
29.3,23.5,0.0,0.0,0.0,0.0,0.0,0.0,0.0,0.0,0.0,0.0,7.5,44.2,35.5,0.2,"rgb(38,171,217)"
32.822222222222216,0.0,0.0,0.0,0.0,0.0,0.0,0.0,0.0,0.0,0.0,0.0,2.5,0.0,3.0,0.2,"rgb(21,189,234)"
33.0,0.0,0.0,0.0,0.0,0.0,0.0,0.0,0.0,0.0,7.5,0.0,0.0,0.5,5.5,0.0,"rgb(20,174,235)"
33.92222222222223,0.5,0.0,0.0,0.0,0.0,0.0,0.0,0.0,0.0,0.0,0.0,1.0,0.0,11.5,1.0,"rgb(23,188,232)"
32.39,3.0,0.0,0.0,0.0,0.0,0.0,0.0,0.0,0.0,0.0,0.0,2.5,8.599999999999998,4.0,0.0,"rgb(63,218,192)"
35.45555555555556,10.5,0.0,0.0,0.0,0.0,0.0,0.0,0.0,0.0,0.0,0.0,0.0,13.099999999999998,0.0,0.0,"rgb(64,214,191)"
35.14444444444445,2.5,0.0,0.0,0.0,0.0,0.0,0.0,0.0,0.0,0.0,0.0,1.0,7.0,0.0,1.2,"rgb(56,214,199)"
32.74444444444444,17.5,0.0,0.0,0.0,1.0,0.0,0.0,0.0,0.0,0.0,0.0,0.0,2.5,0.0,0.0,"rgb(43,199,212)"
36.0,9.5,0.0,0.0,0.0,0.0,0.0,0.0,0.0,0.0,0.0,0.0,0.0,3.8,2.5,0.0,"rgb(49,203,206)"
32.75454545454546,3.5,0.0,0.0,0.0,0.0,0.0,0.0,0.0,0.0,0.0,0.0,0.0,1.0,0.5,0.0,"rgb(53,206,202)"
35.97777777777778,23.0,0.0,0.0,0.0,0.0,1.0,0.0,0.0,0.0,0.0,0.0,0.5,1.2,0.0,0.0,"rgb(34,187,221)"
34.86666666666667,41.5,0.0,0.0,0.0,1.0,3.5,0.0,0.0,0.0,0.0,0.0,0.0,0.1,4.0,0.0,"rgb(37,186,218)"
36.111111111111114,0.0,0.0,0.0,0.5,0.0,0.0,0.0,0.0,0.0,0.0,0.0,0.0,0.0,0.5,0.1,"rgb(55,209,200)"
36.41111111111111,0.0,0.0,0.0,0.0,0.0,0.0,0.0,0.0,0.0,0.0,0.0,0.0,0.0,0.0,0.0,"rgb(64,223,191)"
36.288888888888884,0.0,0.0,0.0,0.0,0.0,0.0,0.0,0.0,0.0,0.0,0.0,0.0,0.0,0.0,0.0,"rgb(63,224,192)"
35.0,0.5,0.0,0.0,0.0,0.0,0.0,0.0,0.0,0.0,0.0,0.0,0.0,0.0,0.0,0.0,"rgb(58,226,197)"
34.01,0.5,0.0,0.0,0.0,0.0,0.0,0.0,0.0,0.0,0.0,0.0,0.0,0.0,0.0,0.0,"rgb(57,224,198)"
36.96666666666667,2.0,0.0,0.0,0.0,0.0,0.0,0.0,0.0,0.0,0.0,0.0,0.0,4.0,4.0,0.0,"rgb(53,219,202)"
37.944444444444436,6.5,0.0,0.0,0.0,0.0,0.0,0.0,0.0,0.0,0.0,0.0,0.0,19.2,5.5,1.1,"rgb(71,210,184)"
38.56666666666667,30.0,0.0,0.0,0.0,8.0,0.0,0.0,0.0,0.0,0.0,0.0,4.5,85.60000000000002,15.0,21.0,"rgb(86,207,169)"
39.1,1.0,1.0,0.0,3.0,1.5,1.0,1.5,1.0,1.5,2.5,1.3,42.5,2.6,103.0,98.5,"rgb(41,160,214)"
38.944444444444436,10.0,0.0,0.0,0.0,1.0,0.5,0.0,0.5,0.0,0.0,0.0,2.5,12.0,3.5,16.099999999999998,"rgb(43,212,212)"
36.44000000000001,9.0,0.0,0.0,0.0,0.0,0.0,0.0,0.0,0.0,0.0,0.0,0.0,64.20000000000002,0.5,0.0,"rgb(86,209,169)"
37.17,0.0,0.0,0.0,0.0,1.0,1.0,0.5,0.0,0.0,0.0,0.0,0.5,1.5,0.5,2.1000000000000005,"rgb(55,224,200)"
39.477777777777774,0.5,0.0,0.0,0.0,0.0,0.0,0.0,0.0,0.0,0.0,0.0,1.0,1.9,7.5,6.6000000000000005,"rgb(57,219,198)"
39.08888888888889,0.0,0.0,0.0,0.0,0.0,0.0,0.0,0.0,0.0,0.0,0.0,0.0,1.5,0.5,0.0,"rgb(50,219,205)"
39.12222222222223,0.5,0.0,0.0,0.0,0.0,0.0,0.0,0.0,0.0,0.0,0.0,3.0,0.0,5.5,15.400000000000002,"rgb(47,217,208)"
36.22,0.5,0.0,0.0,0.0,0.0,0.0,0.0,0.0,0.0,0.0,0.0,0.0,0.0,0.0,0.0,"rgb(53,220,202)"
40.0,7.5,0.0,0.0,0.0,0.0,0.0,0.0,0.0,0.0,0.0,0.0,0.0,23.9,3.0,0.1,"rgb(74,209,181)"
38.677777777777784,3.5,0.0,0.0,0.0,0.0,0.5,0.5,0.0,0.0,0.0,0.0,0.0,44.3,0.0,0.1,"rgb(82,209,173)"
37.611111111111114,11.0,0.6,0.0,0.0,6.0,0.5,0.0,2.0,0.0,1.5,0.0,0.0,29.0,0.0,0.0,"rgb(75,208,180)"
37.833333333333336,1.5,0.0,0.0,0.0,0.0,0.0,0.0,0.0,0.0,0.0,0.0,0.0,1.9,0.0,0.0,"rgb(57,216,198)"
38.91111111111111,4.0,0.0,0.0,0.0,0.0,0.0,0.0,0.0,0.0,0.0,0.0,0.0,0.2,1.0,0.0,"rgb(60,219,195)"
38.73333333333333,5.0,0.0,0.0,0.0,0.5,0.0,0.0,0.0,0.0,0.0,0.0,0.0,0.5,0.5,0.0,"rgb(60,223,195)"
39.57777777777777,0.0,0.0,0.0,0.0,0.0,0.0,0.0,0.0,0.0,0.0,0.0,0.0,0.0,0.0,0.0,"rgb(66,224,189)"
39.4875,0.0,0.0,0.0,0.0,0.0,0.0,0.0,0.0,0.0,0.0,0.0,0.0,0.0,0.0,0.0,"rgb(84,250,171)"
38.175,0.0,0.0,0.0,0.0,0.0,0.0,0.0,0.0,0.0,0.0,0.0,0.0,0.0,0.0,0.0,"rgb(67,242,188)"
36.66666666666667,0.0,0.0,0.0,0.0,0.0,0.0,0.0,0.0,0.0,0.0,0.0,0.0,1.2,0.0,0.0,"rgb(63,237,192)"
35.46666666666667,1.5,0.6,0.0,0.0,0.0,0.0,0.0,1.0,0.0,1.5,0.4,0.0,8.4,6.5,0.0,"rgb(65,237,190)"
34.96666666666667,0.0,0.0,0.0,0.0,0.0,0.0,0.0,0.0,0.0,0.0,0.0,0.0,0.0,0.0,0.0,"rgb(62,234,193)"
34.51111111111111,2.5,3.9,0.0,0.0,8.5,8.5,5.5,0.5,2.5,0.5,0.0,0.0,0.0,0.5,4.5,"rgb(45,205,210)"
38.0,12.5,15.4,5.5,14.0,22.5,25.5,21.5,7.5,12.0,8.0,8.5,5.0,2.9,5.5,44.5,"rgb(68,183,187)"
34.55454545454545,0.0,0.0,0.0,0.0,0.0,0.0,0.0,0.0,0.0,0.0,0.0,0.0,0.0,0.0,0.0,"rgb(68,228,187)"
35.944444444444436,1.0,0.0,0.0,0.0,2.0,0.0,0.0,0.0,0.0,0.0,0.0,0.0,0.0,0.0,0.0,"rgb(65,222,190)"
36.14444444444445,6.0,1.1,0.0,0.0,9.5,3.5,1.0,1.0,0.5,1.0,0.0,0.0,1.6,1.0,0.0,"rgb(95,241,160)"
36.52222222222222,0.0,0.0,0.0,0.0,0.0,0.0,0.0,0.0,0.0,0.0,0.0,0.0,0.0,0.5,0.0,"rgb(92,246,163)"
36.81111111111111,0.0,0.0,0.0,0.0,0.0,0.0,0.0,0.0,0.0,0.0,0.0,0.0,0.0,0.0,0.0,"rgb(81,249,174)"
36.95555555555556,0.0,0.0,0.0,0.0,0.0,0.0,0.0,0.0,0.0,0.0,0.0,0.0,0.0,0.0,0.0,"rgb(83,248,172)"
36.6,0.0,0.0,0.0,0.0,0.0,0.0,0.0,0.0,0.0,0.0,0.0,0.0,0.0,0.0,0.0,"rgb(82,247,173)"
37.47777777777778,0.0,0.0,0.0,0.0,0.0,0.0,0.0,0.0,0.0,0.0,0.0,0.0,0.0,0.0,0.0,"rgb(71,241,184)"
38.8,0.0,0.0,0.0,0.0,0.0,0.0,0.0,0.0,0.0,0.0,0.0,0.0,0.0,0.0,0.0,"rgb(72,236,183)"
38.01111111111111,2.0,0.0,0.0,0.0,0.0,0.0,0.0,0.0,0.0,0.0,0.0,0.0,0.3,0.0,0.0,"rgb(71,235,184)"
38.322222222222216,0.5,0.0,0.0,0.0,0.0,0.0,0.0,0.0,0.0,0.0,0.0,0.0,0.0,0.0,0.0,"rgb(68,231,187)"
38.78888888888889,0.0,0.0,0.0,0.0,0.0,0.0,0.0,0.0,0.0,0.0,0.0,0.0,1.4,0.0,0.1,"rgb(66,232,189)"
38.6,6.0,0.0,0.0,0.0,0.0,0.0,0.0,0.0,0.0,0.0,0.0,0.0,16.8,0.0,0.0,"rgb(68,215,187)"
42.0,1.0,0.4,0.0,0.0,0.5,1.0,0.5,0.0,0.0,0.0,0.0,0.0,3.8,1.0,0.0,"rgb(51,209,204)"
39.04444444444445,0.0,0.0,0.0,0.0,0.0,0.0,0.0,0.0,0.0,0.0,0.0,0.0,0.0,0.5,0.0,"rgb(74,230,181)"
39.07777777777777,0.0,0.0,0.0,0.0,0.0,0.0,0.0,1.0,0.0,1.5,0.0,0.0,0.0,2.0,0.2,"rgb(75,233,180)"
39.57777777777777,4.5,0.0,0.0,0.0,0.0,0.0,0.0,0.0,0.0,0.0,0.0,0.0,1.1,0.0,0.0,"rgb(72,232,183)"
39.52222222222222,3.0,0.5,0.0,0.0,0.0,0.0,0.5,0.0,1.0,0.0,0.0,0.0,2.1,1.0,1.0,"rgb(69,232,186)"
40.62222222222223,28.0,1.0,1.0,4.5,4.0,2.5,3.5,0.5,1.0,2.5,0.3,0.5,67.39999999999999,17.5,6.0,"rgb(88,209,167)"
41.54285714285713,52.5,5.5,0.5,0.0,41.5,26.0,25.5,3.0,4.0,1.5,1.0,0.0,108.5,20.5,9.4,"rgb(86,205,169)"
41.35,5.5,11.8,8.0,20.5,21.5,23.5,14.5,11.5,9.0,12.5,15.6,33.5,18.3,4.5,2.0,"rgb(64,179,191)"
40.58571428571429,64.0,38.4,8.5,15.5,58.0,68.0,53.5,46.5,40.5,31.5,25.0,74.0,30.800000000000004,27.0,20.3,"rgb(67,166,188)"
40.628571428571426,14.0,8.700000000000001,2.0,7.0,25.5,20.5,12.5,9.0,4.0,8.5,2.0,9.0,0.5,20.5,11.5,"rgb(69,185,186)"
39.4125,25.0,0.3,0.0,0.0,1.0,2.5,0.0,1.5,0.0,1.5,1.1,0.5,2.3000000000000003,1.0,0.1,"rgb(96,240,159)"
38.71250000000001,9.0,0.4,0.5,0.0,2.5,2.0,0.0,1.5,0.0,4.0,0.4,0.0,9.0,1.5,0.3,"rgb(92,243,163)"
37.63333333333333,14.0,0.7999999999999999,0.0,0.0,6.0,3.0,1.0,1.0,0.0,1.0,0.0,0.0,10.7,0.0,0.0,"rgb(94,241,161)"
39.27500000000001,3.0,0.0,0.0,0.0,0.0,0.0,0.0,0.0,0.0,0.0,0.0,0.0,2.5,0.0,0.0,"rgb(90,246,165)"
43.0,12.5,0.2,0.0,0.0,7.5,0.5,0.0,0.0,0.0,0.0,0.0,0.0,20.2,1.0,0.0,"rgb(90,235,165)"
39.63333333333333,17.0,0.7000000000000001,0.0,0.0,15.0,4.5,4.5,0.0,0.5,0.0,0.0,0.5,37.4,0.0,0.0,"rgb(90,216,165)"
39.211111111111116,16.5,0.4,0.0,0.5,8.0,3.0,1.5,1.5,0.0,2.5,0.3,0.0,42.5,1.0,0.1,"rgb(88,213,167)"
39.12222222222223,34.0,0.2,0.0,0.0,16.0,14.5,9.0,4.5,1.0,3.0,0.5,1.0,4.6000000000000005,5.0,0.0,"rgb(72,190,183)"
39.16666666666666,4.5,0.0,0.0,0.0,0.5,1.5,0.0,0.5,0.0,1.0,0.0,0.5,0.1,3.0,0.0,"rgb(93,245,162)"
39.344444444444434,2.0,0.0,0.0,0.0,0.0,0.0,0.0,0.0,0.0,0.0,0.0,0.0,0.4,0.0,0.0,"rgb(92,245,163)"
40.175,5.5,0.1,0.0,0.0,3.5,5.0,2.0,0.0,0.0,0.0,0.0,0.0,0.7999999999999999,0.0,0.0,"rgb(92,245,163)"
42.0,1.0,0.0,0.0,0.0,0.0,0.0,0.0,0.0,0.0,0.0,0.0,0.0,0.4,0.0,0.0,"rgb(79,247,176)"
40.125,0.0,0.0,0.0,0.0,0.0,0.0,0.0,0.0,0.0,0.0,0.0,0.0,0.0,0.0,0.0,"rgb(76,244,179)"
